"champ";"statut";"annee";"periode";"date du resultat";"ipe";libel;annee;mois;COUNT;PERCENT;noligne;nonval;count1;evol;per_comp;finess_comp;date_comp;temp_comp
"had";"dgf";"2022";"11";"2022/12/27 13:05:14";="020000022";Nombre de RAPSS transmis;2022;1;83;10.709677419;1;;79;5.0632911392;2022.11;X020000022;27DEC22;13:05:07
"had";"dgf";"2022";"11";"2022/12/27 13:05:14";="020000022";Nb de journées de présence;2022;1;845;;3;;936;-9.722222222;2022.11;X020000022;27DEC22;13:05:07
"had";"dgf";"2022";"11";"2022/12/27 13:05:14";="020000022";Nombre de RAPSS transmis;2022;2;86;11.096774194;1;;70;22.857142857;2022.11;X020000022;27DEC22;13:05:07
"had";"dgf";"2022";"11";"2022/12/27 13:05:14";="020000022";Nb de journées de présence;2022;2;759;;3;;956;-20.60669456;2022.11;X020000022;27DEC22;13:05:07
"had";"dgf";"2022";"11";"2022/12/27 13:05:14";="020000022";Nombre de RAPSS transmis;2022;3;64;8.2580645161;1;;77;-16.88311688;2022.11;X020000022;27DEC22;13:05:07
"had";"dgf";"2022";"11";"2022/12/27 13:05:14";="020000022";Nb de journées de présence;2022;3;929;;3;;1087;-14.53541858;2022.11;X020000022;27DEC22;13:05:07
"had";"dgf";"2022";"11";"2022/12/27 13:05:14";="020000022";Nombre de RAPSS transmis;2022;4;60;7.7419354839;1;;68;-11.76470588;2022.11;X020000022;27DEC22;13:05:07
"had";"dgf";"2022";"11";"2022/12/27 13:05:14";="020000022";Nb de journées de présence;2022;4;923;;3;;958;-3.653444676;2022.11;X020000022;27DEC22;13:05:07
"had";"dgf";"2022";"11";"2022/12/27 13:05:14";="020000022";Nombre de RAPSS transmis;2022;5;61;7.8709677419;1;;60;1.6666666667;2022.11;X020000022;27DEC22;13:05:07
"had";"dgf";"2022";"11";"2022/12/27 13:05:14";="020000022";Nb de journées de présence;2022;5;881;;3;;968;-8.987603306;2022.11;X020000022;27DEC22;13:05:07
"had";"dgf";"2022";"11";"2022/12/27 13:05:14";="020000022";Nombre de RAPSS transmis;2022;6;69;8.9032258065;1;;66;4.5454545455;2022.11;X020000022;27DEC22;13:05:07
"had";"dgf";"2022";"11";"2022/12/27 13:05:14";="020000022";Nb de journées de présence;2022;6;927;;3;;993;-6.64652568;2022.11;X020000022;27DEC22;13:05:07
"had";"dgf";"2022";"11";"2022/12/27 13:05:14";="020000022";Nombre de RAPSS transmis;2022;7;69;8.9032258065;1;;67;2.9850746269;2022.11;X020000022;27DEC22;13:05:07
"had";"dgf";"2022";"11";"2022/12/27 13:05:14";="020000022";Nb de journées de présence;2022;7;924;;3;;1013;-8.785784798;2022.11;X020000022;27DEC22;13:05:07
"had";"dgf";"2022";"11";"2022/12/27 13:05:14";="020000022";Nombre de RAPSS transmis;2022;8;64;8.2580645161;1;;69;-7.246376812;2022.11;X020000022;27DEC22;13:05:07
"had";"dgf";"2022";"11";"2022/12/27 13:05:14";="020000022";Nb de journées de présence;2022;8;905;;3;;934;-3.104925054;2022.11;X020000022;27DEC22;13:05:07
"had";"dgf";"2022";"11";"2022/12/27 13:05:14";="020000022";Nombre de RAPSS transmis;2022;9;67;8.6451612903;1;;57;17.543859649;2022.11;X020000022;27DEC22;13:05:07
"had";"dgf";"2022";"11";"2022/12/27 13:05:14";="020000022";Nb de journées de présence;2022;9;862;;3;;832;3.6057692308;2022.11;X020000022;27DEC22;13:05:07
"had";"dgf";"2022";"11";"2022/12/27 13:05:14";="020000022";Nombre de RAPSS transmis;2022;10;72;9.2903225806;1;;60;20;2022.11;X020000022;27DEC22;13:05:07
"had";"dgf";"2022";"11";"2022/12/27 13:05:14";="020000022";Nb de journées de présence;2022;10;980;;3;;835;17.365269461;2022.11;X020000022;27DEC22;13:05:07
"had";"dgf";"2022";"11";"2022/12/27 13:05:14";="020000022";Nombre de RAPSS transmis;2022;11;80;10.322580645;1;;54;48.148148148;2022.11;X020000022;27DEC22;13:05:07
"had";"dgf";"2022";"11";"2022/12/27 13:05:14";="020000022";Nb de journées de présence;2022;11;899;;3;;683;31.625183016;2022.11;X020000022;27DEC22;13:05:07
"had";"dgf";"2022";"11";"2022/12/30 15:37:20";="590048476";Nombre de RAPSS transmis;2022;1;200;10.298661174;1;;184;8.6956521739;2022.11;X590048476;30DEC22;15:37:12
"had";"dgf";"2022";"11";"2022/12/30 15:37:20";="590048476";Nb de journées de présence;2022;1;1698;;3;;1887;-10.01589825;2022.11;X590048476;30DEC22;15:37:12
"had";"dgf";"2022";"11";"2022/12/30 15:37:20";="590048476";Nombre de RAPSS transmis;2022;2;179;9.2173017508;1;;166;7.8313253012;2022.11;X590048476;30DEC22;15:37:12
"had";"dgf";"2022";"11";"2022/12/30 15:37:20";="590048476";Nb de journées de présence;2022;2;1608;;3;;1773;-9.306260575;2022.11;X590048476;30DEC22;15:37:12
"had";"dgf";"2022";"11";"2022/12/30 15:37:20";="590048476";Nombre de RAPSS transmis;2022;3;209;10.762100927;1;;193;8.2901554404;2022.11;X590048476;30DEC22;15:37:12
"had";"dgf";"2022";"11";"2022/12/30 15:37:20";="590048476";Nb de journées de présence;2022;3;1800;;3;;2138;-15.80916745;2022.11;X590048476;30DEC22;15:37:12
"had";"dgf";"2022";"11";"2022/12/30 15:37:20";="590048476";Nombre de RAPSS transmis;2022;4;199;10.247167868;1;;174;14.367816092;2022.11;X590048476;30DEC22;15:37:12
"had";"dgf";"2022";"11";"2022/12/30 15:37:20";="590048476";Nb de journées de présence;2022;4;1807;;3;;1883;-4.036112586;2022.11;X590048476;30DEC22;15:37:12
"had";"dgf";"2022";"11";"2022/12/30 15:37:20";="590048476";Nombre de RAPSS transmis;2022;5;181;9.3202883625;1;;177;2.2598870056;2022.11;X590048476;30DEC22;15:37:12
"had";"dgf";"2022";"11";"2022/12/30 15:37:20";="590048476";Nb de journées de présence;2022;5;1761;;3;;1832;-3.875545852;2022.11;X590048476;30DEC22;15:37:12
"had";"dgf";"2022";"11";"2022/12/30 15:37:20";="590048476";Nombre de RAPSS transmis;2022;6;177;9.114315139;1;;194;-8.762886598;2022.11;X590048476;30DEC22;15:37:12
"had";"dgf";"2022";"11";"2022/12/30 15:37:20";="590048476";Nb de journées de présence;2022;6;1623;;3;;1876;-13.48614072;2022.11;X590048476;30DEC22;15:37:12
"had";"dgf";"2022";"11";"2022/12/30 15:37:20";="590048476";Nombre de RAPSS transmis;2022;7;166;8.5478887745;1;;166;0;2022.11;X590048476;30DEC22;15:37:12
"had";"dgf";"2022";"11";"2022/12/30 15:37:20";="590048476";Nb de journées de présence;2022;7;1475;;3;;1771;-16.71372106;2022.11;X590048476;30DEC22;15:37:12
"had";"dgf";"2022";"11";"2022/12/30 15:37:20";="590048476";Nombre de RAPSS transmis;2022;8;172;8.8568486097;1;;177;-2.824858757;2022.11;X590048476;30DEC22;15:37:12
"had";"dgf";"2022";"11";"2022/12/30 15:37:20";="590048476";Nb de journées de présence;2022;8;1647;;3;;1915;-13.99477807;2022.11;X590048476;30DEC22;15:37:12
"had";"dgf";"2022";"11";"2022/12/30 15:37:20";="590048476";Nombre de RAPSS transmis;2022;9;164;8.4449021627;1;;202;-18.81188119;2022.11;X590048476;30DEC22;15:37:12
"had";"dgf";"2022";"11";"2022/12/30 15:37:20";="590048476";Nb de journées de présence;2022;9;1262;;3;;1840;-31.41304348;2022.11;X590048476;30DEC22;15:37:12
"had";"dgf";"2022";"11";"2022/12/30 15:37:20";="590048476";Nombre de RAPSS transmis;2022;10;144;7.4150360453;1;;201;-28.35820896;2022.11;X590048476;30DEC22;15:37:12
"had";"dgf";"2022";"11";"2022/12/30 15:37:20";="590048476";Nb de journées de présence;2022;10;1225;;3;;1774;-30.9470124;2022.11;X590048476;30DEC22;15:37:12
"had";"dgf";"2022";"11";"2022/12/30 15:37:20";="590048476";Nombre de RAPSS transmis;2022;11;151;7.7754891864;1;;174;-13.2183908;2022.11;X590048476;30DEC22;15:37:12
"had";"dgf";"2022";"11";"2022/12/30 15:37:20";="590048476";Nb de journées de présence;2022;11;1262;;3;;1809;-30.23770039;2022.11;X590048476;30DEC22;15:37:12
"had";"dgf";"2022";"11";"2022/12/30 11:03:08";="590780193";Nombre de RAPSS transmis;2022;1;297;9.3661305582;1;;246;20.731707317;2022.11;X590780193;30DEC22;11:03:01
"had";"dgf";"2022";"11";"2022/12/30 11:03:08";="590780193";Nb de journées de présence;2022;1;1721;;3;;2163;-20.4345816;2022.11;X590780193;30DEC22;11:03:01
"had";"dgf";"2022";"11";"2022/12/30 11:03:08";="590780193";Nombre de RAPSS transmis;2022;2;261;8.2308420057;1;;247;5.6680161943;2022.11;X590780193;30DEC22;11:03:01
"had";"dgf";"2022";"11";"2022/12/30 11:03:08";="590780193";Nb de journées de présence;2022;2;1582;;3;;1690;-6.390532544;2022.11;X590780193;30DEC22;11:03:01
"had";"dgf";"2022";"11";"2022/12/30 11:03:08";="590780193";Nombre de RAPSS transmis;2022;3;302;9.5238095238;1;;291;3.7800687285;2022.11;X590780193;30DEC22;11:03:01
"had";"dgf";"2022";"11";"2022/12/30 11:03:08";="590780193";Nb de journées de présence;2022;3;2175;;3;;2002;8.6413586414;2022.11;X590780193;30DEC22;11:03:01
"had";"dgf";"2022";"11";"2022/12/30 11:03:08";="590780193";Nombre de RAPSS transmis;2022;4;242;7.6316619363;1;;310;-21.93548387;2022.11;X590780193;30DEC22;11:03:01
"had";"dgf";"2022";"11";"2022/12/30 11:03:08";="590780193";Nb de journées de présence;2022;4;1805;;3;;2984;-39.51072386;2022.11;X590780193;30DEC22;11:03:01
"had";"dgf";"2022";"11";"2022/12/30 11:03:08";="590780193";Nombre de RAPSS transmis;2022;5;307;9.6814884894;1;;288;6.5972222222;2022.11;X590780193;30DEC22;11:03:01
"had";"dgf";"2022";"11";"2022/12/30 11:03:08";="590780193";Nb de journées de présence;2022;5;2054;;3;;2051;0.1462701121;2022.11;X590780193;30DEC22;11:03:01
"had";"dgf";"2022";"11";"2022/12/30 11:03:08";="590780193";Nombre de RAPSS transmis;2022;6;303;9.5553453169;1;;300;1;2022.11;X590780193;30DEC22;11:03:01
"had";"dgf";"2022";"11";"2022/12/30 11:03:08";="590780193";Nb de journées de présence;2022;6;1917;;3;;1932;-0.776397516;2022.11;X590780193;30DEC22;11:03:01
"had";"dgf";"2022";"11";"2022/12/30 11:03:08";="590780193";Nombre de RAPSS transmis;2022;7;238;7.5055187638;1;;313;-23.96166134;2022.11;X590780193;30DEC22;11:03:01
"had";"dgf";"2022";"11";"2022/12/30 11:03:08";="590780193";Nb de journées de présence;2022;7;1207;;3;;1925;-37.2987013;2022.11;X590780193;30DEC22;11:03:01
"had";"dgf";"2022";"11";"2022/12/30 11:03:08";="590780193";Nombre de RAPSS transmis;2022;8;309;9.7445600757;1;;283;9.1872791519;2022.11;X590780193;30DEC22;11:03:01
"had";"dgf";"2022";"11";"2022/12/30 11:03:08";="590780193";Nb de journées de présence;2022;8;2551;;3;;2106;21.130104463;2022.11;X590780193;30DEC22;11:03:01
"had";"dgf";"2022";"11";"2022/12/30 11:03:08";="590780193";Nombre de RAPSS transmis;2022;9;335;10.564490697;1;;313;7.0287539936;2022.11;X590780193;30DEC22;11:03:01
"had";"dgf";"2022";"11";"2022/12/30 11:03:08";="590780193";Nb de journées de présence;2022;9;2044;;3;;2070;-1.256038647;2022.11;X590780193;30DEC22;11:03:01
"had";"dgf";"2022";"11";"2022/12/30 11:03:08";="590780193";Nombre de RAPSS transmis;2022;10;269;8.4831283507;1;;301;-10.63122924;2022.11;X590780193;30DEC22;11:03:01
"had";"dgf";"2022";"11";"2022/12/30 11:03:08";="590780193";Nb RAPSS en erreur (*);2022;10;4;0.1261431725;2;1;;;2022.11;X590780193;30DEC22;11:03:01
"had";"dgf";"2022";"11";"2022/12/30 11:03:08";="590780193";Nb de journées de présence;2022;10;2142;;3;;2036;5.2062868369;2022.11;X590780193;30DEC22;11:03:01
"had";"dgf";"2022";"11";"2022/12/30 11:03:08";="590780193";Nombre de RAPSS transmis;2022;11;308;9.7130242826;1;;243;26.748971193;2022.11;X590780193;30DEC22;11:03:01
"had";"dgf";"2022";"11";"2022/12/30 11:03:08";="590780193";Nb RAPSS en erreur (*);2022;11;9;0.2838221381;2;1;;;2022.11;X590780193;30DEC22;11:03:01
"had";"dgf";"2022";"11";"2022/12/30 11:03:08";="590780193";Nb de journées de présence;2022;11;2275;;3;;1518;49.868247694;2022.11;X590780193;30DEC22;11:03:01
"had";"dgf";"2022";"11";"2022/12/29 12:11:08";="590782652";Nombre de RAPSS transmis;2022;1;163;8.5970464135;1;;163;0;2022.11;X590782652;29DEC22;12:11:02
"had";"dgf";"2022";"11";"2022/12/29 12:11:08";="590782652";Nb de journées de présence;2022;1;1273;;3;;1267;0.4735595896;2022.11;X590782652;29DEC22;12:11:02
"had";"dgf";"2022";"11";"2022/12/29 12:11:08";="590782652";Nombre de RAPSS transmis;2022;2;168;8.8607594937;1;;128;31.25;2022.11;X590782652;29DEC22;12:11:02
"had";"dgf";"2022";"11";"2022/12/29 12:11:08";="590782652";Nb de journées de présence;2022;2;1169;;3;;1108;5.5054151625;2022.11;X590782652;29DEC22;12:11:02
"had";"dgf";"2022";"11";"2022/12/29 12:11:08";="590782652";Nombre de RAPSS transmis;2022;3;194;10.232067511;1;;160;21.25;2022.11;X590782652;29DEC22;12:11:02
"had";"dgf";"2022";"11";"2022/12/29 12:11:08";="590782652";Nb de journées de présence;2022;3;1446;;3;;1212;19.306930693;2022.11;X590782652;29DEC22;12:11:02
"had";"dgf";"2022";"11";"2022/12/29 12:11:08";="590782652";Nombre de RAPSS transmis;2022;4;170;8.9662447257;1;;216;-21.2962963;2022.11;X590782652;29DEC22;12:11:02
"had";"dgf";"2022";"11";"2022/12/29 12:11:08";="590782652";Nb de journées de présence;2022;4;1540;;3;;1572;-2.03562341;2022.11;X590782652;29DEC22;12:11:02
"had";"dgf";"2022";"11";"2022/12/29 12:11:08";="590782652";Nombre de RAPSS transmis;2022;5;191;10.073839662;1;;174;9.7701149425;2022.11;X590782652;29DEC22;12:11:02
"had";"dgf";"2022";"11";"2022/12/29 12:11:08";="590782652";Nb de journées de présence;2022;5;1670;;3;;1399;19.370979271;2022.11;X590782652;29DEC22;12:11:02
"had";"dgf";"2022";"11";"2022/12/29 12:11:08";="590782652";Nombre de RAPSS transmis;2022;6;171;9.0189873418;1;;178;-3.93258427;2022.11;X590782652;29DEC22;12:11:02
"had";"dgf";"2022";"11";"2022/12/29 12:11:08";="590782652";Nb de journées de présence;2022;6;1492;;3;;1552;-3.865979381;2022.11;X590782652;29DEC22;12:11:02
"had";"dgf";"2022";"11";"2022/12/29 12:11:08";="590782652";Nombre de RAPSS transmis;2022;7;179;9.44092827;1;;159;12.578616352;2022.11;X590782652;29DEC22;12:11:02
"had";"dgf";"2022";"11";"2022/12/29 12:11:08";="590782652";Nb de journées de présence;2022;7;1516;;3;;1346;12.630014859;2022.11;X590782652;29DEC22;12:11:02
"had";"dgf";"2022";"11";"2022/12/29 12:11:08";="590782652";Nombre de RAPSS transmis;2022;8;171;9.0189873418;1;;146;17.123287671;2022.11;X590782652;29DEC22;12:11:02
"had";"dgf";"2022";"11";"2022/12/29 12:11:08";="590782652";Nb de journées de présence;2022;8;1431;;3;;1178;21.477079796;2022.11;X590782652;29DEC22;12:11:02
"had";"dgf";"2022";"11";"2022/12/29 12:11:08";="590782652";Nombre de RAPSS transmis;2022;9;185;9.7573839662;1;;178;3.9325842697;2022.11;X590782652;29DEC22;12:11:02
"had";"dgf";"2022";"11";"2022/12/29 12:11:08";="590782652";Nb de journées de présence;2022;9;1443;;3;;1388;3.9625360231;2022.11;X590782652;29DEC22;12:11:02
"had";"dgf";"2022";"11";"2022/12/29 12:11:08";="590782652";Nombre de RAPSS transmis;2022;10;161;8.4915611814;1;;195;-17.43589744;2022.11;X590782652;29DEC22;12:11:02
"had";"dgf";"2022";"11";"2022/12/29 12:11:08";="590782652";Nb de journées de présence;2022;10;1240;;3;;1467;-15.47375596;2022.11;X590782652;29DEC22;12:11:02
"had";"dgf";"2022";"11";"2022/12/29 12:11:08";="590782652";Nombre de RAPSS transmis;2022;11;143;7.5421940928;1;;199;-28.14070352;2022.11;X590782652;29DEC22;12:11:02
"had";"dgf";"2022";"11";"2022/12/29 12:11:08";="590782652";Nb de journées de présence;2022;11;1238;;3;;1488;-16.80107527;2022.11;X590782652;29DEC22;12:11:02
"had";"dgf";"2022";"11";"2022/12/22 15:00:21";="600100713";Nombre de RAPSS transmis;2022;1;62;10.726643599;1;;41;51.219512195;2022.11;X600100713;22DEC22;15:00:15
"had";"dgf";"2022";"11";"2022/12/22 15:00:21";="600100713";Nb de journées de présence;2022;1;514;;3;;351;46.438746439;2022.11;X600100713;22DEC22;15:00:15
"had";"dgf";"2022";"11";"2022/12/22 15:00:21";="600100713";Nombre de RAPSS transmis;2022;2;52;8.9965397924;1;;59;-11.86440678;2022.11;X600100713;22DEC22;15:00:15
"had";"dgf";"2022";"11";"2022/12/22 15:00:21";="600100713";Nb de journées de présence;2022;2;612;;3;;764;-19.89528796;2022.11;X600100713;22DEC22;15:00:15
"had";"dgf";"2022";"11";"2022/12/22 15:00:21";="600100713";Nombre de RAPSS transmis;2022;3;51;8.8235294118;1;;59;-13.55932203;2022.11;X600100713;22DEC22;15:00:15
"had";"dgf";"2022";"11";"2022/12/22 15:00:21";="600100713";Nb de journées de présence;2022;3;781;;3;;948;-17.61603376;2022.11;X600100713;22DEC22;15:00:15
"had";"dgf";"2022";"11";"2022/12/22 15:00:21";="600100713";Nombre de RAPSS transmis;2022;4;57;9.8615916955;1;;61;-6.557377049;2022.11;X600100713;22DEC22;15:00:15
"had";"dgf";"2022";"11";"2022/12/22 15:00:21";="600100713";Nb de journées de présence;2022;4;918;;3;;1176;-21.93877551;2022.11;X600100713;22DEC22;15:00:15
"had";"dgf";"2022";"11";"2022/12/22 15:00:21";="600100713";Nombre de RAPSS transmis;2022;5;52;8.9965397924;1;;65;-20;2022.11;X600100713;22DEC22;15:00:15
"had";"dgf";"2022";"11";"2022/12/22 15:00:21";="600100713";Nb de journées de présence;2022;5;820;;3;;1272;-35.53459119;2022.11;X600100713;22DEC22;15:00:15
"had";"dgf";"2022";"11";"2022/12/22 15:00:21";="600100713";Nombre de RAPSS transmis;2022;6;58;10.034602076;1;;56;3.5714285714;2022.11;X600100713;22DEC22;15:00:15
"had";"dgf";"2022";"11";"2022/12/22 15:00:21";="600100713";Nb de journées de présence;2022;6;1159;;3;;918;26.252723312;2022.11;X600100713;22DEC22;15:00:15
"had";"dgf";"2022";"11";"2022/12/22 15:00:21";="600100713";Nombre de RAPSS transmis;2022;7;48;8.3044982699;1;;42;14.285714286;2022.11;X600100713;22DEC22;15:00:15
"had";"dgf";"2022";"11";"2022/12/22 15:00:21";="600100713";Nb de journées de présence;2022;7;640;;3;;867;-26.1822376;2022.11;X600100713;22DEC22;15:00:15
"had";"dgf";"2022";"11";"2022/12/22 15:00:21";="600100713";Nombre de RAPSS transmis;2022;8;42;7.2664359862;1;;54;-22.22222222;2022.11;X600100713;22DEC22;15:00:15
"had";"dgf";"2022";"11";"2022/12/22 15:00:21";="600100713";Nb de journées de présence;2022;8;633;;3;;900;-29.66666667;2022.11;X600100713;22DEC22;15:00:15
"had";"dgf";"2022";"11";"2022/12/22 15:00:21";="600100713";Nombre de RAPSS transmis;2022;9;35;6.0553633218;1;;48;-27.08333333;2022.11;X600100713;22DEC22;15:00:15
"had";"dgf";"2022";"11";"2022/12/22 15:00:21";="600100713";Nb de journées de présence;2022;9;841;;3;;797;5.5207026349;2022.11;X600100713;22DEC22;15:00:15
"had";"dgf";"2022";"11";"2022/12/22 15:00:21";="600100713";Nombre de RAPSS transmis;2022;10;52;8.9965397924;1;;55;-5.454545455;2022.11;X600100713;22DEC22;15:00:15
"had";"dgf";"2022";"11";"2022/12/22 15:00:21";="600100713";Nb de journées de présence;2022;10;1053;;3;;1081;-2.590194265;2022.11;X600100713;22DEC22;15:00:15
"had";"dgf";"2022";"11";"2022/12/22 15:00:21";="600100713";Nombre de RAPSS transmis;2022;11;69;11.937716263;1;;43;60.465116279;2022.11;X600100713;22DEC22;15:00:15
"had";"dgf";"2022";"11";"2022/12/22 15:00:21";="600100713";Nb de journées de présence;2022;11;1801;;3;;682;164.07624633;2022.11;X600100713;22DEC22;15:00:15
"had";"dgf";"2022";"11";"2023/01/02 09:22:31";="600100721";Nombre de RAPSS transmis;2022;1;51;9.4095940959;1;;67;-23.88059701;2022.11;X600100721;02JAN23;9:22:25
"had";"dgf";"2022";"11";"2023/01/02 09:22:31";="600100721";Nb de journées de présence;2022;1;603;;3;;914;-34.02625821;2022.11;X600100721;02JAN23;9:22:25
"had";"dgf";"2022";"11";"2023/01/02 09:22:31";="600100721";Nombre de RAPSS transmis;2022;2;50;9.2250922509;1;;52;-3.846153846;2022.11;X600100721;02JAN23;9:22:25
"had";"dgf";"2022";"11";"2023/01/02 09:22:31";="600100721";Nb de journées de présence;2022;2;525;;3;;765;-31.37254902;2022.11;X600100721;02JAN23;9:22:25
"had";"dgf";"2022";"11";"2023/01/02 09:22:31";="600100721";Nombre de RAPSS transmis;2022;3;56;10.332103321;1;;52;7.6923076923;2022.11;X600100721;02JAN23;9:22:25
"had";"dgf";"2022";"11";"2023/01/02 09:22:31";="600100721";Nb de journées de présence;2022;3;708;;3;;743;-4.710632571;2022.11;X600100721;02JAN23;9:22:25
"had";"dgf";"2022";"11";"2023/01/02 09:22:31";="600100721";Nombre de RAPSS transmis;2022;4;53;9.778597786;1;;58;-8.620689655;2022.11;X600100721;02JAN23;9:22:25
"had";"dgf";"2022";"11";"2023/01/02 09:22:31";="600100721";Nb de journées de présence;2022;4;718;;3;;811;-11.46732429;2022.11;X600100721;02JAN23;9:22:25
"had";"dgf";"2022";"11";"2023/01/02 09:22:31";="600100721";Nombre de RAPSS transmis;2022;5;59;10.885608856;1;;51;15.68627451;2022.11;X600100721;02JAN23;9:22:25
"had";"dgf";"2022";"11";"2023/01/02 09:22:31";="600100721";Nb de journées de présence;2022;5;745;;3;;718;3.7604456825;2022.11;X600100721;02JAN23;9:22:25
"had";"dgf";"2022";"11";"2023/01/02 09:22:31";="600100721";Nombre de RAPSS transmis;2022;6;60;11.070110701;1;;47;27.659574468;2022.11;X600100721;02JAN23;9:22:25
"had";"dgf";"2022";"11";"2023/01/02 09:22:31";="600100721";Nb de journées de présence;2022;6;672;;3;;711;-5.485232068;2022.11;X600100721;02JAN23;9:22:25
"had";"dgf";"2022";"11";"2023/01/02 09:22:31";="600100721";Nombre de RAPSS transmis;2022;7;42;7.7490774908;1;;55;-23.63636364;2022.11;X600100721;02JAN23;9:22:25
"had";"dgf";"2022";"11";"2023/01/02 09:22:31";="600100721";Nb de journées de présence;2022;7;646;;3;;690;-6.376811594;2022.11;X600100721;02JAN23;9:22:25
"had";"dgf";"2022";"11";"2023/01/02 09:22:31";="600100721";Nombre de RAPSS transmis;2022;8;35;6.4575645756;1;;37;-5.405405405;2022.11;X600100721;02JAN23;9:22:25
"had";"dgf";"2022";"11";"2023/01/02 09:22:31";="600100721";Nb de journées de présence;2022;8;630;;3;;556;13.309352518;2022.11;X600100721;02JAN23;9:22:25
"had";"dgf";"2022";"11";"2023/01/02 09:22:31";="600100721";Nombre de RAPSS transmis;2022;9;49;9.0405904059;1;;42;16.666666667;2022.11;X600100721;02JAN23;9:22:25
"had";"dgf";"2022";"11";"2023/01/02 09:22:31";="600100721";Nb RAPSS en erreur (*);2022;9;1;0.184501845;2;1;;;2022.11;X600100721;02JAN23;9:22:25
"had";"dgf";"2022";"11";"2023/01/02 09:22:31";="600100721";Nb de journées de présence;2022;9;642;;3;;553;16.09403255;2022.11;X600100721;02JAN23;9:22:25
"had";"dgf";"2022";"11";"2023/01/02 09:22:31";="600100721";Nombre de RAPSS transmis;2022;10;39;7.1955719557;1;;38;2.6315789474;2022.11;X600100721;02JAN23;9:22:25
"had";"dgf";"2022";"11";"2023/01/02 09:22:31";="600100721";Nb RAPSS en erreur (*);2022;10;1;0.184501845;2;1;;;2022.11;X600100721;02JAN23;9:22:25
"had";"dgf";"2022";"11";"2023/01/02 09:22:31";="600100721";Nb de journées de présence;2022;10;590;;3;;640;-7.8125;2022.11;X600100721;02JAN23;9:22:25
"had";"dgf";"2022";"11";"2023/01/02 09:22:31";="600100721";Nombre de RAPSS transmis;2022;11;48;8.8560885609;1;;35;37.142857143;2022.11;X600100721;02JAN23;9:22:25
"had";"dgf";"2022";"11";"2023/01/02 09:22:31";="600100721";Nb RAPSS en erreur (*);2022;11;2;0.36900369;2;1;;;2022.11;X600100721;02JAN23;9:22:25
"had";"dgf";"2022";"11";"2023/01/02 09:22:31";="600100721";Nb de journées de présence;2022;11;558;;3;;558;0;2022.11;X600100721;02JAN23;9:22:25
"had";"dgf";"2022";"11";"2023/01/03 14:07:17";="800000028";Nombre de RAPSS transmis;2022;1;48;8.6956521739;1;;97;-50.51546392;2022.11;X800000028;03JAN23;14:07:11
"had";"dgf";"2022";"11";"2023/01/03 14:07:17";="800000028";Nb de journées de présence;2022;1;745;;3;;849;-12.24970554;2022.11;X800000028;03JAN23;14:07:11
"had";"dgf";"2022";"11";"2023/01/03 14:07:17";="800000028";Nombre de RAPSS transmis;2022;2;50;9.0579710145;1;;107;-53.27102804;2022.11;X800000028;03JAN23;14:07:11
"had";"dgf";"2022";"11";"2023/01/03 14:07:17";="800000028";Nb de journées de présence;2022;2;609;;3;;865;-29.59537572;2022.11;X800000028;03JAN23;14:07:11
"had";"dgf";"2022";"11";"2023/01/03 14:07:17";="800000028";Nombre de RAPSS transmis;2022;3;55;9.9637681159;1;;95;-42.10526316;2022.11;X800000028;03JAN23;14:07:11
"had";"dgf";"2022";"11";"2023/01/03 14:07:17";="800000028";Nb de journées de présence;2022;3;812;;3;;810;0.2469135802;2022.11;X800000028;03JAN23;14:07:11
"had";"dgf";"2022";"11";"2023/01/03 14:07:17";="800000028";Nombre de RAPSS transmis;2022;4;53;9.6014492754;1;;101;-47.52475248;2022.11;X800000028;03JAN23;14:07:11
"had";"dgf";"2022";"11";"2023/01/03 14:07:17";="800000028";Nb de journées de présence;2022;4;848;;3;;900;-5.777777778;2022.11;X800000028;03JAN23;14:07:11
"had";"dgf";"2022";"11";"2023/01/03 14:07:17";="800000028";Nombre de RAPSS transmis;2022;5;63;11.413043478;1;;99;-36.36363636;2022.11;X800000028;03JAN23;14:07:11
"had";"dgf";"2022";"11";"2023/01/03 14:07:17";="800000028";Nb de journées de présence;2022;5;804;;3;;830;-3.13253012;2022.11;X800000028;03JAN23;14:07:11
"had";"dgf";"2022";"11";"2023/01/03 14:07:17";="800000028";Nombre de RAPSS transmis;2022;6;47;8.5144927536;1;;89;-47.19101124;2022.11;X800000028;03JAN23;14:07:11
"had";"dgf";"2022";"11";"2023/01/03 14:07:17";="800000028";Nb de journées de présence;2022;6;691;;3;;775;-10.83870968;2022.11;X800000028;03JAN23;14:07:11
"had";"dgf";"2022";"11";"2023/01/03 14:07:17";="800000028";Nombre de RAPSS transmis;2022;7;44;7.9710144928;1;;84;-47.61904762;2022.11;X800000028;03JAN23;14:07:11
"had";"dgf";"2022";"11";"2023/01/03 14:07:17";="800000028";Nb de journées de présence;2022;7;791;;3;;705;12.19858156;2022.11;X800000028;03JAN23;14:07:11
"had";"dgf";"2022";"11";"2023/01/03 14:07:17";="800000028";Nombre de RAPSS transmis;2022;8;55;9.9637681159;1;;87;-36.7816092;2022.11;X800000028;03JAN23;14:07:11
"had";"dgf";"2022";"11";"2023/01/03 14:07:17";="800000028";Nb de journées de présence;2022;8;786;;3;;797;-1.380175659;2022.11;X800000028;03JAN23;14:07:11
"had";"dgf";"2022";"11";"2023/01/03 14:07:17";="800000028";Nombre de RAPSS transmis;2022;9;49;8.8768115942;1;;91;-46.15384615;2022.11;X800000028;03JAN23;14:07:11
"had";"dgf";"2022";"11";"2023/01/03 14:07:17";="800000028";Nb de journées de présence;2022;9;665;;3;;783;-15.07024266;2022.11;X800000028;03JAN23;14:07:11
"had";"dgf";"2022";"11";"2023/01/03 14:07:17";="800000028";Nombre de RAPSS transmis;2022;10;40;7.2463768116;1;;103;-61.16504854;2022.11;X800000028;03JAN23;14:07:11
"had";"dgf";"2022";"11";"2023/01/03 14:07:17";="800000028";Nb de journées de présence;2022;10;639;;3;;878;-27.22095672;2022.11;X800000028;03JAN23;14:07:11
"had";"dgf";"2022";"11";"2023/01/03 14:07:17";="800000028";Nombre de RAPSS transmis;2022;11;48;8.6956521739;1;;104;-53.84615385;2022.11;X800000028;03JAN23;14:07:11
"had";"dgf";"2022";"11";"2023/01/03 14:07:17";="800000028";Nb de journées de présence;2022;11;777;;3;;853;-8.909730363;2022.11;X800000028;03JAN23;14:07:11
"had";"dgf";"2022";"11";"2022/12/22 09:39:11";="800000036";Nombre de RAPSS transmis;2022;1;32;7.6923076923;1;;30;6.6666666667;2022.11;X800000036;22DEC22;9:39:05
"had";"dgf";"2022";"11";"2022/12/22 09:39:11";="800000036";Nb de journées de présence;2022;1;356;;3;;427;-16.62763466;2022.11;X800000036;22DEC22;9:39:05
"had";"dgf";"2022";"11";"2022/12/22 09:39:11";="800000036";Nombre de RAPSS transmis;2022;2;38;9.1346153846;1;;31;22.580645161;2022.11;X800000036;22DEC22;9:39:05
"had";"dgf";"2022";"11";"2022/12/22 09:39:11";="800000036";Nb de journées de présence;2022;2;378;;3;;390;-3.076923077;2022.11;X800000036;22DEC22;9:39:05
"had";"dgf";"2022";"11";"2022/12/22 09:39:11";="800000036";Nombre de RAPSS transmis;2022;3;31;7.4519230769;1;;45;-31.11111111;2022.11;X800000036;22DEC22;9:39:05
"had";"dgf";"2022";"11";"2022/12/22 09:39:11";="800000036";Nb de journées de présence;2022;3;381;;3;;508;-25;2022.11;X800000036;22DEC22;9:39:05
"had";"dgf";"2022";"11";"2022/12/22 09:39:11";="800000036";Nombre de RAPSS transmis;2022;4;53;12.740384615;1;;41;29.268292683;2022.11;X800000036;22DEC22;9:39:05
"had";"dgf";"2022";"11";"2022/12/22 09:39:11";="800000036";Nb de journées de présence;2022;4;516;;3;;447;15.436241611;2022.11;X800000036;22DEC22;9:39:05
"had";"dgf";"2022";"11";"2022/12/22 09:39:11";="800000036";Nombre de RAPSS transmis;2022;5;45;10.817307692;1;;27;66.666666667;2022.11;X800000036;22DEC22;9:39:05
"had";"dgf";"2022";"11";"2022/12/22 09:39:11";="800000036";Nb de journées de présence;2022;5;552;;3;;430;28.372093023;2022.11;X800000036;22DEC22;9:39:05
"had";"dgf";"2022";"11";"2022/12/22 09:39:11";="800000036";Nombre de RAPSS transmis;2022;6;33;7.9326923077;1;;20;65;2022.11;X800000036;22DEC22;9:39:05
"had";"dgf";"2022";"11";"2022/12/22 09:39:11";="800000036";Nb de journées de présence;2022;6;516;;3;;502;2.7888446215;2022.11;X800000036;22DEC22;9:39:05
"had";"dgf";"2022";"11";"2022/12/22 09:39:11";="800000036";Nombre de RAPSS transmis;2022;7;38;9.1346153846;1;;18;111.11111111;2022.11;X800000036;22DEC22;9:39:05
"had";"dgf";"2022";"11";"2022/12/22 09:39:11";="800000036";Nb de journées de présence;2022;7;497;;3;;401;23.940149626;2022.11;X800000036;22DEC22;9:39:05
"had";"dgf";"2022";"11";"2022/12/22 09:39:11";="800000036";Nombre de RAPSS transmis;2022;8;34;8.1730769231;1;;26;30.769230769;2022.11;X800000036;22DEC22;9:39:05
"had";"dgf";"2022";"11";"2022/12/22 09:39:11";="800000036";Nb de journées de présence;2022;8;474;;3;;479;-1.043841336;2022.11;X800000036;22DEC22;9:39:05
"had";"dgf";"2022";"11";"2022/12/22 09:39:11";="800000036";Nombre de RAPSS transmis;2022;9;40;9.6153846154;1;;26;53.846153846;2022.11;X800000036;22DEC22;9:39:05
"had";"dgf";"2022";"11";"2022/12/22 09:39:11";="800000036";Nb de journées de présence;2022;9;402;;3;;442;-9.049773756;2022.11;X800000036;22DEC22;9:39:05
"had";"dgf";"2022";"11";"2022/12/22 09:39:11";="800000036";Nombre de RAPSS transmis;2022;10;33;7.9326923077;1;;19;73.684210526;2022.11;X800000036;22DEC22;9:39:05
"had";"dgf";"2022";"11";"2022/12/22 09:39:11";="800000036";Nb de journées de présence;2022;10;370;;3;;375;-1.333333333;2022.11;X800000036;22DEC22;9:39:05
"had";"dgf";"2022";"11";"2022/12/22 09:39:11";="800000036";Nombre de RAPSS transmis;2022;11;39;9.375;1;;28;39.285714286;2022.11;X800000036;22DEC22;9:39:05
"had";"dgf";"2022";"11";"2022/12/22 09:39:11";="800000036";Nb de journées de présence;2022;11;409;;3;;437;-6.407322654;2022.11;X800000036;22DEC22;9:39:05
"had";"dgf";"2022";"11";"2022/12/22 12:54:15";="800000069";Nombre de RAPSS transmis;2022;1;64;9.0523338048;1;;72;-11.11111111;2022.11;X800000069;22DEC22;12:54:07
"had";"dgf";"2022";"11";"2022/12/22 12:54:15";="800000069";Nb de journées de présence;2022;1;873;;3;;969;-9.907120743;2022.11;X800000069;22DEC22;12:54:07
"had";"dgf";"2022";"11";"2022/12/22 12:54:15";="800000069";Nombre de RAPSS transmis;2022;2;55;7.7793493635;1;;64;-14.0625;2022.11;X800000069;22DEC22;12:54:07
"had";"dgf";"2022";"11";"2022/12/22 12:54:15";="800000069";Nb de journées de présence;2022;2;751;;3;;941;-20.19128587;2022.11;X800000069;22DEC22;12:54:07
"had";"dgf";"2022";"11";"2022/12/22 12:54:15";="800000069";Nombre de RAPSS transmis;2022;3;67;9.4766619519;1;;83;-19.27710843;2022.11;X800000069;22DEC22;12:54:07
"had";"dgf";"2022";"11";"2022/12/22 12:54:15";="800000069";Nb de journées de présence;2022;3;1013;;3;;1126;-10.03552398;2022.11;X800000069;22DEC22;12:54:07
"had";"dgf";"2022";"11";"2022/12/22 12:54:15";="800000069";Nombre de RAPSS transmis;2022;4;70;9.900990099;1;;88;-20.45454545;2022.11;X800000069;22DEC22;12:54:07
"had";"dgf";"2022";"11";"2022/12/22 12:54:15";="800000069";Nb de journées de présence;2022;4;938;;3;;1153;-18.64700781;2022.11;X800000069;22DEC22;12:54:07
"had";"dgf";"2022";"11";"2022/12/22 12:54:15";="800000069";Nombre de RAPSS transmis;2022;5;61;8.6280056577;1;;81;-24.69135802;2022.11;X800000069;22DEC22;12:54:07
"had";"dgf";"2022";"11";"2022/12/22 12:54:15";="800000069";Nb de journées de présence;2022;5;934;;3;;1134;-17.6366843;2022.11;X800000069;22DEC22;12:54:07
"had";"dgf";"2022";"11";"2022/12/22 12:54:15";="800000069";Nombre de RAPSS transmis;2022;6;67;9.4766619519;1;;70;-4.285714286;2022.11;X800000069;22DEC22;12:54:07
"had";"dgf";"2022";"11";"2022/12/22 12:54:15";="800000069";Nb de journées de présence;2022;6;827;;3;;946;-12.57928118;2022.11;X800000069;22DEC22;12:54:07
"had";"dgf";"2022";"11";"2022/12/22 12:54:15";="800000069";Nombre de RAPSS transmis;2022;7;70;9.900990099;1;;78;-10.25641026;2022.11;X800000069;22DEC22;12:54:07
"had";"dgf";"2022";"11";"2022/12/22 12:54:15";="800000069";Nb de journées de présence;2022;7;803;;3;;971;-17.30175077;2022.11;X800000069;22DEC22;12:54:07
"had";"dgf";"2022";"11";"2022/12/22 12:54:15";="800000069";Nombre de RAPSS transmis;2022;8;60;8.486562942;1;;72;-16.66666667;2022.11;X800000069;22DEC22;12:54:07
"had";"dgf";"2022";"11";"2022/12/22 12:54:15";="800000069";Nb de journées de présence;2022;8;832;;3;;967;-13.96070321;2022.11;X800000069;22DEC22;12:54:07
"had";"dgf";"2022";"11";"2022/12/22 12:54:15";="800000069";Nombre de RAPSS transmis;2022;9;62;8.7694483734;1;;53;16.981132075;2022.11;X800000069;22DEC22;12:54:07
"had";"dgf";"2022";"11";"2022/12/22 12:54:15";="800000069";Nb de journées de présence;2022;9;799;;3;;830;-3.734939759;2022.11;X800000069;22DEC22;12:54:07
"had";"dgf";"2022";"11";"2022/12/22 12:54:15";="800000069";Nombre de RAPSS transmis;2022;10;71;10.042432815;1;;70;1.4285714286;2022.11;X800000069;22DEC22;12:54:07
"had";"dgf";"2022";"11";"2022/12/22 12:54:15";="800000069";Nb RAPSS en erreur (*);2022;10;1;0.1414427157;2;1;;;2022.11;X800000069;22DEC22;12:54:07
"had";"dgf";"2022";"11";"2022/12/22 12:54:15";="800000069";Nb de journées de présence;2022;10;831;;3;;918;-9.477124183;2022.11;X800000069;22DEC22;12:54:07
"had";"dgf";"2022";"11";"2022/12/22 12:54:15";="800000069";Nombre de RAPSS transmis;2022;11;60;8.486562942;1;;59;1.6949152542;2022.11;X800000069;22DEC22;12:54:07
"had";"dgf";"2022";"11";"2022/12/22 12:54:15";="800000069";Nb de journées de présence;2022;11;722;;3;;858;-15.85081585;2022.11;X800000069;22DEC22;12:54:07
"had";"dgf";"2022";"11";"2022/12/26 10:01:30";="800000077";Nombre de RAPSS transmis;2022;1;22;10.091743119;1;;16;37.5;2022.11;X800000077;26DEC22;10:01:24
"had";"dgf";"2022";"11";"2022/12/26 10:01:30";="800000077";Nb de journées de présence;2022;1;369;;3;;283;30.38869258;2022.11;X800000077;26DEC22;10:01:24
"had";"dgf";"2022";"11";"2022/12/26 10:01:30";="800000077";Nombre de RAPSS transmis;2022;2;23;10.550458716;1;;21;9.5238095238;2022.11;X800000077;26DEC22;10:01:24
"had";"dgf";"2022";"11";"2022/12/26 10:01:30";="800000077";Nb de journées de présence;2022;2;398;;3;;336;18.452380952;2022.11;X800000077;26DEC22;10:01:24
"had";"dgf";"2022";"11";"2022/12/26 10:01:30";="800000077";Nombre de RAPSS transmis;2022;3;23;10.550458716;1;;27;-14.81481481;2022.11;X800000077;26DEC22;10:01:24
"had";"dgf";"2022";"11";"2022/12/26 10:01:30";="800000077";Nb de journées de présence;2022;3;448;;3;;332;34.939759036;2022.11;X800000077;26DEC22;10:01:24
"had";"dgf";"2022";"11";"2022/12/26 10:01:30";="800000077";Nombre de RAPSS transmis;2022;4;23;10.550458716;1;;23;0;2022.11;X800000077;26DEC22;10:01:24
"had";"dgf";"2022";"11";"2022/12/26 10:01:30";="800000077";Nb de journées de présence;2022;4;431;;3;;293;47.098976109;2022.11;X800000077;26DEC22;10:01:24
"had";"dgf";"2022";"11";"2022/12/26 10:01:30";="800000077";Nombre de RAPSS transmis;2022;5;24;11.009174312;1;;19;26.315789474;2022.11;X800000077;26DEC22;10:01:24
"had";"dgf";"2022";"11";"2022/12/26 10:01:30";="800000077";Nb de journées de présence;2022;5;394;;3;;328;20.12195122;2022.11;X800000077;26DEC22;10:01:24
"had";"dgf";"2022";"11";"2022/12/26 10:01:30";="800000077";Nombre de RAPSS transmis;2022;6;24;11.009174312;1;;20;20;2022.11;X800000077;26DEC22;10:01:24
"had";"dgf";"2022";"11";"2022/12/26 10:01:30";="800000077";Nb de journées de présence;2022;6;326;;3;;372;-12.3655914;2022.11;X800000077;26DEC22;10:01:24
"had";"dgf";"2022";"11";"2022/12/26 10:01:30";="800000077";Nombre de RAPSS transmis;2022;7;11;5.0458715596;1;;29;-62.06896552;2022.11;X800000077;26DEC22;10:01:24
"had";"dgf";"2022";"11";"2022/12/26 10:01:30";="800000077";Nb de journées de présence;2022;7;197;;3;;300;-34.33333333;2022.11;X800000077;26DEC22;10:01:24
"had";"dgf";"2022";"11";"2022/12/26 10:01:30";="800000077";Nombre de RAPSS transmis;2022;8;14;6.4220183486;1;;23;-39.13043478;2022.11;X800000077;26DEC22;10:01:24
"had";"dgf";"2022";"11";"2022/12/26 10:01:30";="800000077";Nb de journées de présence;2022;8;213;;3;;387;-44.96124031;2022.11;X800000077;26DEC22;10:01:24
"had";"dgf";"2022";"11";"2022/12/26 10:01:30";="800000077";Nombre de RAPSS transmis;2022;9;22;10.091743119;1;;20;10;2022.11;X800000077;26DEC22;10:01:24
"had";"dgf";"2022";"11";"2022/12/26 10:01:30";="800000077";Nb de journées de présence;2022;9;263;;3;;236;11.440677966;2022.11;X800000077;26DEC22;10:01:24
"had";"dgf";"2022";"11";"2022/12/26 10:01:30";="800000077";Nombre de RAPSS transmis;2022;10;20;9.1743119266;1;;15;33.333333333;2022.11;X800000077;26DEC22;10:01:24
"had";"dgf";"2022";"11";"2022/12/26 10:01:30";="800000077";Nb de journées de présence;2022;10;326;;3;;229;42.358078603;2022.11;X800000077;26DEC22;10:01:24
"had";"dgf";"2022";"11";"2022/12/26 10:01:30";="800000077";Nombre de RAPSS transmis;2022;11;12;5.504587156;1;;15;-20;2022.11;X800000077;26DEC22;10:01:24
"had";"dgf";"2022";"11";"2022/12/26 10:01:30";="800000077";Nb de journées de présence;2022;11;216;;3;;189;14.285714286;2022.11;X800000077;26DEC22;10:01:24
"had";"dgf";"2022";"11";"2022/12/28 15:59:21";="800000085";Nombre de RAPSS transmis;2022;1;48;10.549450549;1;;49;-2.040816327;2022.11;X800000085;28DEC22;15:59:16
"had";"dgf";"2022";"11";"2022/12/28 15:59:21";="800000085";Nb de journées de présence;2022;1;692;;3;;599;15.525876461;2022.11;X800000085;28DEC22;15:59:16
"had";"dgf";"2022";"11";"2022/12/28 15:59:21";="800000085";Nombre de RAPSS transmis;2022;2;51;11.208791209;1;;53;-3.773584906;2022.11;X800000085;28DEC22;15:59:16
"had";"dgf";"2022";"11";"2022/12/28 15:59:21";="800000085";Nb de journées de présence;2022;2;695;;3;;696;-0.143678161;2022.11;X800000085;28DEC22;15:59:16
"had";"dgf";"2022";"11";"2022/12/28 15:59:21";="800000085";Nombre de RAPSS transmis;2022;3;34;7.4725274725;1;;44;-22.72727273;2022.11;X800000085;28DEC22;15:59:16
"had";"dgf";"2022";"11";"2022/12/28 15:59:21";="800000085";Nb de journées de présence;2022;3;616;;3;;721;-14.5631068;2022.11;X800000085;28DEC22;15:59:16
"had";"dgf";"2022";"11";"2022/12/28 15:59:21";="800000085";Nombre de RAPSS transmis;2022;4;32;7.032967033;1;;44;-27.27272727;2022.11;X800000085;28DEC22;15:59:16
"had";"dgf";"2022";"11";"2022/12/28 15:59:21";="800000085";Nb de journées de présence;2022;4;463;;3;;656;-29.42073171;2022.11;X800000085;28DEC22;15:59:16
"had";"dgf";"2022";"11";"2022/12/28 15:59:21";="800000085";Nombre de RAPSS transmis;2022;5;44;9.6703296703;1;;45;-2.222222222;2022.11;X800000085;28DEC22;15:59:16
"had";"dgf";"2022";"11";"2022/12/28 15:59:21";="800000085";Nb de journées de présence;2022;5;568;;3;;657;-13.54642314;2022.11;X800000085;28DEC22;15:59:16
"had";"dgf";"2022";"11";"2022/12/28 15:59:21";="800000085";Nombre de RAPSS transmis;2022;6;37;8.1318681319;1;;38;-2.631578947;2022.11;X800000085;28DEC22;15:59:16
"had";"dgf";"2022";"11";"2022/12/28 15:59:21";="800000085";Nb de journées de présence;2022;6;500;;3;;554;-9.747292419;2022.11;X800000085;28DEC22;15:59:16
"had";"dgf";"2022";"11";"2022/12/28 15:59:21";="800000085";Nombre de RAPSS transmis;2022;7;30;6.5934065934;1;;44;-31.81818182;2022.11;X800000085;28DEC22;15:59:16
"had";"dgf";"2022";"11";"2022/12/28 15:59:21";="800000085";Nb de journées de présence;2022;7;470;;3;;651;-27.80337942;2022.11;X800000085;28DEC22;15:59:16
"had";"dgf";"2022";"11";"2022/12/28 15:59:21";="800000085";Nombre de RAPSS transmis;2022;8;43;9.4505494505;1;;40;7.5;2022.11;X800000085;28DEC22;15:59:16
"had";"dgf";"2022";"11";"2022/12/28 15:59:21";="800000085";Nb de journées de présence;2022;8;694;;3;;598;16.053511706;2022.11;X800000085;28DEC22;15:59:16
"had";"dgf";"2022";"11";"2022/12/28 15:59:21";="800000085";Nombre de RAPSS transmis;2022;9;45;9.8901098901;1;;32;40.625;2022.11;X800000085;28DEC22;15:59:16
"had";"dgf";"2022";"11";"2022/12/28 15:59:21";="800000085";Nb de journées de présence;2022;9;620;;3;;543;14.180478821;2022.11;X800000085;28DEC22;15:59:16
"had";"dgf";"2022";"11";"2022/12/28 15:59:21";="800000085";Nombre de RAPSS transmis;2022;10;45;9.8901098901;1;;36;25;2022.11;X800000085;28DEC22;15:59:16
"had";"dgf";"2022";"11";"2022/12/28 15:59:21";="800000085";Nb de journées de présence;2022;10;636;;3;;580;9.6551724138;2022.11;X800000085;28DEC22;15:59:16
"had";"dgf";"2022";"11";"2022/12/28 15:59:21";="800000085";Nombre de RAPSS transmis;2022;11;46;10.10989011;1;;37;24.324324324;2022.11;X800000085;28DEC22;15:59:16
"had";"dgf";"2022";"11";"2022/12/28 15:59:21";="800000085";Nb de journées de présence;2022;11;558;;3;;606;-7.920792079;2022.11;X800000085;28DEC22;15:59:16
"had";"dgf";"2022";"11";"2022/12/27 14:51:17";="800000093";Nombre de RAPSS transmis;2022;1;35;7.9908675799;1;;71;-50.70422535;2022.11;X800000093;27DEC22;14:51:09
"had";"dgf";"2022";"11";"2022/12/27 14:51:17";="800000093";Nb de journées de présence;2022;1;426;;3;;831;-48.73646209;2022.11;X800000093;27DEC22;14:51:09
"had";"dgf";"2022";"11";"2022/12/27 14:51:17";="800000093";Nombre de RAPSS transmis;2022;2;36;8.2191780822;1;;39;-7.692307692;2022.11;X800000093;27DEC22;14:51:09
"had";"dgf";"2022";"11";"2022/12/27 14:51:17";="800000093";Nb de journées de présence;2022;2;398;;3;;474;-16.03375527;2022.11;X800000093;27DEC22;14:51:09
"had";"dgf";"2022";"11";"2022/12/27 14:51:17";="800000093";Nombre de RAPSS transmis;2022;3;36;8.2191780822;1;;48;-25;2022.11;X800000093;27DEC22;14:51:09
"had";"dgf";"2022";"11";"2022/12/27 14:51:17";="800000093";Nb de journées de présence;2022;3;555;;3;;553;0.3616636528;2022.11;X800000093;27DEC22;14:51:09
"had";"dgf";"2022";"11";"2022/12/27 14:51:17";="800000093";Nombre de RAPSS transmis;2022;4;44;10.0456621;1;;37;18.918918919;2022.11;X800000093;27DEC22;14:51:09
"had";"dgf";"2022";"11";"2022/12/27 14:51:17";="800000093";Nb de journées de présence;2022;4;605;;3;;617;-1.944894652;2022.11;X800000093;27DEC22;14:51:09
"had";"dgf";"2022";"11";"2022/12/27 14:51:17";="800000093";Nombre de RAPSS transmis;2022;5;30;6.8493150685;1;;43;-30.23255814;2022.11;X800000093;27DEC22;14:51:09
"had";"dgf";"2022";"11";"2022/12/27 14:51:17";="800000093";Nb de journées de présence;2022;5;434;;3;;641;-32.29329173;2022.11;X800000093;27DEC22;14:51:09
"had";"dgf";"2022";"11";"2022/12/27 14:51:17";="800000093";Nombre de RAPSS transmis;2022;6;35;7.9908675799;1;;40;-12.5;2022.11;X800000093;27DEC22;14:51:09
"had";"dgf";"2022";"11";"2022/12/27 14:51:17";="800000093";Nb de journées de présence;2022;6;379;;3;;525;-27.80952381;2022.11;X800000093;27DEC22;14:51:09
"had";"dgf";"2022";"11";"2022/12/27 14:51:17";="800000093";Nombre de RAPSS transmis;2022;7;49;11.187214612;1;;31;58.064516129;2022.11;X800000093;27DEC22;14:51:09
"had";"dgf";"2022";"11";"2022/12/27 14:51:17";="800000093";Nb de journées de présence;2022;7;572;;3;;393;45.547073791;2022.11;X800000093;27DEC22;14:51:09
"had";"dgf";"2022";"11";"2022/12/27 14:51:17";="800000093";Nombre de RAPSS transmis;2022;8;42;9.5890410959;1;;27;55.555555556;2022.11;X800000093;27DEC22;14:51:09
"had";"dgf";"2022";"11";"2022/12/27 14:51:17";="800000093";Nb de journées de présence;2022;8;469;;3;;291;61.16838488;2022.11;X800000093;27DEC22;14:51:09
"had";"dgf";"2022";"11";"2022/12/27 14:51:17";="800000093";Nombre de RAPSS transmis;2022;9;40;9.1324200913;1;;42;-4.761904762;2022.11;X800000093;27DEC22;14:51:09
"had";"dgf";"2022";"11";"2022/12/27 14:51:17";="800000093";Nb de journées de présence;2022;9;468;;3;;513;-8.771929825;2022.11;X800000093;27DEC22;14:51:09
"had";"dgf";"2022";"11";"2022/12/27 14:51:17";="800000093";Nombre de RAPSS transmis;2022;10;48;10.95890411;1;;32;50;2022.11;X800000093;27DEC22;14:51:09
"had";"dgf";"2022";"11";"2022/12/27 14:51:17";="800000093";Nb de journées de présence;2022;10;603;;3;;518;16.409266409;2022.11;X800000093;27DEC22;14:51:09
"had";"dgf";"2022";"11";"2022/12/27 14:51:17";="800000093";Nombre de RAPSS transmis;2022;11;43;9.8173515982;1;;33;30.303030303;2022.11;X800000093;27DEC22;14:51:09
"had";"dgf";"2022";"11";"2022/12/27 14:51:17";="800000093";Nb de journées de présence;2022;11;572;;3;;525;8.9523809524;2022.11;X800000093;27DEC22;14:51:09
"had";"dgf";"2022";"11";"2022/12/22 10:53:10";="800000523";Nombre de RAPSS transmis;2022;1;411;8.4031895318;1;;478;-14.0167364;2022.11;X800000523;22DEC22;10:53:02
"had";"dgf";"2022";"11";"2022/12/22 10:53:10";="800000523";Nb de journées de présence;2022;1;8631;;3;;9024;-4.355053191;2022.11;X800000523;22DEC22;10:53:02
"had";"dgf";"2022";"11";"2022/12/22 10:53:10";="800000523";Nombre de RAPSS transmis;2022;2;416;8.5054181149;1;;432;-3.703703704;2022.11;X800000523;22DEC22;10:53:02
"had";"dgf";"2022";"11";"2022/12/22 10:53:10";="800000523";Nb de journées de présence;2022;2;7758;;3;;7815;-0.729366603;2022.11;X800000523;22DEC22;10:53:02
"had";"dgf";"2022";"11";"2022/12/22 10:53:10";="800000523";Nombre de RAPSS transmis;2022;3;447;9.1392353302;1;;402;11.194029851;2022.11;X800000523;22DEC22;10:53:02
"had";"dgf";"2022";"11";"2022/12/22 10:53:10";="800000523";Nb de journées de présence;2022;3;8434;;3;;8520;-1.009389671;2022.11;X800000523;22DEC22;10:53:02
"had";"dgf";"2022";"11";"2022/12/22 10:53:10";="800000523";Nombre de RAPSS transmis;2022;4;459;9.3845839297;1;;432;6.25;2022.11;X800000523;22DEC22;10:53:02
"had";"dgf";"2022";"11";"2022/12/22 10:53:10";="800000523";Nb de journées de présence;2022;4;8327;;3;;8464;-1.618620038;2022.11;X800000523;22DEC22;10:53:02
"had";"dgf";"2022";"11";"2022/12/22 10:53:10";="800000523";Nombre de RAPSS transmis;2022;5;452;9.2414639133;1;;433;4.3879907621;2022.11;X800000523;22DEC22;10:53:02
"had";"dgf";"2022";"11";"2022/12/22 10:53:10";="800000523";Nb de journées de présence;2022;5;8441;;3;;8539;-1.147675372;2022.11;X800000523;22DEC22;10:53:02
"had";"dgf";"2022";"11";"2022/12/22 10:53:10";="800000523";Nombre de RAPSS transmis;2022;6;418;8.5463095481;1;;430;-2.790697674;2022.11;X800000523;22DEC22;10:53:02
"had";"dgf";"2022";"11";"2022/12/22 10:53:10";="800000523";Nb de journées de présence;2022;6;7874;;3;;8297;-5.098228275;2022.11;X800000523;22DEC22;10:53:02
"had";"dgf";"2022";"11";"2022/12/22 10:53:10";="800000523";Nombre de RAPSS transmis;2022;7;431;8.8121038642;1;;432;-0.231481481;2022.11;X800000523;22DEC22;10:53:02
"had";"dgf";"2022";"11";"2022/12/22 10:53:10";="800000523";Nb de journées de présence;2022;7;8035;;3;;8459;-5.012412815;2022.11;X800000523;22DEC22;10:53:02
"had";"dgf";"2022";"11";"2022/12/22 10:53:10";="800000523";Nombre de RAPSS transmis;2022;8;441;9.0165610305;1;;438;0.6849315068;2022.11;X800000523;22DEC22;10:53:02
"had";"dgf";"2022";"11";"2022/12/22 10:53:10";="800000523";Nb de journées de présence;2022;8;7948;;3;;8405;-5.437239738;2022.11;X800000523;22DEC22;10:53:02
"had";"dgf";"2022";"11";"2022/12/22 10:53:10";="800000523";Nombre de RAPSS transmis;2022;9;420;8.5872009814;1;;421;-0.237529691;2022.11;X800000523;22DEC22;10:53:02
"had";"dgf";"2022";"11";"2022/12/22 10:53:10";="800000523";Nb de journées de présence;2022;9;7859;;3;;7767;1.1844985194;2022.11;X800000523;22DEC22;10:53:02
"had";"dgf";"2022";"11";"2022/12/22 10:53:10";="800000523";Nombre de RAPSS transmis;2022;10;464;9.4868125128;1;;433;7.1593533487;2022.11;X800000523;22DEC22;10:53:02
"had";"dgf";"2022";"11";"2022/12/22 10:53:10";="800000523";Nb de journées de présence;2022;10;7825;;3;;8330;-6.06242497;2022.11;X800000523;22DEC22;10:53:02
"had";"dgf";"2022";"11";"2022/12/22 10:53:10";="800000523";Nombre de RAPSS transmis;2022;11;532;10.877121243;1;;446;19.282511211;2022.11;X800000523;22DEC22;10:53:02
"had";"dgf";"2022";"11";"2022/12/22 10:53:10";="800000523";Nb de journées de présence;2022;11;7344;;3;;7979;-7.958390776;2022.11;X800000523;22DEC22;10:53:02
