"champ";"statut";"annee";"periode";"date du resultat";"ipe";motif_nonf;COUNT;PERCENT;count1;percent1;per_comp;finess_comp;date_comp;temp_comp
"had";"dgf";"2022";"12";"2023/01/17 14:56:46";="800000093";2 Patient sous convention internationale;3;100;19;100;2022.12;X800000093;17JAN23;14:56:34
"had";"dgf";"2022";"12";"2023/02/06 14:15:06";="590780193";1 Patient AME;22;50;269;38.985507246;2022.12;X590780193;06FEB23;14:14:49
"had";"dgf";"2022";"12";"2023/02/06 14:15:06";="590780193";2 Patient sous convention internationale;11;25;325;47.101449275;2022.12;X590780193;06FEB23;14:14:49
"had";"dgf";"2022";"12";"2023/02/06 14:15:06";="590780193";3 Patient payant;7;15.909090909;45;6.5217391304;2022.12;X590780193;06FEB23;14:14:49
"had";"dgf";"2022";"12";"2023/02/06 14:15:06";="590780193";4 Patient pris en charge dans le cadre du dispositif des soins urgents;3;6.8181818182;34;4.9275362319;2022.12;X590780193;06FEB23;14:14:49
"had";"dgf";"2022";"12";"2023/02/06 14:15:06";="590780193";9 Autre situation;1;2.2727272727;17;2.4637681159;2022.12;X590780193;06FEB23;14:14:49
