"champ";"statut";"annee";"periode";"date du resultat";"ipe";diag;nb;per_comp;finess_comp;date_comp;temp_comp
"mco";"dgf";"2023";"7";"2023/08/11 08:31:22";="600100168";M62810;1;2023.7;X600100168;11AUG23;8:30:51
"mco";"dgf";"2023";"7";"2023/08/24 14:38:54";="020000253";R871;1;2023.7;X020000253;24AUG23;14:38:01
"mco";"dgf";"2023";"7";"2023/08/24 14:38:54";="020000253";Y002;1;2023.7;X020000253;24AUG23;14:38:01
"mco";"dgf";"2023";"7";"2023/08/24 14:38:54";="020000253";E731;1;2023.7;X020000253;24AUG23;14:38:01
"mco";"dgf";"2023";"7";"2023/08/24 14:38:54";="020000253";P111;1;2023.7;X020000253;24AUG23;14:38:01
"mco";"dgf";"2023";"7";"2023/08/24 14:38:54";="020000253";S3750;1;2023.7;X020000253;24AUG23;14:38:01
"mco";"dgf";"2023";"7";"2023/08/25 10:38:06";="620003376";M9963;4;2023.7;X620003376;25AUG23;10:37:19
"mco";"dgf";"2023";"7";"2023/08/25 10:38:06";="620003376";R17;1;2023.7;X620003376;25AUG23;10:37:19
"mco";"dgf";"2023";"7";"2023/08/25 12:06:21";="620101337";Y496;2;2023.7;X620101337;25AUG23;12:05:23
"mco";"dgf";"2023";"7";"2023/08/25 12:06:21";="620101337";Y241;1;2023.7;X620101337;25AUG23;12:05:23
"mco";"dgf";"2023";"7";"2023/08/25 12:06:21";="620101337";M0887;1;2023.7;X620101337;25AUG23;12:05:23
"mco";"dgf";"2023";"7";"2023/08/25 12:06:21";="620101337";M4884;1;2023.7;X620101337;25AUG23;12:05:23
"mco";"dgf";"2023";"7";"2023/08/25 12:06:21";="620101337";Y111;1;2023.7;X620101337;25AUG23;12:05:23
"mco";"dgf";"2023";"7";"2023/08/25 12:06:21";="620101337";L242;1;2023.7;X620101337;25AUG23;12:05:23
"mco";"dgf";"2023";"7";"2023/08/25 12:06:21";="620101337";Y114;1;2023.7;X620101337;25AUG23;12:05:23
"mco";"dgf";"2023";"7";"2023/08/25 12:06:21";="620101337";F00021;1;2023.7;X620101337;25AUG23;12:05:23
"mco";"dgf";"2023";"7";"2023/08/25 12:06:21";="620101337";O910;1;2023.7;X620101337;25AUG23;12:05:23
"mco";"dgf";"2023";"7";"2023/08/25 12:06:21";="620101337";A267;1;2023.7;X620101337;25AUG23;12:05:23
"mco";"dgf";"2023";"7";"2023/08/25 12:06:21";="620101337";A502;1;2023.7;X620101337;25AUG23;12:05:23
"mco";"dgf";"2023";"7";"2023/08/25 12:06:21";="620101337";F1154;1;2023.7;X620101337;25AUG23;12:05:23
"mco";"dgf";"2023";"7";"2023/08/25 12:06:21";="620101337";M9125;1;2023.7;X620101337;25AUG23;12:05:23
"mco";"dgf";"2023";"7";"2023/08/25 14:47:10";="800000077";F1241;1;2023.7;X800000077;25AUG23;14:46:27
"mco";"dgf";"2023";"7";"2023/08/28 12:10:19";="590782645";B73;1;2023.7;X590782645;28AUG23;12:09:41
"mco";"dgf";"2023";"7";"2023/08/28 12:51:40";="600100572";I091;1;2023.7;X600100572;28AUG23;12:51:09
"mco";"dgf";"2023";"7";"2023/08/28 15:44:48";="020004495";S950;1;2023.7;X020004495;28AUG23;15:44:15
"mco";"dgf";"2023";"7";"2023/08/28 15:44:48";="020004495";Z8021;1;2023.7;X020004495;28AUG23;15:44:15
"mco";"dgf";"2023";"7";"2023/08/29 10:19:56";="600100648";M62870;1;2023.7;X600100648;29AUG23;10:19:13
"mco";"dgf";"2023";"7";"2023/08/29 13:05:41";="620000026";M1005;1;2023.7;X620000026;29AUG23;13:05:03
"mco";"dgf";"2023";"7";"2023/08/29 14:40:43";="590001749";F01040;1;2023.7;X590001749;29AUG23;14:40:05
"mco";"dgf";"2023";"7";"2023/08/29 14:40:43";="590001749";F01122;1;2023.7;X590001749;29AUG23;14:40:05
"mco";"dgf";"2023";"7";"2023/08/29 14:51:11";="020000261";R784;1;2023.7;X020000261;29AUG23;14:50:19
"mco";"dgf";"2023";"7";"2023/08/29 14:51:11";="020000261";T445;1;2023.7;X020000261;29AUG23;14:50:19
"mco";"dgf";"2023";"7";"2023/08/29 14:51:11";="020000261";F9810;1;2023.7;X020000261;29AUG23;14:50:19
"mco";"dgf";"2023";"7";"2023/08/29 14:51:11";="020000261";S4211;1;2023.7;X020000261;29AUG23;14:50:19
"mco";"dgf";"2023";"7";"2023/08/29 14:51:11";="020000261";T382;1;2023.7;X020000261;29AUG23;14:50:19
"mco";"dgf";"2023";"7";"2023/08/29 14:51:11";="020000261";M4313;1;2023.7;X020000261;29AUG23;14:50:19
"mco";"dgf";"2023";"7";"2023/08/29 14:51:11";="020000261";Y701;1;2023.7;X020000261;29AUG23;14:50:19
"mco";"dgf";"2023";"7";"2023/08/29 14:51:11";="020000261";A511;1;2023.7;X020000261;29AUG23;14:50:19
"mco";"dgf";"2023";"7";"2023/08/29 14:51:11";="020000261";F9801;1;2023.7;X020000261;29AUG23;14:50:19
"mco";"dgf";"2023";"7";"2023/08/29 14:51:11";="020000261";H702;1;2023.7;X020000261;29AUG23;14:50:19
"mco";"dgf";"2023";"7";"2023/08/29 14:51:11";="020000261";T054;1;2023.7;X020000261;29AUG23;14:50:19
"mco";"dgf";"2023";"7";"2023/08/29 16:14:11";="620100651";T76;2;2023.7;X620100651;29AUG23;16:13:10
"mco";"dgf";"2023";"7";"2023/08/29 16:14:11";="620100651";Y171;2;2023.7;X620100651;29AUG23;16:13:10
"mco";"dgf";"2023";"7";"2023/08/29 16:14:11";="620100651";T12+0;1;2023.7;X620100651;29AUG23;16:13:10
"mco";"dgf";"2023";"7";"2023/08/29 16:14:11";="620100651";I512;1;2023.7;X620100651;29AUG23;16:13:10
"mco";"dgf";"2023";"7";"2023/08/29 16:14:11";="620100651";Y001;1;2023.7;X620100651;29AUG23;16:13:10
"mco";"dgf";"2023";"7";"2023/08/29 16:14:11";="620100651";Y700;1;2023.7;X620100651;29AUG23;16:13:10
"mco";"dgf";"2023";"7";"2023/08/29 16:14:11";="620100651";T0260;1;2023.7;X620100651;29AUG23;16:13:10
"mco";"dgf";"2023";"7";"2023/08/29 16:14:11";="620100651";T112;1;2023.7;X620100651;29AUG23;16:13:10
"mco";"dgf";"2023";"7";"2023/08/29 16:14:11";="620100651";E244;1;2023.7;X620100651;29AUG23;16:13:10
"mco";"dgf";"2023";"7";"2023/08/29 16:14:11";="620100651";T384;1;2023.7;X620100651;29AUG23;16:13:10
"mco";"dgf";"2023";"7";"2023/08/29 16:14:11";="620100651";M2497;1;2023.7;X620100651;29AUG23;16:13:10
"mco";"dgf";"2023";"7";"2023/08/29 16:14:11";="620100651";Y080;1;2023.7;X620100651;29AUG23;16:13:10
"mco";"dgf";"2023";"7";"2023/08/29 16:14:11";="620100651";S3691;1;2023.7;X620100651;29AUG23;16:13:10
"mco";"dgf";"2023";"7";"2023/08/29 16:14:11";="620100651";Y090;1;2023.7;X620100651;29AUG23;16:13:10
"mco";"dgf";"2023";"7";"2023/08/29 16:14:11";="620100651";Y051;1;2023.7;X620100651;29AUG23;16:13:10
"mco";"dgf";"2023";"7";"2023/08/29 16:14:11";="620100651";F175;1;2023.7;X620100651;29AUG23;16:13:10
"mco";"dgf";"2023";"7";"2023/08/29 16:14:11";="620100651";D024;1;2023.7;X620100651;29AUG23;16:13:10
"mco";"dgf";"2023";"7";"2023/08/29 16:14:11";="620100651";E010;1;2023.7;X620100651;29AUG23;16:13:10
"mco";"dgf";"2023";"7";"2023/08/29 16:14:11";="620100651";F161;1;2023.7;X620100651;29AUG23;16:13:10
"mco";"dgf";"2023";"7";"2023/08/29 16:14:11";="620100651";O050;1;2023.7;X620100651;29AUG23;16:13:10
"mco";"dgf";"2023";"7";"2023/08/29 16:14:11";="620100651";Y0491;1;2023.7;X620100651;29AUG23;16:13:10
"mco";"dgf";"2023";"7";"2023/08/30 08:36:06";="590780284";T094;2;2023.7;X590780284;30AUG23;8:35:11
"mco";"dgf";"2023";"7";"2023/08/30 08:36:06";="590780284";N026;2;2023.7;X590780284;30AUG23;8:35:11
"mco";"dgf";"2023";"7";"2023/08/30 08:36:06";="590780284";T10+0;2;2023.7;X590780284;30AUG23;8:35:11
"mco";"dgf";"2023";"7";"2023/08/30 08:36:06";="590780284";M1205;1;2023.7;X590780284;30AUG23;8:35:11
"mco";"dgf";"2023";"7";"2023/08/30 08:36:06";="590780284";F1250;1;2023.7;X590780284;30AUG23;8:35:11
"mco";"dgf";"2023";"7";"2023/08/30 08:36:06";="590780284";M0626;1;2023.7;X590780284;30AUG23;8:35:11
"mco";"dgf";"2023";"7";"2023/08/30 08:36:06";="590780284";M8623;1;2023.7;X590780284;30AUG23;8:35:11
"mco";"dgf";"2023";"7";"2023/08/30 08:36:06";="590780284";A664;1;2023.7;X590780284;30AUG23;8:35:11
"mco";"dgf";"2023";"7";"2023/08/30 08:36:06";="590780284";T422;1;2023.7;X590780284;30AUG23;8:35:11
"mco";"dgf";"2023";"7";"2023/08/30 08:36:06";="590780284";F1450;1;2023.7;X590780284;30AUG23;8:35:11
"mco";"dgf";"2023";"7";"2023/08/30 08:36:06";="590780284";M2310;1;2023.7;X590780284;30AUG23;8:35:11
"mco";"dgf";"2023";"7";"2023/08/30 08:36:06";="590780284";M032;1;2023.7;X590780284;30AUG23;8:35:11
"mco";"dgf";"2023";"7";"2023/08/30 08:36:06";="590780284";M62870;1;2023.7;X590780284;30AUG23;8:35:11
"mco";"dgf";"2023";"7";"2023/08/30 08:36:06";="590780284";M5407;1;2023.7;X590780284;30AUG23;8:35:11
"mco";"dgf";"2023";"7";"2023/08/30 08:36:06";="590780284";F01910;1;2023.7;X590780284;30AUG23;8:35:11
"mco";"dgf";"2023";"7";"2023/08/30 08:36:06";="590780284";M8052;1;2023.7;X590780284;30AUG23;8:35:11
"mco";"dgf";"2023";"7";"2023/08/30 08:36:06";="590780284";M0622;1;2023.7;X590780284;30AUG23;8:35:11
"mco";"dgf";"2023";"7";"2023/08/30 08:36:06";="590780284";N022;1;2023.7;X590780284;30AUG23;8:35:11
"mco";"dgf";"2023";"7";"2023/08/30 08:36:06";="590780284";G132;1;2023.7;X590780284;30AUG23;8:35:11
"mco";"dgf";"2023";"7";"2023/08/30 08:36:06";="590780284";M5404;1;2023.7;X590780284;30AUG23;8:35:11
"mco";"dgf";"2023";"7";"2023/08/30 08:36:06";="590780284";M5324;1;2023.7;X590780284;30AUG23;8:35:11
"mco";"dgf";"2023";"7";"2023/08/30 08:36:06";="590780284";M1104;1;2023.7;X590780284;30AUG23;8:35:11
"mco";"dgf";"2023";"7";"2023/08/30 08:36:06";="590780284";A062;1;2023.7;X590780284;30AUG23;8:35:11
"mco";"dgf";"2023";"7";"2023/08/30 08:36:06";="590780284";A282;1;2023.7;X590780284;30AUG23;8:35:11
"mco";"dgf";"2023";"7";"2023/08/30 08:36:06";="590780284";B432;1;2023.7;X590780284;30AUG23;8:35:11
"mco";"dgf";"2023";"7";"2023/08/30 08:36:06";="590780284";F1802;1;2023.7;X590780284;30AUG23;8:35:11
"mco";"dgf";"2023";"7";"2023/08/30 08:36:06";="590780284";M4832;1;2023.7;X590780284;30AUG23;8:35:11
"mco";"dgf";"2023";"7";"2023/08/30 10:33:15";="590797353";M8432;2;2023.7;X590797353;30AUG23;10:32:13
"mco";"dgf";"2023";"7";"2023/08/30 10:33:15";="590797353";F1106;2;2023.7;X590797353;30AUG23;10:32:13
"mco";"dgf";"2023";"7";"2023/08/30 10:33:15";="590797353";G254;2;2023.7;X590797353;30AUG23;10:32:13
"mco";"dgf";"2023";"7";"2023/08/30 10:33:15";="590797353";M8792;1;2023.7;X590797353;30AUG23;10:32:13
"mco";"dgf";"2023";"7";"2023/08/30 10:33:15";="590797353";F2095;1;2023.7;X590797353;30AUG23;10:32:13
"mco";"dgf";"2023";"7";"2023/08/30 10:33:15";="590797353";M6206;1;2023.7;X590797353;30AUG23;10:32:13
"mco";"dgf";"2023";"7";"2023/08/30 10:33:15";="590797353";M4183;1;2023.7;X590797353;30AUG23;10:32:13
"mco";"dgf";"2023";"7";"2023/08/30 10:33:15";="590797353";M6290;1;2023.7;X590797353;30AUG23;10:32:13
"mco";"dgf";"2023";"7";"2023/08/30 10:33:15";="590797353";M7994;1;2023.7;X590797353;30AUG23;10:32:13
"mco";"dgf";"2023";"7";"2023/08/30 10:33:15";="590797353";F1303;1;2023.7;X590797353;30AUG23;10:32:13
"mco";"dgf";"2023";"7";"2023/08/30 10:33:15";="590797353";M990;1;2023.7;X590797353;30AUG23;10:32:13
"mco";"dgf";"2023";"7";"2023/08/30 10:33:15";="590797353";L441;1;2023.7;X590797353;30AUG23;10:32:13
"mco";"dgf";"2023";"7";"2023/08/30 10:33:15";="590797353";T415;1;2023.7;X590797353;30AUG23;10:32:13
"mco";"dgf";"2023";"7";"2023/08/30 10:33:15";="590797353";T0280;1;2023.7;X590797353;30AUG23;10:32:13
"mco";"dgf";"2023";"7";"2023/08/30 10:33:15";="590797353";F1650;1;2023.7;X590797353;30AUG23;10:32:13
"mco";"dgf";"2023";"7";"2023/08/30 10:33:15";="590797353";T982;1;2023.7;X590797353;30AUG23;10:32:13
"mco";"dgf";"2023";"7";"2023/08/30 10:33:15";="590797353";F1951;1;2023.7;X590797353;30AUG23;10:32:13
"mco";"dgf";"2023";"7";"2023/08/30 10:33:15";="590797353";M4205;1;2023.7;X590797353;30AUG23;10:32:13
"mco";"dgf";"2023";"7";"2023/08/30 10:33:15";="590797353";L237;1;2023.7;X590797353;30AUG23;10:32:13
"mco";"dgf";"2023";"7";"2023/08/30 10:33:15";="590797353";S4281;1;2023.7;X590797353;30AUG23;10:32:13
"mco";"dgf";"2023";"7";"2023/08/30 10:33:15";="590797353";D024;1;2023.7;X590797353;30AUG23;10:32:13
"mco";"dgf";"2023";"7";"2023/08/30 10:33:15";="590797353";F9812;1;2023.7;X590797353;30AUG23;10:32:13
"mco";"dgf";"2023";"7";"2023/08/30 10:33:15";="590797353";M8052;1;2023.7;X590797353;30AUG23;10:32:13
"mco";"dgf";"2023";"7";"2023/08/30 10:33:15";="590797353";Q310;1;2023.7;X590797353;30AUG23;10:32:13
"mco";"dgf";"2023";"7";"2023/08/30 10:33:15";="590797353";H443;1;2023.7;X590797353;30AUG23;10:32:13
"mco";"dgf";"2023";"7";"2023/08/30 10:33:15";="590797353";M9986;1;2023.7;X590797353;30AUG23;10:32:13
"mco";"dgf";"2023";"7";"2023/08/30 10:33:15";="590797353";Q104;1;2023.7;X590797353;30AUG23;10:32:13
"mco";"dgf";"2023";"7";"2023/08/30 10:33:15";="590797353";H477;1;2023.7;X590797353;30AUG23;10:32:13
"mco";"dgf";"2023";"7";"2023/08/30 10:33:15";="590797353";Q925;1;2023.7;X590797353;30AUG23;10:32:13
"mco";"dgf";"2023";"7";"2023/08/30 10:33:15";="590797353";F1306;1;2023.7;X590797353;30AUG23;10:32:13
"mco";"dgf";"2023";"7";"2023/08/30 10:33:15";="590797353";T0220;1;2023.7;X590797353;30AUG23;10:32:13
"mco";"dgf";"2023";"7";"2023/08/30 10:33:15";="590797353";L253;1;2023.7;X590797353;30AUG23;10:32:13
"mco";"dgf";"2023";"7";"2023/08/30 10:33:15";="590797353";T12+0;1;2023.7;X590797353;30AUG23;10:32:13
"mco";"dgf";"2023";"7";"2023/08/30 10:33:15";="590797353";F00021;1;2023.7;X590797353;30AUG23;10:32:13
"mco";"dgf";"2023";"7";"2023/08/30 10:33:15";="590797353";T672;1;2023.7;X590797353;30AUG23;10:32:13
"mco";"dgf";"2023";"7";"2023/08/30 10:33:15";="590797353";M1117;1;2023.7;X590797353;30AUG23;10:32:13
"mco";"dgf";"2023";"7";"2023/08/30 10:33:15";="590797353";Y2014;1;2023.7;X590797353;30AUG23;10:32:13
"mco";"dgf";"2023";"7";"2023/08/30 10:33:15";="590797353";B051;1;2023.7;X590797353;30AUG23;10:32:13
"mco";"dgf";"2023";"7";"2023/08/30 10:33:15";="590797353";B060;1;2023.7;X590797353;30AUG23;10:32:13
"mco";"dgf";"2023";"7";"2023/08/30 10:33:15";="590797353";D314;1;2023.7;X590797353;30AUG23;10:32:13
"mco";"dgf";"2023";"7";"2023/08/30 10:33:15";="590797353";F1304;1;2023.7;X590797353;30AUG23;10:32:13
"mco";"dgf";"2023";"7";"2023/08/30 10:33:15";="590797353";H475;1;2023.7;X590797353;30AUG23;10:32:13
"mco";"dgf";"2023";"7";"2023/08/30 10:33:15";="590797353";O063;1;2023.7;X590797353;30AUG23;10:32:13
"mco";"dgf";"2023";"7";"2023/08/30 11:29:59";="590782421";F161;7;2023.7;X590782421;30AUG23;11:28:50
"mco";"dgf";"2023";"7";"2023/08/30 11:29:59";="590782421";F1602;5;2023.7;X590782421;30AUG23;11:28:50
"mco";"dgf";"2023";"7";"2023/08/30 11:29:59";="590782421";S3750;1;2023.7;X590782421;30AUG23;11:28:50
"mco";"dgf";"2023";"7";"2023/08/30 11:29:59";="590782421";F1825;1;2023.7;X590782421;30AUG23;11:28:50
"mco";"dgf";"2023";"7";"2023/08/30 11:29:59";="590782421";T411;1;2023.7;X590782421;30AUG23;11:28:50
"mco";"dgf";"2023";"7";"2023/08/30 11:29:59";="590782421";M1114;1;2023.7;X590782421;30AUG23;11:28:50
"mco";"dgf";"2023";"7";"2023/08/30 11:29:59";="590782421";F1800;1;2023.7;X590782421;30AUG23;11:28:50
"mco";"dgf";"2023";"7";"2023/08/30 11:29:59";="590782421";M9077;1;2023.7;X590782421;30AUG23;11:28:50
"mco";"dgf";"2023";"7";"2023/08/30 11:29:59";="590782421";S547;1;2023.7;X590782421;30AUG23;11:28:50
"mco";"dgf";"2023";"7";"2023/08/30 11:29:59";="590782421";M0011;1;2023.7;X590782421;30AUG23;11:28:50
"mco";"dgf";"2023";"7";"2023/08/30 11:29:59";="590782421";Y623;1;2023.7;X590782421;30AUG23;11:28:50
"mco";"dgf";"2023";"7";"2023/08/30 11:29:59";="590782421";A441;1;2023.7;X590782421;30AUG23;11:28:50
"mco";"dgf";"2023";"7";"2023/08/30 11:29:59";="590782421";M0155;1;2023.7;X590782421;30AUG23;11:28:50
"mco";"dgf";"2023";"7";"2023/08/30 11:29:59";="590782421";F16241;1;2023.7;X590782421;30AUG23;11:28:50
"mco";"dgf";"2023";"7";"2023/08/30 11:29:59";="590782421";M0013;1;2023.7;X590782421;30AUG23;11:28:50
"mco";"dgf";"2023";"7";"2023/08/30 12:12:08";="800000051";F2091;1;2023.7;X800000051;30AUG23;12:11:16
"mco";"dgf";"2023";"7";"2023/08/30 14:11:42";="590782165";M8187;1;2023.7;X590782165;30AUG23;14:10:49
"mco";"dgf";"2023";"7";"2023/08/30 14:11:42";="590782165";Z123;1;2023.7;X590782165;30AUG23;14:10:49
"mco";"dgf";"2023";"7";"2023/08/30 14:11:42";="590782165";A501;1;2023.7;X590782165;30AUG23;14:10:49
"mco";"dgf";"2023";"7";"2023/08/30 14:11:42";="590782165";M0732;1;2023.7;X590782165;30AUG23;14:10:49
"mco";"dgf";"2023";"7";"2023/08/30 14:11:42";="590782165";T475;1;2023.7;X590782165;30AUG23;14:10:49
"mco";"dgf";"2023";"7";"2023/08/30 14:39:44";="620101360";F161;3;2023.7;X620101360;30AUG23;14:38:44
"mco";"dgf";"2023";"7";"2023/08/30 14:39:44";="620101360";M4313;2;2023.7;X620101360;30AUG23;14:38:44
"mco";"dgf";"2023";"7";"2023/08/30 14:39:44";="620101360";M4606;1;2023.7;X620101360;30AUG23;14:38:44
"mco";"dgf";"2023";"7";"2023/08/30 14:39:44";="620101360";F01910;1;2023.7;X620101360;30AUG23;14:38:44
"mco";"dgf";"2023";"7";"2023/08/30 14:39:44";="620101360";F175;1;2023.7;X620101360;30AUG23;14:38:44
"mco";"dgf";"2023";"7";"2023/08/30 14:39:44";="620101360";A502;1;2023.7;X620101360;30AUG23;14:38:44
"mco";"dgf";"2023";"7";"2023/08/30 14:39:44";="620101360";F01211;1;2023.7;X620101360;30AUG23;14:38:44
"mco";"dgf";"2023";"7";"2023/08/30 14:39:44";="620101360";T602;1;2023.7;X620101360;30AUG23;14:38:44
"mco";"dgf";"2023";"7";"2023/08/30 15:05:03";="590781621";B052;1;2023.7;X590781621;30AUG23;15:03:46
"mco";"dgf";"2023";"7";"2023/08/30 15:05:03";="590781621";Z765;1;2023.7;X590781621;30AUG23;15:03:46
"mco";"dgf";"2023";"7";"2023/08/30 15:19:46";="590052056";B332;1;2023.7;X590052056;30AUG23;15:19:03
"mco";"dgf";"2023";"7";"2023/08/30 16:35:06";="590781795";B72;1;2023.7;X590781795;30AUG23;16:33:32
"mco";"dgf";"2023";"7";"2023/08/30 16:35:06";="590781795";Z580;1;2023.7;X590781795;30AUG23;16:33:32
"mco";"dgf";"2023";"7";"2023/08/31 09:37:14";="620100677";F1825;1;2023.7;X620100677;31AUG23;9:36:32
"mco";"dgf";"2023";"7";"2023/08/31 10:38:00";="590781415";T010;1;2023.7;X590781415;31AUG23;10:37:00
"mco";"dgf";"2023";"7";"2023/08/31 10:38:00";="590781415";N012;1;2023.7;X590781415;31AUG23;10:37:00
"mco";"dgf";"2023";"7";"2023/08/31 10:38:00";="590781415";M2300;1;2023.7;X590781415;31AUG23;10:37:00
"mco";"dgf";"2023";"7";"2023/08/31 10:38:00";="590781415";T980;1;2023.7;X590781415;31AUG23;10:37:00
"mco";"dgf";"2023";"7";"2023/08/31 10:38:00";="590781415";M8982;1;2023.7;X590781415;31AUG23;10:37:00
"mco";"dgf";"2023";"7";"2023/08/31 10:38:00";="590781415";M1042;1;2023.7;X590781415;31AUG23;10:37:00
"mco";"dgf";"2023";"7";"2023/08/31 10:38:00";="590781415";S742;1;2023.7;X590781415;31AUG23;10:37:00
"mco";"dgf";"2023";"7";"2023/08/31 10:38:00";="590781415";F662;1;2023.7;X590781415;31AUG23;10:37:00
"mco";"dgf";"2023";"7";"2023/08/31 10:38:00";="590781415";T0230;1;2023.7;X590781415;31AUG23;10:37:00
"mco";"dgf";"2023";"7";"2023/08/31 10:38:00";="590781415";M4881;1;2023.7;X590781415;31AUG23;10:37:00
"mco";"dgf";"2023";"7";"2023/08/31 10:38:00";="590781415";Y170;1;2023.7;X590781415;31AUG23;10:37:00
"mco";"dgf";"2023";"7";"2023/08/31 10:38:00";="590781415";Z410;1;2023.7;X590781415;31AUG23;10:37:00
"mco";"dgf";"2023";"7";"2023/08/31 10:38:00";="590781415";A921;1;2023.7;X590781415;31AUG23;10:37:00
"mco";"dgf";"2023";"7";"2023/08/31 10:38:00";="590781415";B814;1;2023.7;X590781415;31AUG23;10:37:00
"mco";"dgf";"2023";"7";"2023/08/31 10:38:00";="590781415";M0015;1;2023.7;X590781415;31AUG23;10:37:00
"mco";"dgf";"2023";"7";"2023/08/31 10:38:00";="590781415";M4890;1;2023.7;X590781415;31AUG23;10:37:00
"mco";"dgf";"2023";"7";"2023/08/31 10:38:00";="590781415";Y801;1;2023.7;X590781415;31AUG23;10:37:00
"mco";"dgf";"2023";"7";"2023/08/31 10:39:10";="620103440";Y461;1;2023.7;X620103440;31AUG23;10:37:57
"mco";"dgf";"2023";"7";"2023/08/31 10:39:10";="620103440";N012;1;2023.7;X620103440;31AUG23;10:37:57
"mco";"dgf";"2023";"7";"2023/08/31 10:39:10";="620103440";F1906;1;2023.7;X620103440;31AUG23;10:37:57
"mco";"dgf";"2023";"7";"2023/08/31 10:39:10";="620103440";F01820;1;2023.7;X620103440;31AUG23;10:37:57
"mco";"dgf";"2023";"7";"2023/08/31 10:39:10";="620103440";F02201;1;2023.7;X620103440;31AUG23;10:37:57
"mco";"dgf";"2023";"7";"2023/08/31 10:39:10";="620103440";M910;1;2023.7;X620103440;31AUG23;10:37:57
"mco";"dgf";"2023";"7";"2023/08/31 11:13:48";="800000085";M4817;1;2023.7;X800000085;31AUG23;11:13:08
"mco";"dgf";"2023";"7";"2023/08/31 11:49:17";="590780193";D840;9;2023.7;X590780193;31AUG23;11:45:29
"mco";"dgf";"2023";"7";"2023/08/31 11:49:17";="590780193";T227;7;2023.7;X590780193;31AUG23;11:45:29
"mco";"dgf";"2023";"7";"2023/08/31 11:49:17";="590780193";Y622;7;2023.7;X590780193;31AUG23;11:45:29
"mco";"dgf";"2023";"7";"2023/08/31 11:49:17";="590780193";Z576;5;2023.7;X590780193;31AUG23;11:45:29
"mco";"dgf";"2023";"7";"2023/08/31 11:49:17";="590780193";F1701;4;2023.7;X590780193;31AUG23;11:45:29
"mco";"dgf";"2023";"7";"2023/08/31 11:49:17";="590780193";Q710;4;2023.7;X590780193;31AUG23;11:45:29
"mco";"dgf";"2023";"7";"2023/08/31 11:49:17";="590780193";T216;4;2023.7;X590780193;31AUG23;11:45:29
"mco";"dgf";"2023";"7";"2023/08/31 11:49:17";="590780193";T217;4;2023.7;X590780193;31AUG23;11:45:29
"mco";"dgf";"2023";"7";"2023/08/31 11:49:17";="590780193";Y733;4;2023.7;X590780193;31AUG23;11:45:29
"mco";"dgf";"2023";"7";"2023/08/31 11:49:17";="590780193";Y331;3;2023.7;X590780193;31AUG23;11:45:29
"mco";"dgf";"2023";"7";"2023/08/31 11:49:17";="590780193";M5407;3;2023.7;X590780193;31AUG23;11:45:29
"mco";"dgf";"2023";"7";"2023/08/31 11:49:17";="590780193";Q340;3;2023.7;X590780193;31AUG23;11:45:29
"mco";"dgf";"2023";"7";"2023/08/31 11:49:17";="590780193";P714;3;2023.7;X590780193;31AUG23;11:45:29
"mco";"dgf";"2023";"7";"2023/08/31 11:49:17";="590780193";S396;3;2023.7;X590780193;31AUG23;11:45:29
"mco";"dgf";"2023";"7";"2023/08/31 11:49:17";="590780193";Q982;3;2023.7;X590780193;31AUG23;11:45:29
"mco";"dgf";"2023";"7";"2023/08/31 11:49:17";="590780193";E630;2;2023.7;X590780193;31AUG23;11:45:29
"mco";"dgf";"2023";"7";"2023/08/31 11:49:17";="590780193";T143;2;2023.7;X590780193;31AUG23;11:45:29
"mco";"dgf";"2023";"7";"2023/08/31 11:49:17";="590780193";L560;2;2023.7;X590780193;31AUG23;11:45:29
"mco";"dgf";"2023";"7";"2023/08/31 11:49:17";="590780193";T871;2;2023.7;X590780193;31AUG23;11:45:29
"mco";"dgf";"2023";"7";"2023/08/31 11:49:17";="590780193";Z207;2;2023.7;X590780193;31AUG23;11:45:29
"mco";"dgf";"2023";"7";"2023/08/31 11:49:17";="590780193";T487;2;2023.7;X590780193;31AUG23;11:45:29
"mco";"dgf";"2023";"7";"2023/08/31 11:49:17";="590780193";S957;2;2023.7;X590780193;31AUG23;11:45:29
"mco";"dgf";"2023";"7";"2023/08/31 11:49:17";="590780193";M2191;2;2023.7;X590780193;31AUG23;11:45:29
"mco";"dgf";"2023";"7";"2023/08/31 11:49:17";="590780193";N073;2;2023.7;X590780193;31AUG23;11:45:29
"mco";"dgf";"2023";"7";"2023/08/31 11:49:17";="590780193";Q506;2;2023.7;X590780193;31AUG23;11:45:29
"mco";"dgf";"2023";"7";"2023/08/31 11:49:17";="590780193";Q917;2;2023.7;X590780193;31AUG23;11:45:29
"mco";"dgf";"2023";"7";"2023/08/31 11:49:17";="590780193";S2580;2;2023.7;X590780193;31AUG23;11:45:29
"mco";"dgf";"2023";"7";"2023/08/31 11:49:17";="590780193";T335;2;2023.7;X590780193;31AUG23;11:45:29
"mco";"dgf";"2023";"7";"2023/08/31 11:49:17";="590780193";M8967;2;2023.7;X590780193;31AUG23;11:45:29
"mco";"dgf";"2023";"7";"2023/08/31 11:49:17";="590780193";T262;2;2023.7;X590780193;31AUG23;11:45:29
"mco";"dgf";"2023";"7";"2023/08/31 11:49:17";="590780193";M0285;2;2023.7;X590780193;31AUG23;11:45:29
"mco";"dgf";"2023";"7";"2023/08/31 11:49:17";="590780193";T0280;2;2023.7;X590780193;31AUG23;11:45:29
"mco";"dgf";"2023";"7";"2023/08/31 11:49:17";="590780193";M9431;2;2023.7;X590780193;31AUG23;11:45:29
"mco";"dgf";"2023";"7";"2023/08/31 11:49:17";="590780193";M8010;2;2023.7;X590780193;31AUG23;11:45:29
"mco";"dgf";"2023";"7";"2023/08/31 11:49:17";="590780193";M8982;2;2023.7;X590780193;31AUG23;11:45:29
"mco";"dgf";"2023";"7";"2023/08/31 11:49:17";="590780193";M9125;2;2023.7;X590780193;31AUG23;11:45:29
"mco";"dgf";"2023";"7";"2023/08/31 11:49:17";="590780193";E895;2;2023.7;X590780193;31AUG23;11:45:29
"mco";"dgf";"2023";"7";"2023/08/31 11:49:17";="590780193";M4055;2;2023.7;X590780193;31AUG23;11:45:29
"mco";"dgf";"2023";"7";"2023/08/31 11:49:17";="590780193";F180;2;2023.7;X590780193;31AUG23;11:45:29
"mco";"dgf";"2023";"7";"2023/08/31 11:49:17";="590780193";T276;2;2023.7;X590780193;31AUG23;11:45:29
"mco";"dgf";"2023";"7";"2023/08/31 11:49:17";="590780193";Y304;2;2023.7;X590780193;31AUG23;11:45:29
"mco";"dgf";"2023";"7";"2023/08/31 11:49:17";="590780193";Y743;2;2023.7;X590780193;31AUG23;11:45:29
"mco";"dgf";"2023";"7";"2023/08/31 11:49:17";="590780193";E244;2;2023.7;X590780193;31AUG23;11:45:29
"mco";"dgf";"2023";"7";"2023/08/31 11:49:17";="590780193";M6512;2;2023.7;X590780193;31AUG23;11:45:29
"mco";"dgf";"2023";"7";"2023/08/31 11:49:17";="590780193";S145;1;2023.7;X590780193;31AUG23;11:45:29
"mco";"dgf";"2023";"7";"2023/08/31 11:49:17";="590780193";M6082;1;2023.7;X590780193;31AUG23;11:45:29
"mco";"dgf";"2023";"7";"2023/08/31 11:49:17";="590780193";S0291;1;2023.7;X590780193;31AUG23;11:45:29
"mco";"dgf";"2023";"7";"2023/08/31 11:49:17";="590780193";Q985;1;2023.7;X590780193;31AUG23;11:45:29
"mco";"dgf";"2023";"7";"2023/08/31 11:49:17";="590780193";G520;1;2023.7;X590780193;31AUG23;11:45:29
"mco";"dgf";"2023";"7";"2023/08/31 11:49:17";="590780193";M4930;1;2023.7;X590780193;31AUG23;11:45:29
"mco";"dgf";"2023";"7";"2023/08/31 11:49:17";="590780193";Q785;1;2023.7;X590780193;31AUG23;11:45:29
"mco";"dgf";"2023";"7";"2023/08/31 11:49:17";="590780193";F1301;1;2023.7;X590780193;31AUG23;11:45:29
"mco";"dgf";"2023";"7";"2023/08/31 11:49:17";="590780193";M4942;1;2023.7;X590780193;31AUG23;11:45:29
"mco";"dgf";"2023";"7";"2023/08/31 11:49:17";="590780193";R465;1;2023.7;X590780193;31AUG23;11:45:29
"mco";"dgf";"2023";"7";"2023/08/31 11:49:17";="590780193";R784;1;2023.7;X590780193;31AUG23;11:45:29
"mco";"dgf";"2023";"7";"2023/08/31 11:49:17";="590780193";J660;1;2023.7;X590780193;31AUG23;11:45:29
"mco";"dgf";"2023";"7";"2023/08/31 11:49:17";="590780193";S1281;1;2023.7;X590780193;31AUG23;11:45:29
"mco";"dgf";"2023";"7";"2023/08/31 11:49:17";="590780193";M6204;1;2023.7;X590780193;31AUG23;11:45:29
"mco";"dgf";"2023";"7";"2023/08/31 11:49:17";="590780193";S2691;1;2023.7;X590780193;31AUG23;11:45:29
"mco";"dgf";"2023";"7";"2023/08/31 11:49:17";="590780193";Q726;1;2023.7;X590780193;31AUG23;11:45:29
"mco";"dgf";"2023";"7";"2023/08/31 11:49:17";="590780193";M4781;1;2023.7;X590780193;31AUG23;11:45:29
"mco";"dgf";"2023";"7";"2023/08/31 11:49:17";="590780193";Q553;1;2023.7;X590780193;31AUG23;11:45:29
"mco";"dgf";"2023";"7";"2023/08/31 11:49:17";="590780193";Q522;1;2023.7;X590780193;31AUG23;11:45:29
"mco";"dgf";"2023";"7";"2023/08/31 11:49:17";="590780193";G361;1;2023.7;X590780193;31AUG23;11:45:29
"mco";"dgf";"2023";"7";"2023/08/31 11:49:17";="590780193";M4204;1;2023.7;X590780193;31AUG23;11:45:29
"mco";"dgf";"2023";"7";"2023/08/31 11:49:17";="590780193";Q361;1;2023.7;X590780193;31AUG23;11:45:29
"mco";"dgf";"2023";"7";"2023/08/31 11:49:17";="590780193";Q184;1;2023.7;X590780193;31AUG23;11:45:29
"mco";"dgf";"2023";"7";"2023/08/31 11:49:17";="590780193";M4143;1;2023.7;X590780193;31AUG23;11:45:29
"mco";"dgf";"2023";"7";"2023/08/31 11:49:17";="590780193";Q123;1;2023.7;X590780193;31AUG23;11:45:29
"mco";"dgf";"2023";"7";"2023/08/31 11:49:17";="590780193";P53;1;2023.7;X590780193;31AUG23;11:45:29
"mco";"dgf";"2023";"7";"2023/08/31 11:49:17";="590780193";D822;1;2023.7;X590780193;31AUG23;11:45:29
"mco";"dgf";"2023";"7";"2023/08/31 11:49:17";="590780193";E805;1;2023.7;X590780193;31AUG23;11:45:29
"mco";"dgf";"2023";"7";"2023/08/31 11:49:17";="590780193";F5210;1;2023.7;X590780193;31AUG23;11:45:29
"mco";"dgf";"2023";"7";"2023/08/31 11:49:17";="590780193";M2590;1;2023.7;X590780193;31AUG23;11:45:29
"mco";"dgf";"2023";"7";"2023/08/31 11:49:17";="590780193";P253;1;2023.7;X590780193;31AUG23;11:45:29
"mco";"dgf";"2023";"7";"2023/08/31 11:49:17";="590780193";O905;1;2023.7;X590780193;31AUG23;11:45:29
"mco";"dgf";"2023";"7";"2023/08/31 11:49:17";="590780193";O293;1;2023.7;X590780193;31AUG23;11:45:29
"mco";"dgf";"2023";"7";"2023/08/31 11:49:17";="590780193";Z577;1;2023.7;X590780193;31AUG23;11:45:29
"mco";"dgf";"2023";"7";"2023/08/31 11:49:17";="590780193";Z410;1;2023.7;X590780193;31AUG23;11:45:29
"mco";"dgf";"2023";"7";"2023/08/31 11:49:17";="590780193";M1252;1;2023.7;X590780193;31AUG23;11:45:29
"mco";"dgf";"2023";"7";"2023/08/31 11:49:17";="590780193";N982;1;2023.7;X590780193;31AUG23;11:45:29
"mco";"dgf";"2023";"7";"2023/08/31 11:49:17";="590780193";Y742;1;2023.7;X590780193;31AUG23;11:45:29
"mco";"dgf";"2023";"7";"2023/08/31 11:49:17";="590780193";E643;1;2023.7;X590780193;31AUG23;11:45:29
"mco";"dgf";"2023";"7";"2023/08/31 11:49:17";="590780193";O0483;1;2023.7;X590780193;31AUG23;11:45:29
"mco";"dgf";"2023";"7";"2023/08/31 11:49:17";="590780193";Z437;1;2023.7;X590780193;31AUG23;11:45:29
"mco";"dgf";"2023";"7";"2023/08/31 11:49:17";="590780193";M2512;1;2023.7;X590780193;31AUG23;11:45:29
"mco";"dgf";"2023";"7";"2023/08/31 11:49:17";="590780193";O880;1;2023.7;X590780193;31AUG23;11:45:29
"mco";"dgf";"2023";"7";"2023/08/31 11:49:17";="590780193";M2582;1;2023.7;X590780193;31AUG23;11:45:29
"mco";"dgf";"2023";"7";"2023/08/31 11:49:17";="590780193";P230;1;2023.7;X590780193;31AUG23;11:45:29
"mco";"dgf";"2023";"7";"2023/08/31 11:49:17";="590780193";B484;1;2023.7;X590780193;31AUG23;11:45:29
"mco";"dgf";"2023";"7";"2023/08/31 11:49:17";="590780193";P3650;1;2023.7;X590780193;31AUG23;11:45:29
"mco";"dgf";"2023";"7";"2023/08/31 11:49:17";="590780193";P560;1;2023.7;X590780193;31AUG23;11:45:29
"mco";"dgf";"2023";"7";"2023/08/31 11:49:17";="590780193";Y557;1;2023.7;X590780193;31AUG23;11:45:29
"mco";"dgf";"2023";"7";"2023/08/31 11:49:17";="590780193";F620;1;2023.7;X590780193;31AUG23;11:45:29
"mco";"dgf";"2023";"7";"2023/08/31 11:49:17";="590780193";M4182;1;2023.7;X590780193;31AUG23;11:45:29
"mco";"dgf";"2023";"7";"2023/08/31 11:49:17";="590780193";Q303;1;2023.7;X590780193;31AUG23;11:45:29
"mco";"dgf";"2023";"7";"2023/08/31 11:49:17";="590780193";M0893;1;2023.7;X590780193;31AUG23;11:45:29
"mco";"dgf";"2023";"7";"2023/08/31 11:49:17";="590780193";Y436;1;2023.7;X590780193;31AUG23;11:45:29
"mco";"dgf";"2023";"7";"2023/08/31 11:49:17";="590780193";Y260;1;2023.7;X590780193;31AUG23;11:45:29
"mco";"dgf";"2023";"7";"2023/08/31 11:49:17";="590780193";M4205;1;2023.7;X590780193;31AUG23;11:45:29
"mco";"dgf";"2023";"7";"2023/08/31 11:49:17";="590780193";G374;1;2023.7;X590780193;31AUG23;11:45:29
"mco";"dgf";"2023";"7";"2023/08/31 11:49:17";="590780193";Q560;1;2023.7;X590780193;31AUG23;11:45:29
"mco";"dgf";"2023";"7";"2023/08/31 11:49:17";="590780193";M0892;1;2023.7;X590780193;31AUG23;11:45:29
"mco";"dgf";"2023";"7";"2023/08/31 11:49:17";="590780193";Y244;1;2023.7;X590780193;31AUG23;11:45:29
"mco";"dgf";"2023";"7";"2023/08/31 11:49:17";="590780193";Y085;1;2023.7;X590780193;31AUG23;11:45:29
"mco";"dgf";"2023";"7";"2023/08/31 11:49:17";="590780193";M4881;1;2023.7;X590780193;31AUG23;11:45:29
"mco";"dgf";"2023";"7";"2023/08/31 11:49:17";="590780193";Q842;1;2023.7;X590780193;31AUG23;11:45:29
"mco";"dgf";"2023";"7";"2023/08/31 11:49:17";="590780193";Y051;1;2023.7;X590780193;31AUG23;11:45:29
"mco";"dgf";"2023";"7";"2023/08/31 11:49:17";="590780193";Y046;1;2023.7;X590780193;31AUG23;11:45:29
"mco";"dgf";"2023";"7";"2023/08/31 11:49:17";="590780193";Y002;1;2023.7;X590780193;31AUG23;11:45:29
"mco";"dgf";"2023";"7";"2023/08/31 11:49:17";="590780193";G735;1;2023.7;X590780193;31AUG23;11:45:29
"mco";"dgf";"2023";"7";"2023/08/31 11:49:17";="590780193";M6081;1;2023.7;X590780193;31AUG23;11:45:29
"mco";"dgf";"2023";"7";"2023/08/31 11:49:17";="590780193";R823;1;2023.7;X590780193;31AUG23;11:45:29
"mco";"dgf";"2023";"7";"2023/08/31 11:49:17";="590780193";F1351;1;2023.7;X590780193;31AUG23;11:45:29
"mco";"dgf";"2023";"7";"2023/08/31 11:49:17";="590780193";S034;1;2023.7;X590780193;31AUG23;11:45:29
"mco";"dgf";"2023";"7";"2023/08/31 11:49:17";="590780193";M6084;1;2023.7;X590780193;31AUG23;11:45:29
"mco";"dgf";"2023";"7";"2023/08/31 11:49:17";="590780193";S132;1;2023.7;X590780193;31AUG23;11:45:29
"mco";"dgf";"2023";"7";"2023/08/31 11:49:17";="590780193";J675;1;2023.7;X590780193;31AUG23;11:45:29
"mco";"dgf";"2023";"7";"2023/08/31 11:49:17";="590780193";M62870;1;2023.7;X590780193;31AUG23;11:45:29
"mco";"dgf";"2023";"7";"2023/08/31 11:49:17";="590780193";S3691;1;2023.7;X590780193;31AUG23;11:45:29
"mco";"dgf";"2023";"7";"2023/08/31 11:49:17";="590780193";T701;1;2023.7;X590780193;31AUG23;11:45:29
"mco";"dgf";"2023";"7";"2023/08/31 11:49:17";="590780193";D357;1;2023.7;X590780193;31AUG23;11:45:29
"mco";"dgf";"2023";"7";"2023/08/31 11:49:17";="590780193";F161;1;2023.7;X590780193;31AUG23;11:45:29
"mco";"dgf";"2023";"7";"2023/08/31 11:49:17";="590780193";M0626;1;2023.7;X590780193;31AUG23;11:45:29
"mco";"dgf";"2023";"7";"2023/08/31 11:49:17";="590780193";M8945;1;2023.7;X590780193;31AUG23;11:45:29
"mco";"dgf";"2023";"7";"2023/08/31 11:49:17";="590780193";T506;1;2023.7;X590780193;31AUG23;11:45:29
"mco";"dgf";"2023";"7";"2023/08/31 11:49:17";="590780193";T472;1;2023.7;X590780193;31AUG23;11:45:29
"mco";"dgf";"2023";"7";"2023/08/31 11:49:17";="590780193";M8730;1;2023.7;X590780193;31AUG23;11:45:29
"mco";"dgf";"2023";"7";"2023/08/31 11:49:17";="590780193";T415;1;2023.7;X590780193;31AUG23;11:45:29
"mco";"dgf";"2023";"7";"2023/08/31 11:49:17";="590780193";T386;1;2023.7;X590780193;31AUG23;11:45:29
"mco";"dgf";"2023";"7";"2023/08/31 11:49:17";="590780193";T385;1;2023.7;X590780193;31AUG23;11:45:29
"mco";"dgf";"2023";"7";"2023/08/31 11:49:17";="590780193";M8444;1;2023.7;X590780193;31AUG23;11:45:29
"mco";"dgf";"2023";"7";"2023/08/31 11:49:17";="590780193";T372;1;2023.7;X590780193;31AUG23;11:45:29
"mco";"dgf";"2023";"7";"2023/08/31 11:49:17";="590780193";T346;1;2023.7;X590780193;31AUG23;11:45:29
"mco";"dgf";"2023";"7";"2023/08/31 11:49:17";="590780193";M8282;1;2023.7;X590780193;31AUG23;11:45:29
"mco";"dgf";"2023";"7";"2023/08/31 11:49:17";="590780193";T301;1;2023.7;X590780193;31AUG23;11:45:29
"mco";"dgf";"2023";"7";"2023/08/31 11:49:17";="590780193";T265;1;2023.7;X590780193;31AUG23;11:45:29
"mco";"dgf";"2023";"7";"2023/08/31 11:49:17";="590780193";M8047;1;2023.7;X590780193;31AUG23;11:45:29
"mco";"dgf";"2023";"7";"2023/08/31 11:49:17";="590780193";E501;1;2023.7;X590780193;31AUG23;11:45:29
"mco";"dgf";"2023";"7";"2023/08/31 11:49:17";="590780193";F15201;1;2023.7;X590780193;31AUG23;11:45:29
"mco";"dgf";"2023";"7";"2023/08/31 11:49:17";="590780193";L604;1;2023.7;X590780193;31AUG23;11:45:29
"mco";"dgf";"2023";"7";"2023/08/31 11:49:17";="590780193";M8026;1;2023.7;X590780193;31AUG23;11:45:29
"mco";"dgf";"2023";"7";"2023/08/31 11:49:17";="590780193";T234;1;2023.7;X590780193;31AUG23;11:45:29
"mco";"dgf";"2023";"7";"2023/08/31 11:49:17";="590780193";L815;1;2023.7;X590780193;31AUG23;11:45:29
"mco";"dgf";"2023";"7";"2023/08/31 11:49:17";="590780193";M8422;1;2023.7;X590780193;31AUG23;11:45:29
"mco";"dgf";"2023";"7";"2023/08/31 11:49:17";="590780193";T365;1;2023.7;X590780193;31AUG23;11:45:29
"mco";"dgf";"2023";"7";"2023/08/31 11:49:17";="590780193";F1523;1;2023.7;X590780193;31AUG23;11:45:29
"mco";"dgf";"2023";"7";"2023/08/31 11:49:17";="590780193";M8601;1;2023.7;X590780193;31AUG23;11:45:29
"mco";"dgf";"2023";"7";"2023/08/31 11:49:17";="590780193";T411;1;2023.7;X590780193;31AUG23;11:45:29
"mco";"dgf";"2023";"7";"2023/08/31 11:49:17";="590780193";M0287;1;2023.7;X590780193;31AUG23;11:45:29
"mco";"dgf";"2023";"7";"2023/08/31 11:49:17";="590780193";T453;1;2023.7;X590780193;31AUG23;11:45:29
"mco";"dgf";"2023";"7";"2023/08/31 11:49:17";="590780193";M8884;1;2023.7;X590780193;31AUG23;11:45:29
"mco";"dgf";"2023";"7";"2023/08/31 11:49:17";="590780193";T474;1;2023.7;X590780193;31AUG23;11:45:29
"mco";"dgf";"2023";"7";"2023/08/31 11:49:17";="590780193";M8022;1;2023.7;X590780193;31AUG23;11:45:29
"mco";"dgf";"2023";"7";"2023/08/31 11:49:17";="590780193";T214;1;2023.7;X590780193;31AUG23;11:45:29
"mco";"dgf";"2023";"7";"2023/08/31 11:49:17";="590780193";M7994;1;2023.7;X590780193;31AUG23;11:45:29
"mco";"dgf";"2023";"7";"2023/08/31 11:49:17";="590780193";T144;1;2023.7;X590780193;31AUG23;11:45:29
"mco";"dgf";"2023";"7";"2023/08/31 11:49:17";="590780193";M0887;1;2023.7;X590780193;31AUG23;11:45:29
"mco";"dgf";"2023";"7";"2023/08/31 11:49:17";="590780193";M903;1;2023.7;X590780193;31AUG23;11:45:29
"mco";"dgf";"2023";"7";"2023/08/31 11:49:17";="590780193";Y082;1;2023.7;X590780193;31AUG23;11:45:29
"mco";"dgf";"2023";"7";"2023/08/31 11:49:17";="590780193";T12+0;1;2023.7;X590780193;31AUG23;11:45:29
"mco";"dgf";"2023";"7";"2023/08/31 11:49:17";="590780193";M9135;1;2023.7;X590780193;31AUG23;11:45:29
"mco";"dgf";"2023";"7";"2023/08/31 11:49:17";="590780193";F1503;1;2023.7;X590780193;31AUG23;11:45:29
"mco";"dgf";"2023";"7";"2023/08/31 11:49:17";="590780193";L414;1;2023.7;X590780193;31AUG23;11:45:29
"mco";"dgf";"2023";"7";"2023/08/31 11:49:17";="590780193";M7903;1;2023.7;X590780193;31AUG23;11:45:29
"mco";"dgf";"2023";"7";"2023/08/31 11:49:17";="590780193";T091;1;2023.7;X590780193;31AUG23;11:45:29
"mco";"dgf";"2023";"7";"2023/08/31 11:49:17";="590780193";N022;1;2023.7;X590780193;31AUG23;11:45:29
"mco";"dgf";"2023";"7";"2023/08/31 11:49:17";="590780193";Y564;1;2023.7;X590780193;31AUG23;11:45:29
"mco";"dgf";"2023";"7";"2023/08/31 11:49:17";="590780193";M7115;1;2023.7;X590780193;31AUG23;11:45:29
"mco";"dgf";"2023";"7";"2023/08/31 11:49:17";="590780193";S947;1;2023.7;X590780193;31AUG23;11:45:29
"mco";"dgf";"2023";"7";"2023/08/31 11:49:17";="590780193";K931;1;2023.7;X590780193;31AUG23;11:45:29
"mco";"dgf";"2023";"7";"2023/08/31 11:49:17";="590780193";M7111;1;2023.7;X590780193;31AUG23;11:45:29
"mco";"dgf";"2023";"7";"2023/08/31 11:49:17";="590780193";S854;1;2023.7;X590780193;31AUG23;11:45:29
"mco";"dgf";"2023";"7";"2023/08/31 11:49:17";="590780193";O050;1;2023.7;X590780193;31AUG23;11:45:29
"mco";"dgf";"2023";"7";"2023/08/31 11:49:17";="590780193";S847;1;2023.7;X590780193;31AUG23;11:45:29
"mco";"dgf";"2023";"7";"2023/08/31 11:49:17";="590780193";F2520;1;2023.7;X590780193;31AUG23;11:45:29
"mco";"dgf";"2023";"7";"2023/08/31 11:49:17";="590780193";Z642;1;2023.7;X590780193;31AUG23;11:45:29
"mco";"dgf";"2023";"7";"2023/08/31 11:49:17";="590780193";B442;1;2023.7;X590780193;31AUG23;11:45:29
"mco";"dgf";"2023";"7";"2023/08/31 11:49:17";="590780193";B470;1;2023.7;X590780193;31AUG23;11:45:29
"mco";"dgf";"2023";"7";"2023/08/31 11:49:17";="590780193";B820;1;2023.7;X590780193;31AUG23;11:45:29
"mco";"dgf";"2023";"7";"2023/08/31 11:49:17";="590780193";M7097;1;2023.7;X590780193;31AUG23;11:45:29
"mco";"dgf";"2023";"7";"2023/08/31 11:49:17";="590780193";S481;1;2023.7;X590780193;31AUG23;11:45:29
"mco";"dgf";"2023";"7";"2023/08/31 11:49:17";="590780193";F1501;1;2023.7;X590780193;31AUG23;11:45:29
"mco";"dgf";"2023";"7";"2023/08/31 11:49:17";="590780193";K276;1;2023.7;X590780193;31AUG23;11:45:29
"mco";"dgf";"2023";"7";"2023/08/31 11:49:17";="590780193";S374;1;2023.7;X590780193;31AUG23;11:45:29
"mco";"dgf";"2023";"7";"2023/08/31 12:25:48";="020004404";Y731;3;2023.7;X020004404;31AUG23;12:24:34
"mco";"dgf";"2023";"7";"2023/08/31 12:25:48";="020004404";Z260;1;2023.7;X020004404;31AUG23;12:24:34
"mco";"dgf";"2023";"7";"2023/08/31 12:25:48";="020004404";O743;1;2023.7;X020004404;31AUG23;12:24:34
"mco";"dgf";"2023";"7";"2023/08/31 12:25:48";="020004404";F181;1;2023.7;X020004404;31AUG23;12:24:34
"mco";"dgf";"2023";"7";"2023/08/31 12:25:48";="020004404";M955;1;2023.7;X020004404;31AUG23;12:24:34
"mco";"dgf";"2023";"7";"2023/08/31 12:25:48";="020004404";P836;1;2023.7;X020004404;31AUG23;12:24:34
"mco";"dgf";"2023";"7";"2023/08/31 14:26:07";="590781605";Y356;2;2023.7;X590781605;31AUG23;14:25:07
"mco";"dgf";"2023";"7";"2023/08/31 14:26:07";="590781605";Y151;1;2023.7;X590781605;31AUG23;14:25:07
"mco";"dgf";"2023";"7";"2023/08/31 14:26:07";="590781605";Q000;1;2023.7;X590781605;31AUG23;14:25:07
"mco";"dgf";"2023";"7";"2023/08/31 14:26:07";="590781605";Y502;1;2023.7;X590781605;31AUG23;14:25:07
"mco";"dgf";"2023";"7";"2023/08/31 14:26:07";="590781605";T042;1;2023.7;X590781605;31AUG23;14:25:07
"mco";"dgf";"2023";"7";"2023/08/31 14:26:07";="590781605";H477;1;2023.7;X590781605;31AUG23;14:25:07
"mco";"dgf";"2023";"7";"2023/08/31 14:26:07";="590781605";Y121;1;2023.7;X590781605;31AUG23;14:25:07
"mco";"dgf";"2023";"7";"2023/08/31 14:26:07";="590781605";F2520;1;2023.7;X590781605;31AUG23;14:25:07
"mco";"dgf";"2023";"7";"2023/08/31 14:26:07";="590781605";S950;1;2023.7;X590781605;31AUG23;14:25:07
"mco";"dgf";"2023";"7";"2023/08/31 14:26:07";="590781605";Q163;1;2023.7;X590781605;31AUG23;14:25:07
"mco";"dgf";"2023";"7";"2023/08/31 14:26:07";="590781605";Z020;1;2023.7;X590781605;31AUG23;14:25:07
"mco";"dgf";"2023";"7";"2023/08/31 14:26:07";="590781605";B680;1;2023.7;X590781605;31AUG23;14:25:07
"mco";"dgf";"2023";"7";"2023/08/31 14:26:07";="590781605";F1053;1;2023.7;X590781605;31AUG23;14:25:07
"mco";"dgf";"2023";"7";"2023/08/31 14:26:07";="590781605";G722;1;2023.7;X590781605;31AUG23;14:25:07
"mco";"dgf";"2023";"7";"2023/08/31 14:26:07";="590781605";S3740;1;2023.7;X590781605;31AUG23;14:25:07
"mco";"dgf";"2023";"7";"2023/08/31 14:34:08";="800000093";M0685;1;2023.7;X800000093;31AUG23;14:33:22
"mco";"dgf";"2023";"7";"2023/08/31 14:34:08";="800000093";Y170;1;2023.7;X800000093;31AUG23;14:33:22
"mco";"dgf";"2023";"7";"2023/08/31 14:34:08";="800000093";L240;1;2023.7;X800000093;31AUG23;14:33:22
"mco";"dgf";"2023";"7";"2023/08/31 14:34:08";="800000093";L243;1;2023.7;X800000093;31AUG23;14:33:22
"mco";"dgf";"2023";"7";"2023/08/31 14:34:08";="800000093";P713;1;2023.7;X800000093;31AUG23;14:33:22
"mco";"dgf";"2023";"7";"2023/08/31 14:53:18";="600100713";Z585;5;2023.7;X600100713;31AUG23;14:51:48
"mco";"dgf";"2023";"7";"2023/08/31 14:53:18";="600100713";Y0431;1;2023.7;X600100713;31AUG23;14:51:48
"mco";"dgf";"2023";"7";"2023/08/31 14:53:18";="600100713";H475;1;2023.7;X600100713;31AUG23;14:51:48
"mco";"dgf";"2023";"7";"2023/08/31 14:53:18";="600100713";M1286;1;2023.7;X600100713;31AUG23;14:51:48
"mco";"dgf";"2023";"7";"2023/08/31 14:53:18";="600100713";M8990;1;2023.7;X600100713;31AUG23;14:51:48
"mco";"dgf";"2023";"7";"2023/08/31 14:53:18";="600100713";F2012;1;2023.7;X600100713;31AUG23;14:51:48
"mco";"dgf";"2023";"7";"2023/08/31 14:53:18";="600100713";T494;1;2023.7;X600100713;31AUG23;14:51:48
"mco";"dgf";"2023";"7";"2023/08/31 14:53:18";="600100713";F1053;1;2023.7;X600100713;31AUG23;14:51:48
"mco";"dgf";"2023";"7";"2023/08/31 14:53:18";="600100713";Z3771;1;2023.7;X600100713;31AUG23;14:51:48
"mco";"dgf";"2023";"7";"2023/08/31 14:53:18";="600100713";M7723;1;2023.7;X600100713;31AUG23;14:51:48
"mco";"dgf";"2023";"7";"2023/08/31 14:53:18";="600100713";A871;1;2023.7;X600100713;31AUG23;14:51:48
"mco";"dgf";"2023";"7";"2023/08/31 14:53:18";="600100713";B332;1;2023.7;X600100713;31AUG23;14:51:48
"mco";"dgf";"2023";"7";"2023/08/31 14:53:18";="600100713";F1822;1;2023.7;X600100713;31AUG23;14:51:48
"mco";"dgf";"2023";"7";"2023/08/31 14:53:18";="600100713";M4396;1;2023.7;X600100713;31AUG23;14:51:48
"mco";"dgf";"2023";"7";"2023/08/31 15:43:43";="590782215";L411;5;2023.7;X590782215;31AUG23;15:42:07
"mco";"dgf";"2023";"7";"2023/08/31 15:43:43";="590782215";P294;4;2023.7;X590782215;31AUG23;15:42:07
"mco";"dgf";"2023";"7";"2023/08/31 15:43:43";="590782215";Q845;2;2023.7;X590782215;31AUG23;15:42:07
"mco";"dgf";"2023";"7";"2023/08/31 15:43:43";="590782215";S772;1;2023.7;X590782215;31AUG23;15:42:07
"mco";"dgf";"2023";"7";"2023/08/31 15:43:43";="590782215";M0745;1;2023.7;X590782215;31AUG23;15:42:07
"mco";"dgf";"2023";"7";"2023/08/31 15:43:43";="590782215";O923;1;2023.7;X590782215;31AUG23;15:42:07
"mco";"dgf";"2023";"7";"2023/08/31 15:43:43";="590782215";N734;1;2023.7;X590782215;31AUG23;15:42:07
"mco";"dgf";"2023";"7";"2023/08/31 15:43:43";="590782215";F116;1;2023.7;X590782215;31AUG23;15:42:07
"mco";"dgf";"2023";"7";"2023/08/31 15:43:43";="590782215";S3241;1;2023.7;X590782215;31AUG23;15:42:07
"mco";"dgf";"2023";"7";"2023/08/31 15:43:43";="590782215";M6082;1;2023.7;X590782215;31AUG23;15:42:07
"mco";"dgf";"2023";"7";"2023/08/31 15:43:43";="590782215";T301;1;2023.7;X590782215;31AUG23;15:42:07
"mco";"dgf";"2023";"7";"2023/08/31 15:43:43";="590782215";K8700;1;2023.7;X590782215;31AUG23;15:42:07
"mco";"dgf";"2023";"7";"2023/08/31 15:43:43";="590782215";M8960;1;2023.7;X590782215;31AUG23;15:42:07
"mco";"dgf";"2023";"7";"2023/08/31 15:43:43";="590782215";M8502;1;2023.7;X590782215;31AUG23;15:42:07
"mco";"dgf";"2023";"7";"2023/08/31 15:43:43";="590782215";F02102;1;2023.7;X590782215;31AUG23;15:42:07
"mco";"dgf";"2023";"7";"2023/08/31 15:43:43";="590782215";M9972;1;2023.7;X590782215;31AUG23;15:42:07
"mco";"dgf";"2023";"7";"2023/08/31 15:43:43";="590782215";M7914;1;2023.7;X590782215;31AUG23;15:42:07
"mco";"dgf";"2023";"7";"2023/08/31 15:43:43";="590782215";Z3760;1;2023.7;X590782215;31AUG23;15:42:07
"mco";"dgf";"2023";"7";"2023/08/31 15:43:43";="590782215";O056;1;2023.7;X590782215;31AUG23;15:42:07
"mco";"dgf";"2023";"7";"2023/08/31 15:43:43";="590782215";A871;1;2023.7;X590782215;31AUG23;15:42:07
"mco";"dgf";"2023";"7";"2023/08/31 15:43:43";="590782215";Y402;1;2023.7;X590782215;31AUG23;15:42:07
"mco";"dgf";"2023";"7";"2023/08/31 15:43:43";="590782215";M4682;1;2023.7;X590782215;31AUG23;15:42:07
"mco";"dgf";"2023";"7";"2023/08/31 15:43:43";="590782215";F1701;1;2023.7;X590782215;31AUG23;15:42:07
"mco";"dgf";"2023";"7";"2023/08/31 15:43:43";="590782215";S847;1;2023.7;X590782215;31AUG23;15:42:07
"mco";"dgf";"2023";"7";"2023/08/31 15:43:43";="590782215";M62870;1;2023.7;X590782215;31AUG23;15:42:07
"mco";"dgf";"2023";"7";"2023/08/31 15:43:43";="590782215";T752;1;2023.7;X590782215;31AUG23;15:42:07
"mco";"dgf";"2023";"7";"2023/08/31 15:43:43";="590782215";Y302;1;2023.7;X590782215;31AUG23;15:42:07
"mco";"dgf";"2023";"7";"2023/08/31 15:43:43";="590782215";M7261;1;2023.7;X590782215;31AUG23;15:42:07
"mco";"dgf";"2023";"7";"2023/08/31 15:43:43";="590782215";Z020;1;2023.7;X590782215;31AUG23;15:42:07
"mco";"dgf";"2023";"7";"2023/08/31 15:43:43";="590782215";J620;1;2023.7;X590782215;31AUG23;15:42:07
"mco";"dgf";"2023";"7";"2023/08/31 15:43:43";="590782215";A541;1;2023.7;X590782215;31AUG23;15:42:07
"mco";"dgf";"2023";"7";"2023/08/31 15:43:43";="590782215";A803;1;2023.7;X590782215;31AUG23;15:42:07
"mco";"dgf";"2023";"7";"2023/08/31 15:43:43";="590782215";B484;1;2023.7;X590782215;31AUG23;15:42:07
"mco";"dgf";"2023";"7";"2023/08/31 15:43:43";="590782215";G543;1;2023.7;X590782215;31AUG23;15:42:07
"mco";"dgf";"2023";"7";"2023/08/31 15:43:43";="590782215";M6510;1;2023.7;X590782215;31AUG23;15:42:07
"mco";"dgf";"2023";"7";"2023/08/31 15:43:43";="590782215";Y202;1;2023.7;X590782215;31AUG23;15:42:07
"mco";"dgf";"2023";"7";"2023/08/31 16:59:21";="620100685";Y340;1;2023.7;X620100685;31AUG23;16:57:50
"mco";"dgf";"2023";"7";"2023/08/31 16:59:21";="620100685";S3770;1;2023.7;X620100685;31AUG23;16:57:50
"mco";"dgf";"2023";"7";"2023/08/31 16:59:21";="620100685";P720;1;2023.7;X620100685;31AUG23;16:57:50
"mco";"dgf";"2023";"7";"2023/08/31 16:59:21";="620100685";Q000;1;2023.7;X620100685;31AUG23;16:57:50
"mco";"dgf";"2023";"7";"2023/08/31 16:59:21";="620100685";Q561;1;2023.7;X620100685;31AUG23;16:57:50
"mco";"dgf";"2023";"7";"2023/08/31 16:59:21";="620100685";O892;1;2023.7;X620100685;31AUG23;16:57:50
"mco";"dgf";"2023";"7";"2023/08/31 16:59:21";="620100685";Y117;1;2023.7;X620100685;31AUG23;16:57:50
"mco";"dgf";"2023";"7";"2023/08/31 16:59:21";="620100685";M7933;1;2023.7;X620100685;31AUG23;16:57:50
"mco";"dgf";"2023";"7";"2023/08/31 16:59:21";="620100685";Y496;1;2023.7;X620100685;31AUG23;16:57:50
"mco";"dgf";"2023";"7";"2023/08/31 16:59:21";="620100685";B740;1;2023.7;X620100685;31AUG23;16:57:50
"mco";"dgf";"2023";"7";"2023/08/31 16:59:21";="620100685";F1622;1;2023.7;X620100685;31AUG23;16:57:50
"mco";"dgf";"2023";"7";"2023/08/31 16:59:21";="620100685";M8545;1;2023.7;X620100685;31AUG23;16:57:50
"mco";"dgf";"2023";"7";"2023/08/31 16:59:21";="620100685";Q010;1;2023.7;X620100685;31AUG23;16:57:50
"mco";"dgf";"2023";"7";"2023/08/31 18:54:05";="800000069";Z020;1;2023.7;X800000069;31AUG23;18:53:23
"mco";"dgf";"2023";"7";"2023/08/31 18:54:05";="800000069";B352;1;2023.7;X800000069;31AUG23;18:53:23
"mco";"dgf";"2023";"7";"2023/08/31 18:54:05";="800000069";M8184;1;2023.7;X800000069;31AUG23;18:53:23
"mco";"dgf";"2023";"7";"2023/09/01 08:06:59";="020000071";B740;1;2023.7;X020000071;01SEP23;8:06:20
"mco";"dgf";"2023";"7";"2023/09/01 09:19:09";="600100721";Y713;1;2023.7;X600100721;01SEP23;9:18:13
"mco";"dgf";"2023";"7";"2023/09/01 09:19:09";="600100721";Y0482;1;2023.7;X600100721;01SEP23;9:18:13
"mco";"dgf";"2023";"7";"2023/09/01 09:19:09";="600100721";Q551;1;2023.7;X600100721;01SEP23;9:18:13
"mco";"dgf";"2023";"7";"2023/09/01 09:19:09";="600100721";Q801;1;2023.7;X600100721;01SEP23;9:18:13
"mco";"dgf";"2023";"7";"2023/09/01 09:19:09";="600100721";T382;1;2023.7;X600100721;01SEP23;9:18:13
"mco";"dgf";"2023";"7";"2023/09/01 09:19:09";="600100721";M4920;1;2023.7;X600100721;01SEP23;9:18:13
"mco";"dgf";"2023";"7";"2023/09/01 09:19:09";="600100721";Y615;1;2023.7;X600100721;01SEP23;9:18:13
"mco";"dgf";"2023";"7";"2023/09/01 09:19:09";="600100721";M4394;1;2023.7;X600100721;01SEP23;9:18:13
"mco";"dgf";"2023";"7";"2023/09/01 09:19:09";="600100721";B392;1;2023.7;X600100721;01SEP23;9:18:13
"mco";"dgf";"2023";"7";"2023/09/01 09:19:09";="600100721";B674;1;2023.7;X600100721;01SEP23;9:18:13
"mco";"dgf";"2023";"7";"2023/09/01 09:19:09";="600100721";M4704;1;2023.7;X600100721;01SEP23;9:18:13
"mco";"dgf";"2023";"7";"2023/09/01 09:19:09";="600100721";T366;1;2023.7;X600100721;01SEP23;9:18:13
"mco";"dgf";"2023";"7";"2023/09/01 12:16:04";="620100057";M9972;2;2023.7;X620100057;01SEP23;12:14:44
"mco";"dgf";"2023";"7";"2023/09/01 12:16:04";="620100057";M493;2;2023.7;X620100057;01SEP23;12:14:44
"mco";"dgf";"2023";"7";"2023/09/01 12:16:04";="620100057";G722;2;2023.7;X620100057;01SEP23;12:14:44
"mco";"dgf";"2023";"7";"2023/09/01 12:16:04";="620100057";Q064;2;2023.7;X620100057;01SEP23;12:14:44
"mco";"dgf";"2023";"7";"2023/09/01 12:16:04";="620100057";M9944;1;2023.7;X620100057;01SEP23;12:14:44
"mco";"dgf";"2023";"7";"2023/09/01 12:16:04";="620100057";M8947;1;2023.7;X620100057;01SEP23;12:14:44
"mco";"dgf";"2023";"7";"2023/09/01 12:16:04";="620100057";M6204;1;2023.7;X620100057;01SEP23;12:14:44
"mco";"dgf";"2023";"7";"2023/09/01 12:16:04";="620100057";M0305;1;2023.7;X620100057;01SEP23;12:14:44
"mco";"dgf";"2023";"7";"2023/09/01 12:16:04";="620100057";Z3741;1;2023.7;X620100057;01SEP23;12:14:44
"mco";"dgf";"2023";"7";"2023/09/01 12:16:04";="620100057";F01821;1;2023.7;X620100057;01SEP23;12:14:44
"mco";"dgf";"2023";"7";"2023/09/01 12:16:04";="620100057";H624;1;2023.7;X620100057;01SEP23;12:14:44
"mco";"dgf";"2023";"7";"2023/09/01 12:16:04";="620100057";T0220;1;2023.7;X620100057;01SEP23;12:14:44
"mco";"dgf";"2023";"7";"2023/09/01 12:16:04";="620100057";K670;1;2023.7;X620100057;01SEP23;12:14:44
"mco";"dgf";"2023";"7";"2023/09/01 12:16:04";="620100057";U829+1;1;2023.7;X620100057;01SEP23;12:14:44
"mco";"dgf";"2023";"7";"2023/09/01 12:16:04";="620100057";F2023;1;2023.7;X620100057;01SEP23;12:14:44
"mco";"dgf";"2023";"7";"2023/09/01 12:16:04";="620100057";A515;1;2023.7;X620100057;01SEP23;12:14:44
"mco";"dgf";"2023";"7";"2023/09/01 12:16:04";="620100057";E342;1;2023.7;X620100057;01SEP23;12:14:44
"mco";"dgf";"2023";"7";"2023/09/01 12:16:04";="620100057";F194;1;2023.7;X620100057;01SEP23;12:14:44
"mco";"dgf";"2023";"7";"2023/09/01 12:16:04";="620100057";J65;1;2023.7;X620100057;01SEP23;12:14:44
"mco";"dgf";"2023";"7";"2023/09/01 12:16:04";="620100057";O292;1;2023.7;X620100057;01SEP23;12:14:44
"mco";"dgf";"2023";"7";"2023/09/01 12:22:43";="600101984";D740;2;2023.7;X600101984;01SEP23;12:20:52
"mco";"dgf";"2023";"7";"2023/09/01 12:22:43";="600101984";Z8502;1;2023.7;X600101984;01SEP23;12:20:52
"mco";"dgf";"2023";"7";"2023/09/01 13:08:17";="800000028";B263;1;2023.7;X800000028;01SEP23;13:07:27
"mco";"dgf";"2023";"7";"2023/09/01 14:03:09";="590783239";M8155;2;2023.7;X590783239;01SEP23;14:02:13
"mco";"dgf";"2023";"7";"2023/09/01 14:03:09";="590783239";Y052;1;2023.7;X590783239;01SEP23;14:02:13
"mco";"dgf";"2023";"7";"2023/09/01 14:03:09";="590783239";M8051;1;2023.7;X590783239;01SEP23;14:02:13
"mco";"dgf";"2023";"7";"2023/09/01 14:03:09";="590783239";Y557;1;2023.7;X590783239;01SEP23;14:02:13
"mco";"dgf";"2023";"7";"2023/09/01 14:03:09";="590783239";T484;1;2023.7;X590783239;01SEP23;14:02:13
"mco";"dgf";"2023";"7";"2023/09/01 14:03:09";="590783239";M7111;1;2023.7;X590783239;01SEP23;14:02:13
"mco";"dgf";"2023";"7";"2023/09/01 14:03:09";="590783239";T497;1;2023.7;X590783239;01SEP23;14:02:13
"mco";"dgf";"2023";"7";"2023/09/01 14:03:09";="590783239";F662;1;2023.7;X590783239;01SEP23;14:02:13
"mco";"dgf";"2023";"7";"2023/09/01 14:03:09";="590783239";Y114;1;2023.7;X590783239;01SEP23;14:02:13
"mco";"dgf";"2023";"7";"2023/09/01 14:03:09";="590783239";M8386;1;2023.7;X590783239;01SEP23;14:02:13
"mco";"dgf";"2023";"7";"2023/09/01 14:03:09";="590783239";Z584;1;2023.7;X590783239;01SEP23;14:02:13
"mco";"dgf";"2023";"7";"2023/09/01 14:03:09";="590783239";S880;1;2023.7;X590783239;01SEP23;14:02:13
"mco";"dgf";"2023";"7";"2023/09/01 14:03:09";="590783239";M6635;1;2023.7;X590783239;01SEP23;14:02:13
"mco";"dgf";"2023";"7";"2023/09/01 14:03:09";="590783239";T12+0;1;2023.7;X590783239;01SEP23;14:02:13
"mco";"dgf";"2023";"7";"2023/09/01 14:03:09";="590783239";F180;1;2023.7;X590783239;01SEP23;14:02:13
"mco";"dgf";"2023";"7";"2023/09/01 14:03:09";="590783239";T494;1;2023.7;X590783239;01SEP23;14:02:13
"mco";"dgf";"2023";"7";"2023/09/01 14:03:09";="590783239";M7190;1;2023.7;X590783239;01SEP23;14:02:13
"mco";"dgf";"2023";"7";"2023/09/01 14:03:09";="590783239";T651;1;2023.7;X590783239;01SEP23;14:02:13
"mco";"dgf";"2023";"7";"2023/09/01 14:03:09";="590783239";F01130;1;2023.7;X590783239;01SEP23;14:02:13
"mco";"dgf";"2023";"7";"2023/09/01 14:03:09";="590783239";Y094;1;2023.7;X590783239;01SEP23;14:02:13
"mco";"dgf";"2023";"7";"2023/09/01 14:03:09";="590783239";P836;1;2023.7;X590783239;01SEP23;14:02:13
"mco";"dgf";"2023";"7";"2023/09/01 14:03:09";="590783239";Y130;1;2023.7;X590783239;01SEP23;14:02:13
"mco";"dgf";"2023";"7";"2023/09/01 14:03:09";="590783239";H477;1;2023.7;X590783239;01SEP23;14:02:13
"mco";"dgf";"2023";"7";"2023/09/01 14:03:09";="590783239";Y602;1;2023.7;X590783239;01SEP23;14:02:13
"mco";"dgf";"2023";"7";"2023/09/01 14:03:09";="590783239";N025;1;2023.7;X590783239;01SEP23;14:02:13
"mco";"dgf";"2023";"7";"2023/09/01 14:03:09";="590783239";C764;1;2023.7;X590783239;01SEP23;14:02:13
"mco";"dgf";"2023";"7";"2023/09/01 14:03:09";="590783239";E012;1;2023.7;X590783239;01SEP23;14:02:13
"mco";"dgf";"2023";"7";"2023/09/01 14:03:09";="590783239";F1541;1;2023.7;X590783239;01SEP23;14:02:13
"mco";"dgf";"2023";"7";"2023/09/01 14:03:09";="590783239";M2513;1;2023.7;X590783239;01SEP23;14:02:13
"mco";"dgf";"2023";"7";"2023/09/01 14:03:09";="590783239";P141;1;2023.7;X590783239;01SEP23;14:02:13
"mco";"dgf";"2023";"7";"2023/09/01 16:56:11";="020000063";N065;1;2023.7;X020000063;01SEP23;16:55:02
"mco";"dgf";"2023";"7";"2023/09/01 16:56:11";="020000063";M7997;1;2023.7;X020000063;01SEP23;16:55:02
"mco";"dgf";"2023";"7";"2023/09/01 16:56:11";="020000063";M5301;1;2023.7;X020000063;01SEP23;16:55:02
"mco";"dgf";"2023";"7";"2023/09/01 16:56:11";="020000063";S145;1;2023.7;X020000063;01SEP23;16:55:02
"mco";"dgf";"2023";"7";"2023/09/01 16:56:11";="020000063";K383;1;2023.7;X020000063;01SEP23;16:55:02
"mco";"dgf";"2023";"7";"2023/09/01 16:56:11";="020000063";M4842;1;2023.7;X020000063;01SEP23;16:55:02
"mco";"dgf";"2023";"7";"2023/09/01 16:56:11";="020000063";M5392;1;2023.7;X020000063;01SEP23;16:55:02
"mco";"dgf";"2023";"7";"2023/09/01 16:56:11";="020000063";T345;1;2023.7;X020000063;01SEP23;16:55:02
"mco";"dgf";"2023";"7";"2023/09/04 15:54:44";="620103432";Y0504;1;2023.7;X620103432;04SEP23;15:53:55
"mco";"dgf";"2023";"7";"2023/09/04 15:54:44";="620103432";T041;1;2023.7;X620103432;04SEP23;15:53:55
"mco";"dgf";"2023";"7";"2023/09/04 15:54:44";="620103432";Q503;1;2023.7;X620103432;04SEP23;15:53:55
"mco";"dgf";"2023";"7";"2023/09/04 15:54:44";="620103432";I393;1;2023.7;X620103432;04SEP23;15:53:55
"mco";"dgf";"2023";"7";"2023/09/04 15:54:44";="620103432";K714;1;2023.7;X620103432;04SEP23;15:53:55
"mco";"dgf";"2023";"7";"2023/09/04 15:54:44";="620103432";Q925;1;2023.7;X620103432;04SEP23;15:53:55
"mco";"dgf";"2023";"7";"2023/09/05 09:24:09";="590782637";Z025;1;2023.7;X590782637;05SEP23;9:23:23
"mco";"dgf";"2023";"7";"2023/09/05 09:24:09";="590782637";M6147;1;2023.7;X590782637;05SEP23;9:23:23
"mco";"dgf";"2023";"7";"2023/09/05 09:24:09";="590782637";M7977;1;2023.7;X590782637;05SEP23;9:23:23
"mco";"dgf";"2023";"7";"2023/09/05 12:10:03";="590781803";F161;4;2023.7;X590781803;05SEP23;12:09:07
"mco";"dgf";"2023";"7";"2023/09/05 12:10:03";="590781803";Z576;3;2023.7;X590781803;05SEP23;12:09:07
"mco";"dgf";"2023";"7";"2023/09/05 12:10:03";="590781803";Q985;1;2023.7;X590781803;05SEP23;12:09:07
"mco";"dgf";"2023";"7";"2023/09/05 12:10:03";="590781803";M4851;1;2023.7;X590781803;05SEP23;12:09:07
"mco";"dgf";"2023";"7";"2023/09/05 12:10:03";="590781803";T133;1;2023.7;X590781803;05SEP23;12:09:07
"mco";"dgf";"2023";"7";"2023/09/05 12:10:03";="590781803";O741;1;2023.7;X590781803;05SEP23;12:09:07
"mco";"dgf";"2023";"7";"2023/09/05 12:10:03";="590781803";F662;1;2023.7;X590781803;05SEP23;12:09:07
"mco";"dgf";"2023";"7";"2023/09/05 12:10:03";="590781803";O890;1;2023.7;X590781803;05SEP23;12:09:07
"mco";"dgf";"2023";"7";"2023/09/05 12:10:03";="590781803";B853;1;2023.7;X590781803;05SEP23;12:09:07
"mco";"dgf";"2023";"7";"2023/09/05 12:10:03";="590781803";R781;1;2023.7;X590781803;05SEP23;12:09:07
"mco";"dgf";"2023";"7";"2023/09/05 12:10:03";="590781803";M8166;1;2023.7;X590781803;05SEP23;12:09:07
"mco";"dgf";"2023";"7";"2023/09/05 12:10:03";="590781803";T144;1;2023.7;X590781803;05SEP23;12:09:07
"mco";"dgf";"2023";"7";"2023/09/05 12:10:03";="590781803";Y356;1;2023.7;X590781803;05SEP23;12:09:07
"mco";"dgf";"2023";"7";"2023/09/05 12:10:03";="590781803";N490;1;2023.7;X590781803;05SEP23;12:09:07
"mco";"dgf";"2023";"7";"2023/09/05 12:10:03";="590781803";A985;1;2023.7;X590781803;05SEP23;12:09:07
"mco";"dgf";"2023";"7";"2023/09/05 12:10:03";="590781803";B410;1;2023.7;X590781803;05SEP23;12:09:07
"mco";"dgf";"2023";"7";"2023/09/05 12:10:03";="590781803";Y0492;1;2023.7;X590781803;05SEP23;12:09:07
"mco";"dgf";"2023";"7";"2023/09/05 12:10:03";="590781803";M8421;1;2023.7;X590781803;05SEP23;12:09:07
"mco";"dgf";"2023";"7";"2023/09/05 12:10:03";="590781803";T730;1;2023.7;X590781803;05SEP23;12:09:07
"mco";"dgf";"2023";"7";"2023/09/05 17:41:20";="590780227";Q561;1;2023.7;X590780227;05SEP23;17:40:33
"mco";"dgf";"2023";"7";"2023/09/05 17:41:20";="590780227";T677;1;2023.7;X590780227;05SEP23;17:40:33
"mco";"dgf";"2023";"7";"2023/09/05 17:45:27";="800000044";N030;3;2023.7;X800000044;05SEP23;17:44:11
"mco";"dgf";"2023";"7";"2023/09/05 17:45:27";="800000044";R835;3;2023.7;X800000044;05SEP23;17:44:11
"mco";"dgf";"2023";"7";"2023/09/05 17:45:27";="800000044";M6195;3;2023.7;X800000044;05SEP23;17:44:11
"mco";"dgf";"2023";"7";"2023/09/05 17:45:27";="800000044";D740;3;2023.7;X800000044;05SEP23;17:44:11
"mco";"dgf";"2023";"7";"2023/09/05 17:45:27";="800000044";Q272;2;2023.7;X800000044;05SEP23;17:44:11
"mco";"dgf";"2023";"7";"2023/09/05 17:45:27";="800000044";M4192;2;2023.7;X800000044;05SEP23;17:44:11
"mco";"dgf";"2023";"7";"2023/09/05 17:45:27";="800000044";M8792;2;2023.7;X800000044;05SEP23;17:44:11
"mco";"dgf";"2023";"7";"2023/09/05 17:45:27";="800000044";Y413;2;2023.7;X800000044;05SEP23;17:44:11
"mco";"dgf";"2023";"7";"2023/09/05 17:45:27";="800000044";Z765;2;2023.7;X800000044;05SEP23;17:44:11
"mco";"dgf";"2023";"7";"2023/09/05 17:45:27";="800000044";Y0492;1;2023.7;X800000044;05SEP23;17:44:11
"mco";"dgf";"2023";"7";"2023/09/05 17:45:27";="800000044";M8192;1;2023.7;X800000044;05SEP23;17:44:11
"mco";"dgf";"2023";"7";"2023/09/05 17:45:27";="800000044";Y364;1;2023.7;X800000044;05SEP23;17:44:11
"mco";"dgf";"2023";"7";"2023/09/05 17:45:27";="800000044";T621;1;2023.7;X800000044;05SEP23;17:44:11
"mco";"dgf";"2023";"7";"2023/09/05 17:45:27";="800000044";F161;1;2023.7;X800000044;05SEP23;17:44:11
"mco";"dgf";"2023";"7";"2023/09/05 17:45:27";="800000044";M62830;1;2023.7;X800000044;05SEP23;17:44:11
"mco";"dgf";"2023";"7";"2023/09/05 17:45:27";="800000044";S481;1;2023.7;X800000044;05SEP23;17:44:11
"mco";"dgf";"2023";"7";"2023/09/05 17:45:27";="800000044";Q925;1;2023.7;X800000044;05SEP23;17:44:11
"mco";"dgf";"2023";"7";"2023/09/05 17:45:27";="800000044";M4643;1;2023.7;X800000044;05SEP23;17:44:11
"mco";"dgf";"2023";"7";"2023/09/05 17:45:27";="800000044";S071;1;2023.7;X800000044;05SEP23;17:44:11
"mco";"dgf";"2023";"7";"2023/09/05 17:45:27";="800000044";B740;1;2023.7;X800000044;05SEP23;17:44:11
"mco";"dgf";"2023";"7";"2023/09/05 17:45:27";="800000044";T367;1;2023.7;X800000044;05SEP23;17:44:11
"mco";"dgf";"2023";"7";"2023/09/05 17:45:27";="800000044";M772;1;2023.7;X800000044;05SEP23;17:44:11
"mco";"dgf";"2023";"7";"2023/09/05 17:45:27";="800000044";Y0431;1;2023.7;X800000044;05SEP23;17:44:11
"mco";"dgf";"2023";"7";"2023/09/05 17:45:27";="800000044";F55+5;1;2023.7;X800000044;05SEP23;17:44:11
"mco";"dgf";"2023";"7";"2023/09/05 17:45:27";="800000044";Y1982;1;2023.7;X800000044;05SEP23;17:44:11
"mco";"dgf";"2023";"7";"2023/09/05 17:45:27";="800000044";F8410;1;2023.7;X800000044;05SEP23;17:44:11
"mco";"dgf";"2023";"7";"2023/09/05 17:45:27";="800000044";Y655;1;2023.7;X800000044;05SEP23;17:44:11
"mco";"dgf";"2023";"7";"2023/09/05 17:45:27";="800000044";Q452;1;2023.7;X800000044;05SEP23;17:44:11
"mco";"dgf";"2023";"7";"2023/09/05 17:45:27";="800000044";F0224;1;2023.7;X800000044;05SEP23;17:44:11
"mco";"dgf";"2023";"7";"2023/09/05 17:45:27";="800000044";M2393;1;2023.7;X800000044;05SEP23;17:44:11
"mco";"dgf";"2023";"7";"2023/09/05 17:45:27";="800000044";P260;1;2023.7;X800000044;05SEP23;17:44:11
"mco";"dgf";"2023";"7";"2023/09/05 17:45:27";="800000044";O0482;1;2023.7;X800000044;05SEP23;17:44:11
"mco";"dgf";"2023";"7";"2023/09/05 17:45:27";="800000044";M1285;1;2023.7;X800000044;05SEP23;17:44:11
"mco";"dgf";"2023";"7";"2023/09/05 17:45:27";="800000044";P234;1;2023.7;X800000044;05SEP23;17:44:11
"mco";"dgf";"2023";"7";"2023/09/05 17:45:27";="800000044";B583;1;2023.7;X800000044;05SEP23;17:44:11
"mco";"dgf";"2023";"7";"2023/09/05 17:45:27";="800000044";P294;1;2023.7;X800000044;05SEP23;17:44:11
"mco";"dgf";"2023";"7";"2023/09/05 17:45:27";="800000044";N067;1;2023.7;X800000044;05SEP23;17:44:11
"mco";"dgf";"2023";"7";"2023/09/05 17:45:27";="800000044";F1407;1;2023.7;X800000044;05SEP23;17:44:11
"mco";"dgf";"2023";"7";"2023/09/05 17:45:27";="800000044";Q985;1;2023.7;X800000044;05SEP23;17:44:11
"mco";"dgf";"2023";"7";"2023/09/05 17:45:27";="800000044";E504;1;2023.7;X800000044;05SEP23;17:44:11
"mco";"dgf";"2023";"7";"2023/09/05 17:45:27";="800000044";M1280;1;2023.7;X800000044;05SEP23;17:44:11
"mco";"dgf";"2023";"7";"2023/09/05 17:45:27";="800000044";N064;1;2023.7;X800000044;05SEP23;17:44:11
"mco";"dgf";"2023";"7";"2023/09/05 17:45:27";="800000044";A871;1;2023.7;X800000044;05SEP23;17:44:11
"mco";"dgf";"2023";"7";"2023/09/05 17:45:27";="800000044";T114;1;2023.7;X800000044;05SEP23;17:44:11
"mco";"dgf";"2023";"7";"2023/09/05 17:45:27";="800000044";M7261;1;2023.7;X800000044;05SEP23;17:44:11
"mco";"dgf";"2023";"7";"2023/09/05 17:45:27";="800000044";T483;1;2023.7;X800000044;05SEP23;17:44:11
"mco";"dgf";"2023";"7";"2023/09/05 17:45:27";="800000044";F16202;1;2023.7;X800000044;05SEP23;17:44:11
"mco";"dgf";"2023";"7";"2023/09/05 17:45:27";="800000044";T730;1;2023.7;X800000044;05SEP23;17:44:11
"mco";"dgf";"2023";"7";"2023/09/05 17:45:27";="800000044";M7982;1;2023.7;X800000044;05SEP23;17:44:11
"mco";"dgf";"2023";"7";"2023/09/05 17:45:27";="800000044";Y0452;1;2023.7;X800000044;05SEP23;17:44:11
"mco";"dgf";"2023";"7";"2023/09/05 17:45:27";="800000044";B854;1;2023.7;X800000044;05SEP23;17:44:11
"mco";"dgf";"2023";"7";"2023/09/05 17:45:27";="800000044";Y084;1;2023.7;X800000044;05SEP23;17:44:11
"mco";"dgf";"2023";"7";"2023/09/05 17:45:27";="800000044";M8790;1;2023.7;X800000044;05SEP23;17:44:11
"mco";"dgf";"2023";"7";"2023/09/05 17:45:27";="800000044";Y362;1;2023.7;X800000044;05SEP23;17:44:11
"mco";"dgf";"2023";"7";"2023/09/05 17:45:27";="800000044";M1112;1;2023.7;X800000044;05SEP23;17:44:11
"mco";"dgf";"2023";"7";"2023/09/05 17:45:27";="800000044";N027;1;2023.7;X800000044;05SEP23;17:44:11
"mco";"dgf";"2023";"7";"2023/09/05 17:45:27";="800000044";M9077;1;2023.7;X800000044;05SEP23;17:44:11
"mco";"dgf";"2023";"7";"2023/09/05 17:45:27";="800000044";Y711;1;2023.7;X800000044;05SEP23;17:44:11
"mco";"dgf";"2023";"7";"2023/09/05 17:45:27";="800000044";Z3741;1;2023.7;X800000044;05SEP23;17:44:11
"mco";"dgf";"2023";"7";"2023/09/05 17:45:27";="800000044";N024;1;2023.7;X800000044;05SEP23;17:44:11
"mco";"dgf";"2023";"7";"2023/09/05 17:45:27";="800000044";Z3770;1;2023.7;X800000044;05SEP23;17:44:11
"mco";"dgf";"2023";"7";"2023/09/05 17:45:27";="800000044";A051;1;2023.7;X800000044;05SEP23;17:44:11
"mco";"dgf";"2023";"7";"2023/09/05 17:45:27";="800000044";A512;1;2023.7;X800000044;05SEP23;17:44:11
"mco";"dgf";"2023";"7";"2023/09/05 17:45:27";="800000044";B375;1;2023.7;X800000044;05SEP23;17:44:11
"mco";"dgf";"2023";"7";"2023/09/05 17:45:27";="800000044";Z240;1;2023.7;X800000044;05SEP23;17:44:11
"mco";"dgf";"2023";"7";"2023/09/05 17:45:27";="800000044";L590;1;2023.7;X800000044;05SEP23;17:44:11
"mco";"dgf";"2023";"7";"2023/09/05 17:45:27";="800000044";N015;1;2023.7;X800000044;05SEP23;17:44:11
"mco";"dgf";"2023";"7";"2023/09/05 17:45:27";="800000044";Y751;1;2023.7;X800000044;05SEP23;17:44:11
"mco";"dgf";"2023";"7";"2023/09/07 20:01:31";="590781902";Q783;4;2023.7;X590781902;07SEP23;20:00:41
"mco";"dgf";"2023";"7";"2023/09/07 20:01:31";="590781902";Y634;2;2023.7;X590781902;07SEP23;20:00:41
"mco";"dgf";"2023";"7";"2023/09/07 20:01:31";="590781902";M6510;1;2023.7;X590781902;07SEP23;20:00:41
"mco";"dgf";"2023";"7";"2023/09/07 20:01:31";="590781902";M1095;1;2023.7;X590781902;07SEP23;20:00:41
"mco";"dgf";"2023";"7";"2023/09/07 20:01:31";="590781902";M996;1;2023.7;X590781902;07SEP23;20:00:41
"mco";"dgf";"2023";"7";"2023/09/07 20:01:31";="590781902";Z584;1;2023.7;X590781902;07SEP23;20:00:41
"mco";"dgf";"2023";"7";"2023/09/07 20:01:31";="590781902";M5403;1;2023.7;X590781902;07SEP23;20:00:41
"mco";"dgf";"2023";"7";"2023/09/07 20:01:31";="590781902";M6081;1;2023.7;X590781902;07SEP23;20:00:41
"mco";"dgf";"2023";"7";"2023/09/07 20:01:31";="590781902";E642;1;2023.7;X590781902;07SEP23;20:00:41
"mco";"dgf";"2023";"7";"2023/09/07 20:01:31";="590781902";M6636;1;2023.7;X590781902;07SEP23;20:00:41
"mco";"dgf";"2023";"7";"2023/09/07 20:01:31";="590781902";M2191;1;2023.7;X590781902;07SEP23;20:00:41
"mco";"dgf";"2023";"7";"2023/09/07 20:01:31";="590781902";N741;1;2023.7;X590781902;07SEP23;20:00:41
"mco";"dgf";"2023";"7";"2023/09/07 20:01:31";="590781902";T114;1;2023.7;X590781902;07SEP23;20:00:41
"mco";"dgf";"2023";"7";"2023/09/07 20:01:31";="590781902";M2430;1;2023.7;X590781902;07SEP23;20:00:41
"mco";"dgf";"2023";"7";"2023/09/07 20:01:31";="590781902";T367;1;2023.7;X590781902;07SEP23;20:00:41
"mco";"dgf";"2023";"7";"2023/09/07 20:01:31";="590781902";M0186;1;2023.7;X590781902;07SEP23;20:00:41
"mco";"dgf";"2023";"7";"2023/09/07 20:01:31";="590781902";A35;1;2023.7;X590781902;07SEP23;20:00:41
"mco";"dgf";"2023";"7";"2023/09/07 20:01:31";="590781902";B080;1;2023.7;X590781902;07SEP23;20:00:41
"mco";"dgf";"2023";"7";"2023/09/07 20:01:31";="590781902";F0244;1;2023.7;X590781902;07SEP23;20:00:41
"mco";"dgf";"2023";"7";"2023/09/07 20:01:31";="590781902";M2192;1;2023.7;X590781902;07SEP23;20:00:41
"mco";"dgf";"2023";"7";"2023/09/07 20:01:31";="590781902";Q710;1;2023.7;X590781902;07SEP23;20:00:41
