"champ";"statut";"annee";"periode";"date du resultat";"ipe";let_ghm;adnp_11;adnp_10;adnp_21;adnp_20;adnp_v1;adnp_v0;adnp_x1;adnp_x0;Total_Dans;Total_Hors;Total;per_comp;finess_comp;date_comp;temp_comp
"mco";"dgf";"2023";"7";"2023/08/08 14:41:14";="800000036";M;0;0;8;0;0;1;0;0;8;1;9;2023.7;X800000036;08AUG23;14:40:54
"mco";"dgf";"2023";"7";"2023/08/08 14:41:14";="800000036";Z;0;0;0;0;0;5;0;0;0;5;5;2023.7;X800000036;08AUG23;14:40:54
"mco";"dgf";"2023";"7";"2023/08/11 08:31:11";="600100168";C;0;0;59;0;0;0;0;0;59;0;59;2023.7;X600100168;11AUG23;8:30:51
"mco";"dgf";"2023";"7";"2023/08/11 08:31:11";="600100168";K;0;0;9;0;0;0;0;0;9;0;9;2023.7;X600100168;11AUG23;8:30:51
"mco";"dgf";"2023";"7";"2023/08/11 08:31:11";="600100168";M;1;0;254;0;0;0;0;0;255;0;255;2023.7;X600100168;11AUG23;8:30:51
"mco";"dgf";"2023";"7";"2023/08/11 08:31:11";="600100168";Z;0;0;0;0;0;170;0;0;0;170;170;2023.7;X600100168;11AUG23;8:30:51
"mco";"dgf";"2023";"7";"2023/08/18 15:14:59";="020000022";M;9;0;28;0;0;0;0;0;37;0;37;2023.7;X020000022;18AUG23;15:14:25
"mco";"dgf";"2023";"7";"2023/08/18 15:14:59";="020000022";Z;0;0;0;0;0;30;0;0;0;30;30;2023.7;X020000022;18AUG23;15:14:25
"mco";"dgf";"2023";"7";"2023/08/22 19:10:00";="590782439";M;5;0;57;0;0;0;0;0;62;0;62;2023.7;X590782439;22AUG23;19:09:40
"mco";"dgf";"2023";"7";"2023/08/22 19:10:00";="590782439";Z;0;0;0;4;0;2;0;0;0;6;6;2023.7;X590782439;22AUG23;19:09:40
"mco";"dgf";"2023";"7";"2023/08/24 14:38:28";="020000253";C;2;0;154;0;0;0;0;0;156;0;156;2023.7;X020000253;24AUG23;14:38:01
"mco";"dgf";"2023";"7";"2023/08/24 14:38:28";="020000253";K;1;0;68;0;0;1;0;0;69;1;70;2023.7;X020000253;24AUG23;14:38:01
"mco";"dgf";"2023";"7";"2023/08/24 14:38:28";="020000253";M;2;0;119;1;0;315;0;0;121;316;437;2023.7;X020000253;24AUG23;14:38:01
"mco";"dgf";"2023";"7";"2023/08/24 14:38:28";="020000253";Z;0;0;0;1;0;2233;0;0;0;2234;2234;2023.7;X020000253;24AUG23;14:38:01
"mco";"dgf";"2023";"7";"2023/08/25 10:37:48";="620003376";C;4;0;1190;1;8;0;0;0;1202;1;1203;2023.7;X620003376;25AUG23;10:37:19
"mco";"dgf";"2023";"7";"2023/08/25 10:37:48";="620003376";K;2;0;293;0;19;8;0;0;314;8;322;2023.7;X620003376;25AUG23;10:37:19
"mco";"dgf";"2023";"7";"2023/08/25 10:37:48";="620003376";M;7;0;72;0;8;173;0;0;87;173;260;2023.7;X620003376;25AUG23;10:37:19
"mco";"dgf";"2023";"7";"2023/08/25 10:37:48";="620003376";Z;0;0;0;0;0;149;0;0;0;149;149;2023.7;X620003376;25AUG23;10:37:19
"mco";"dgf";"2023";"7";"2023/08/25 12:05:50";="620101337";C;0;0;79;0;3;0;0;0;82;0;82;2023.7;X620101337;25AUG23;12:05:23
"mco";"dgf";"2023";"7";"2023/08/25 12:05:50";="620101337";K;0;0;75;1;6;5;0;0;81;6;87;2023.7;X620101337;25AUG23;12:05:23
"mco";"dgf";"2023";"7";"2023/08/25 12:05:50";="620101337";M;1;0;85;0;14;113;0;0;100;113;213;2023.7;X620101337;25AUG23;12:05:23
"mco";"dgf";"2023";"7";"2023/08/25 12:05:50";="620101337";Z;0;0;3;1;4;345;0;0;7;346;353;2023.7;X620101337;25AUG23;12:05:23
"mco";"dgf";"2023";"7";"2023/08/25 14:46:54";="800000077";Z;0;0;0;0;24;0;0;0;24;0;24;2023.7;X800000077;25AUG23;14:46:27
"mco";"dgf";"2023";"7";"2023/08/28 12:10:04";="590782645";M;0;0;4;0;0;2;0;0;4;2;6;2023.7;X590782645;28AUG23;12:09:41
"mco";"dgf";"2023";"7";"2023/08/28 12:10:04";="590782645";Z;0;0;0;0;0;5;0;0;0;5;5;2023.7;X590782645;28AUG23;12:09:41
"mco";"dgf";"2023";"7";"2023/08/28 12:51:28";="600100572";M;0;0;0;0;7;0;0;0;7;0;7;2023.7;X600100572;28AUG23;12:51:09
"mco";"dgf";"2023";"7";"2023/08/28 15:44:35";="020004495";M;1;0;58;0;2;173;0;0;61;173;234;2023.7;X020004495;28AUG23;15:44:15
"mco";"dgf";"2023";"7";"2023/08/28 15:44:35";="020004495";Z;0;0;0;0;0;1;0;0;0;1;1;2023.7;X020004495;28AUG23;15:44:15
"mco";"dgf";"2023";"7";"2023/08/29 09:28:36";="590782652";C;0;0;572;0;0;3;0;0;572;3;575;2023.7;X590782652;29AUG23;9:28:13
"mco";"dgf";"2023";"7";"2023/08/29 09:28:36";="590782652";K;0;0;67;0;0;2;0;0;67;2;69;2023.7;X590782652;29AUG23;9:28:13
"mco";"dgf";"2023";"7";"2023/08/29 09:28:36";="590782652";M;4;0;31;0;0;338;0;0;35;338;373;2023.7;X590782652;29AUG23;9:28:13
"mco";"dgf";"2023";"7";"2023/08/29 09:28:36";="590782652";Z;0;0;0;399;0;12;0;0;0;411;411;2023.7;X590782652;29AUG23;9:28:13
"mco";"dgf";"2023";"7";"2023/08/29 10:19:39";="600100648";C;0;0;6;0;13;0;0;0;19;0;19;2023.7;X600100648;29AUG23;10:19:13
"mco";"dgf";"2023";"7";"2023/08/29 10:19:39";="600100648";K;0;0;9;0;14;0;0;0;23;0;23;2023.7;X600100648;29AUG23;10:19:13
"mco";"dgf";"2023";"7";"2023/08/29 10:19:39";="600100648";M;0;0;5;0;21;45;0;0;26;45;71;2023.7;X600100648;29AUG23;10:19:13
"mco";"dgf";"2023";"7";"2023/08/29 10:19:39";="600100648";Z;0;0;0;0;0;47;0;0;0;47;47;2023.7;X600100648;29AUG23;10:19:13
"mco";"dgf";"2023";"7";"2023/08/29 13:05:25";="620000026";C;0;0;409;0;0;0;0;0;409;0;409;2023.7;X620000026;29AUG23;13:05:03
"mco";"dgf";"2023";"7";"2023/08/29 13:05:25";="620000026";K;0;0;60;0;3;1;0;0;63;1;64;2023.7;X620000026;29AUG23;13:05:03
"mco";"dgf";"2023";"7";"2023/08/29 13:05:25";="620000026";M;1;0;69;0;0;1;0;0;70;1;71;2023.7;X620000026;29AUG23;13:05:03
"mco";"dgf";"2023";"7";"2023/08/29 13:05:25";="620000026";Z;0;0;0;5;0;85;0;0;0;90;90;2023.7;X620000026;29AUG23;13:05:03
"mco";"dgf";"2023";"7";"2023/08/29 14:21:19";="620003350";K;0;0;1;0;0;0;0;0;1;0;1;2023.7;X620003350;29AUG23;14:20:57
"mco";"dgf";"2023";"7";"2023/08/29 14:21:19";="620003350";M;0;0;300;0;0;180;0;0;300;180;480;2023.7;X620003350;29AUG23;14:20:57
"mco";"dgf";"2023";"7";"2023/08/29 14:21:19";="620003350";Z;0;0;0;0;0;65;0;0;0;65;65;2023.7;X620003350;29AUG23;14:20:57
"mco";"dgf";"2023";"7";"2023/08/29 14:23:22";="590000600";M;0;0;2;0;0;1;0;0;2;1;3;2023.7;X590000600;29AUG23;14:23:02
"mco";"dgf";"2023";"7";"2023/08/29 14:23:22";="590000600";Z;0;0;0;0;0;5;0;0;0;5;5;2023.7;X590000600;29AUG23;14:23:02
"mco";"dgf";"2023";"7";"2023/08/29 14:24:57";="620025346";C;1;0;448;0;11;3;0;0;460;3;463;2023.7;X620025346;29AUG23;14:24:34
"mco";"dgf";"2023";"7";"2023/08/29 14:24:57";="620025346";K;0;0;106;0;13;1;0;0;119;1;120;2023.7;X620025346;29AUG23;14:24:34
"mco";"dgf";"2023";"7";"2023/08/29 14:24:57";="620025346";M;1;0;30;2;0;54;0;0;31;56;87;2023.7;X620025346;29AUG23;14:24:34
"mco";"dgf";"2023";"7";"2023/08/29 14:24:57";="620025346";Z;0;0;0;3;0;43;0;0;0;46;46;2023.7;X620025346;29AUG23;14:24:34
"mco";"dgf";"2023";"7";"2023/08/29 14:40:29";="590001749";K;1;0;46;1;0;0;0;0;47;1;48;2023.7;X590001749;29AUG23;14:40:05
"mco";"dgf";"2023";"7";"2023/08/29 14:40:29";="590001749";M;4;0;57;2;0;22;0;0;61;24;85;2023.7;X590001749;29AUG23;14:40:05
"mco";"dgf";"2023";"7";"2023/08/29 14:40:29";="590001749";Z;0;0;1;29;0;46;0;0;1;75;76;2023.7;X590001749;29AUG23;14:40:05
"mco";"dgf";"2023";"7";"2023/08/29 14:46:40";="590781670";M;7;0;70;2;1;1;0;0;78;3;81;2023.7;X590781670;29AUG23;14:46:17
"mco";"dgf";"2023";"7";"2023/08/29 14:46:40";="590781670";Z;0;0;1;51;0;20;0;0;1;71;72;2023.7;X590781670;29AUG23;14:46:17
"mco";"dgf";"2023";"7";"2023/08/29 14:50:50";="020000261";C;0;0;127;0;0;1;0;0;127;1;128;2023.7;X020000261;29AUG23;14:50:19
"mco";"dgf";"2023";"7";"2023/08/29 14:50:50";="020000261";K;1;0;67;0;0;2;0;0;68;2;70;2023.7;X020000261;29AUG23;14:50:19
"mco";"dgf";"2023";"7";"2023/08/29 14:50:50";="020000261";M;5;0;54;0;1;107;0;0;60;107;167;2023.7;X020000261;29AUG23;14:50:19
"mco";"dgf";"2023";"7";"2023/08/29 14:50:50";="020000261";Z;0;0;0;0;0;4364;0;0;0;4364;4364;2023.7;X020000261;29AUG23;14:50:19
"mco";"dgf";"2023";"7";"2023/08/29 16:13:45";="620100651";C;0;0;124;0;5;1;0;0;129;1;130;2023.7;X620100651;29AUG23;16:13:10
"mco";"dgf";"2023";"7";"2023/08/29 16:13:45";="620100651";K;0;0;156;0;1;2;0;0;157;2;159;2023.7;X620100651;29AUG23;16:13:10
"mco";"dgf";"2023";"7";"2023/08/29 16:13:45";="620100651";M;0;0;531;35;161;301;0;0;692;336;1028;2023.7;X620100651;29AUG23;16:13:10
"mco";"dgf";"2023";"7";"2023/08/29 16:13:45";="620100651";Z;0;0;0;0;0;3406;0;0;0;3406;3406;2023.7;X620100651;29AUG23;16:13:10
"mco";"dgf";"2023";"7";"2023/08/29 16:40:14";="620027839";K;0;0;0;0;1;0;0;0;1;0;1;2023.7;X620027839;29AUG23;16:39:44
"mco";"dgf";"2023";"7";"2023/08/29 16:40:14";="620027839";Z;0;0;0;0;0;5567;0;0;0;5567;5567;2023.7;X620027839;29AUG23;16:39:44
"mco";"dgf";"2023";"7";"2023/08/30 08:35:43";="590780284";C;3;0;71;0;83;1;0;0;157;1;158;2023.7;X590780284;30AUG23;8:35:11
"mco";"dgf";"2023";"7";"2023/08/30 08:35:43";="590780284";K;5;1;79;4;138;10;0;0;222;15;237;2023.7;X590780284;30AUG23;8:35:11
"mco";"dgf";"2023";"7";"2023/08/30 08:35:43";="590780284";M;17;69;273;5;232;335;0;0;522;409;931;2023.7;X590780284;30AUG23;8:35:11
"mco";"dgf";"2023";"7";"2023/08/30 08:35:43";="590780284";Z;0;4;0;199;0;67;0;0;0;270;270;2023.7;X590780284;30AUG23;8:35:11
"mco";"dgf";"2023";"7";"2023/08/30 08:42:47";="020000287";C;20;0;48;0;0;0;0;0;68;0;68;2023.7;X020000287;30AUG23;8:42:17
"mco";"dgf";"2023";"7";"2023/08/30 08:42:47";="020000287";K;23;0;47;0;0;0;0;0;70;0;70;2023.7;X020000287;30AUG23;8:42:17
"mco";"dgf";"2023";"7";"2023/08/30 08:42:47";="020000287";M;3;0;17;1;0;22;0;0;20;23;43;2023.7;X020000287;30AUG23;8:42:17
"mco";"dgf";"2023";"7";"2023/08/30 08:42:47";="020000287";Z;0;0;0;0;0;255;0;0;0;255;255;2023.7;X020000287;30AUG23;8:42:17
"mco";"dgf";"2023";"7";"2023/08/30 10:32:49";="590797353";C;3;0;185;1;191;1;0;0;379;2;381;2023.7;X590797353;30AUG23;10:32:13
"mco";"dgf";"2023";"7";"2023/08/30 10:32:49";="590797353";K;1;0;53;0;57;4;0;0;111;4;115;2023.7;X590797353;30AUG23;10:32:13
"mco";"dgf";"2023";"7";"2023/08/30 10:32:49";="590797353";M;11;6;156;1;169;230;0;0;336;237;573;2023.7;X590797353;30AUG23;10:32:13
"mco";"dgf";"2023";"7";"2023/08/30 10:32:49";="590797353";Z;0;21;5;577;9;902;0;0;14;1500;1514;2023.7;X590797353;30AUG23;10:32:13
"mco";"dgf";"2023";"7";"2023/08/30 11:29:29";="590782421";C;0;0;295;0;0;0;0;0;295;0;295;2023.7;X590782421;30AUG23;11:28:50
"mco";"dgf";"2023";"7";"2023/08/30 11:29:29";="590782421";K;1;0;184;0;0;6;0;0;185;6;191;2023.7;X590782421;30AUG23;11:28:50
"mco";"dgf";"2023";"7";"2023/08/30 11:29:29";="590782421";M;2;0;301;0;3;260;0;0;306;260;566;2023.7;X590782421;30AUG23;11:28:50
"mco";"dgf";"2023";"7";"2023/08/30 11:29:29";="590782421";Z;0;0;1;140;0;4033;0;0;1;4173;4174;2023.7;X590782421;30AUG23;11:28:50
"mco";"dgf";"2023";"7";"2023/08/30 12:11:49";="800000051";M;0;0;6;0;0;0;0;0;6;0;6;2023.7;X800000051;30AUG23;12:11:16
"mco";"dgf";"2023";"7";"2023/08/30 12:11:49";="800000051";Z;0;1;0;10;0;1;0;0;0;12;12;2023.7;X800000051;30AUG23;12:11:16
"mco";"dgf";"2023";"7";"2023/08/30 14:11:20";="590782165";C;0;0;37;0;0;1;0;0;37;1;38;2023.7;X590782165;30AUG23;14:10:49
"mco";"dgf";"2023";"7";"2023/08/30 14:11:20";="590782165";K;0;0;98;1;0;4;0;0;98;5;103;2023.7;X590782165;30AUG23;14:10:49
"mco";"dgf";"2023";"7";"2023/08/30 14:11:20";="590782165";M;1;0;175;3;0;198;0;0;176;201;377;2023.7;X590782165;30AUG23;14:10:49
"mco";"dgf";"2023";"7";"2023/08/30 14:11:20";="590782165";Z;0;0;0;2;0;358;0;0;0;360;360;2023.7;X590782165;30AUG23;14:10:49
"mco";"dgf";"2023";"7";"2023/08/30 14:39:21";="620101360";C;0;0;130;0;0;1;0;0;130;1;131;2023.7;X620101360;30AUG23;14:38:44
"mco";"dgf";"2023";"7";"2023/08/30 14:39:21";="620101360";K;7;0;92;1;0;1;0;0;99;2;101;2023.7;X620101360;30AUG23;14:38:44
"mco";"dgf";"2023";"7";"2023/08/30 14:39:21";="620101360";M;14;0;172;2;1;76;0;0;187;78;265;2023.7;X620101360;30AUG23;14:38:44
"mco";"dgf";"2023";"7";"2023/08/30 14:39:21";="620101360";Z;0;0;25;9;0;481;0;0;25;490;515;2023.7;X620101360;30AUG23;14:38:44
"mco";"dgf";"2023";"7";"2023/08/30 14:55:58";="590781662";C;0;0;7;0;0;1;0;0;7;1;8;2023.7;X590781662;30AUG23;14:55:22
"mco";"dgf";"2023";"7";"2023/08/30 14:55:58";="590781662";K;0;0;1;0;0;0;0;0;1;0;1;2023.7;X590781662;30AUG23;14:55:22
"mco";"dgf";"2023";"7";"2023/08/30 14:55:58";="590781662";M;0;0;11;0;0;46;0;0;11;46;57;2023.7;X590781662;30AUG23;14:55:22
"mco";"dgf";"2023";"7";"2023/08/30 14:55:58";="590781662";Z;0;0;0;0;0;978;0;0;0;978;978;2023.7;X590781662;30AUG23;14:55:22
"mco";"dgf";"2023";"7";"2023/08/30 15:04:41";="590781621";C;0;0;0;0;0;1;0;0;0;1;1;2023.7;X590781621;30AUG23;15:03:46
"mco";"dgf";"2023";"7";"2023/08/30 15:04:41";="590781621";K;0;0;0;0;0;3;0;0;0;3;3;2023.7;X590781621;30AUG23;15:03:46
"mco";"dgf";"2023";"7";"2023/08/30 15:04:41";="590781621";M;2;0;10;67;0;178;0;0;12;245;257;2023.7;X590781621;30AUG23;15:03:46
"mco";"dgf";"2023";"7";"2023/08/30 15:04:41";="590781621";Z;0;0;0;1;0;6;0;0;0;7;7;2023.7;X590781621;30AUG23;15:03:46
"mco";"dgf";"2023";"7";"2023/08/30 15:19:30";="590052056";C;0;0;93;0;133;0;0;0;226;0;226;2023.7;X590052056;30AUG23;15:19:03
"mco";"dgf";"2023";"7";"2023/08/30 15:19:30";="590052056";K;3;0;113;0;124;0;0;0;240;0;240;2023.7;X590052056;30AUG23;15:19:03
"mco";"dgf";"2023";"7";"2023/08/30 15:19:30";="590052056";M;1;0;58;0;101;1;0;0;160;1;161;2023.7;X590052056;30AUG23;15:19:03
"mco";"dgf";"2023";"7";"2023/08/30 15:19:30";="590052056";Z;0;0;0;148;0;275;0;0;0;423;423;2023.7;X590052056;30AUG23;15:19:03
"mco";"dgf";"2023";"7";"2023/08/30 16:34:35";="590781795";M;0;0;0;0;38;1;0;0;38;1;39;2023.7;X590781795;30AUG23;16:33:32
"mco";"dgf";"2023";"7";"2023/08/30 16:34:35";="590781795";Z;0;0;0;0;1;2;0;0;1;2;3;2023.7;X590781795;30AUG23;16:33:32
"mco";"dgf";"2023";"7";"2023/08/31 09:36:58";="620100677";M;0;0;1;0;0;0;0;0;1;0;1;2023.7;X620100677;31AUG23;9:36:32
"mco";"dgf";"2023";"7";"2023/08/31 09:36:58";="620100677";Z;0;0;3;0;3;0;0;0;6;0;6;2023.7;X620100677;31AUG23;9:36:32
"mco";"dgf";"2023";"7";"2023/08/31 10:37:34";="590781415";C;21;0;444;0;22;0;0;0;487;0;487;2023.7;X590781415;31AUG23;10:37:00
"mco";"dgf";"2023";"7";"2023/08/31 10:37:34";="590781415";K;4;0;118;0;29;2;0;0;151;2;153;2023.7;X590781415;31AUG23;10:37:00
"mco";"dgf";"2023";"7";"2023/08/31 10:37:34";="590781415";M;24;0;250;0;117;126;0;0;391;126;517;2023.7;X590781415;31AUG23;10:37:00
"mco";"dgf";"2023";"7";"2023/08/31 10:37:34";="590781415";Z;0;17;0;121;0;3798;0;0;0;3936;3936;2023.7;X590781415;31AUG23;10:37:00
"mco";"dgf";"2023";"7";"2023/08/31 10:38:39";="620103440";C;0;0;583;0;0;9;0;0;583;9;592;2023.7;X620103440;31AUG23;10:37:57
"mco";"dgf";"2023";"7";"2023/08/31 10:38:39";="620103440";K;3;0;127;0;0;18;0;0;130;18;148;2023.7;X620103440;31AUG23;10:37:57
"mco";"dgf";"2023";"7";"2023/08/31 10:38:39";="620103440";M;1;0;365;0;0;315;0;0;366;315;681;2023.7;X620103440;31AUG23;10:37:57
"mco";"dgf";"2023";"7";"2023/08/31 10:38:39";="620103440";Z;0;0;2;0;0;9910;0;0;2;9910;9912;2023.7;X620103440;31AUG23;10:37:57
"mco";"dgf";"2023";"7";"2023/08/31 11:13:34";="800000085";M;1;0;15;36;0;24;0;0;16;60;76;2023.7;X800000085;31AUG23;11:13:08
"mco";"dgf";"2023";"7";"2023/08/31 11:13:34";="800000085";Z;0;0;0;50;0;44;0;0;0;94;94;2023.7;X800000085;31AUG23;11:13:08
"mco";"dgf";"2023";"7";"2023/08/31 11:47:06";="590780193";C;0;0;1;0;659;66;0;0;660;66;726;2023.7;X590780193;31AUG23;11:45:29
"mco";"dgf";"2023";"7";"2023/08/31 11:47:06";="590780193";K;0;0;0;0;872;187;0;0;872;187;1059;2023.7;X590780193;31AUG23;11:45:29
"mco";"dgf";"2023";"7";"2023/08/31 11:47:06";="590780193";M;0;0;1;0;2475;731;0;0;2476;731;3207;2023.7;X590780193;31AUG23;11:45:29
"mco";"dgf";"2023";"7";"2023/08/31 11:47:06";="590780193";Z;0;0;0;0;60;5435;0;0;60;5435;5495;2023.7;X590780193;31AUG23;11:45:29
"mco";"dgf";"2023";"7";"2023/08/31 12:25:12";="020004404";C;1;0;222;0;0;4;0;0;223;4;227;2023.7;X020004404;31AUG23;12:24:34
"mco";"dgf";"2023";"7";"2023/08/31 12:25:12";="020004404";K;0;0;101;0;3;1;0;0;104;1;105;2023.7;X020004404;31AUG23;12:24:34
"mco";"dgf";"2023";"7";"2023/08/31 12:25:12";="020004404";M;0;0;49;0;16;162;0;0;65;162;227;2023.7;X020004404;31AUG23;12:24:34
"mco";"dgf";"2023";"7";"2023/08/31 12:25:12";="020004404";Z;0;0;0;1;0;136;0;0;0;137;137;2023.7;X020004404;31AUG23;12:24:34
"mco";"dgf";"2023";"7";"2023/08/31 14:25:45";="590781605";C;3;0;255;0;0;3;0;0;258;3;261;2023.7;X590781605;31AUG23;14:25:07
"mco";"dgf";"2023";"7";"2023/08/31 14:25:45";="590781605";K;0;0;161;0;0;1;0;0;161;1;162;2023.7;X590781605;31AUG23;14:25:07
"mco";"dgf";"2023";"7";"2023/08/31 14:25:45";="590781605";M;1;0;156;0;0;175;0;0;157;175;332;2023.7;X590781605;31AUG23;14:25:07
"mco";"dgf";"2023";"7";"2023/08/31 14:25:45";="590781605";Z;0;0;0;0;0;2285;0;0;0;2285;2285;2023.7;X590781605;31AUG23;14:25:07
"mco";"dgf";"2023";"7";"2023/08/31 14:33:49";="800000093";C;0;0;28;0;0;1;0;0;28;1;29;2023.7;X800000093;31AUG23;14:33:22
"mco";"dgf";"2023";"7";"2023/08/31 14:33:49";="800000093";K;1;0;15;0;0;0;0;0;16;0;16;2023.7;X800000093;31AUG23;14:33:22
"mco";"dgf";"2023";"7";"2023/08/31 14:33:49";="800000093";M;0;0;112;0;0;51;0;0;112;51;163;2023.7;X800000093;31AUG23;14:33:22
"mco";"dgf";"2023";"7";"2023/08/31 14:33:49";="800000093";Z;0;0;0;0;0;82;0;0;0;82;82;2023.7;X800000093;31AUG23;14:33:22
"mco";"dgf";"2023";"7";"2023/08/31 14:52:23";="600100713";C;0;0;58;0;268;0;0;0;326;0;326;2023.7;X600100713;31AUG23;14:51:48
"mco";"dgf";"2023";"7";"2023/08/31 14:52:23";="600100713";K;0;0;12;0;63;4;0;0;75;4;79;2023.7;X600100713;31AUG23;14:51:48
"mco";"dgf";"2023";"7";"2023/08/31 14:52:23";="600100713";M;2;0;186;0;154;45;0;0;342;45;387;2023.7;X600100713;31AUG23;14:51:48
"mco";"dgf";"2023";"7";"2023/08/31 14:52:23";="600100713";Z;0;0;3;0;11;5968;0;0;14;5968;5982;2023.7;X600100713;31AUG23;14:51:48
"mco";"dgf";"2023";"7";"2023/08/31 14:59:36";="020000048";M;0;0;0;0;1;1;0;0;1;1;2;2023.7;X020000048;31AUG23;14:59:10
"mco";"dgf";"2023";"7";"2023/08/31 14:59:36";="020000048";Z;0;0;0;0;0;2;0;0;0;2;2;2023.7;X020000048;31AUG23;14:59:10
"mco";"dgf";"2023";"7";"2023/08/31 15:42:48";="590782215";C;0;0;533;3;8;19;0;0;541;22;563;2023.7;X590782215;31AUG23;15:42:07
"mco";"dgf";"2023";"7";"2023/08/31 15:42:48";="590782215";K;14;0;354;11;5;116;0;0;373;127;500;2023.7;X590782215;31AUG23;15:42:07
"mco";"dgf";"2023";"7";"2023/08/31 15:42:48";="590782215";M;17;0;648;0;2;495;0;0;667;495;1162;2023.7;X590782215;31AUG23;15:42:07
"mco";"dgf";"2023";"7";"2023/08/31 15:42:48";="590782215";Z;0;0;0;163;2;8175;0;0;2;8338;8340;2023.7;X590782215;31AUG23;15:42:07
"mco";"dgf";"2023";"7";"2023/08/31 16:58:31";="620100685";C;6;0;839;1;71;4;0;0;916;5;921;2023.7;X620100685;31AUG23;16:57:50
"mco";"dgf";"2023";"7";"2023/08/31 16:58:31";="620100685";K;2;0;168;6;16;85;0;0;186;91;277;2023.7;X620100685;31AUG23;16:57:50
"mco";"dgf";"2023";"7";"2023/08/31 16:58:31";="620100685";M;4;0;429;4;30;514;0;0;463;518;981;2023.7;X620100685;31AUG23;16:57:50
"mco";"dgf";"2023";"7";"2023/08/31 16:58:31";="620100685";Z;0;0;0;13;0;3797;0;0;0;3810;3810;2023.7;X620100685;31AUG23;16:57:50
"mco";"dgf";"2023";"7";"2023/08/31 18:53:49";="800000069";C;0;0;2;0;1;0;0;0;3;0;3;2023.7;X800000069;31AUG23;18:53:23
"mco";"dgf";"2023";"7";"2023/08/31 18:53:49";="800000069";K;0;0;56;0;6;2;0;0;62;2;64;2023.7;X800000069;31AUG23;18:53:23
"mco";"dgf";"2023";"7";"2023/08/31 18:53:49";="800000069";M;1;0;5;0;1;39;0;0;7;39;46;2023.7;X800000069;31AUG23;18:53:23
"mco";"dgf";"2023";"7";"2023/08/31 18:53:49";="800000069";Z;0;0;10;0;0;276;0;0;10;276;286;2023.7;X800000069;31AUG23;18:53:23
"mco";"dgf";"2023";"7";"2023/09/01 08:06:45";="020000071";M;1;0;3;0;0;1;0;0;4;1;5;2023.7;X020000071;01SEP23;8:06:20
"mco";"dgf";"2023";"7";"2023/09/01 09:18:45";="600100721";C;2;0;147;0;0;1;0;0;149;1;150;2023.7;X600100721;01SEP23;9:18:13
"mco";"dgf";"2023";"7";"2023/09/01 09:18:45";="600100721";K;0;0;79;0;0;2;0;0;79;2;81;2023.7;X600100721;01SEP23;9:18:13
"mco";"dgf";"2023";"7";"2023/09/01 09:18:45";="600100721";M;2;0;94;2;1;66;0;0;97;68;165;2023.7;X600100721;01SEP23;9:18:13
"mco";"dgf";"2023";"7";"2023/09/01 09:18:45";="600100721";Z;0;0;0;2;0;1172;0;0;0;1174;1174;2023.7;X600100721;01SEP23;9:18:13
"mco";"dgf";"2023";"7";"2023/09/01 12:15:15";="620100057";C;5;0;26;0;102;4;0;0;133;4;137;2023.7;X620100057;01SEP23;12:14:44
"mco";"dgf";"2023";"7";"2023/09/01 12:15:15";="620100057";K;1;0;15;0;114;2;0;0;130;2;132;2023.7;X620100057;01SEP23;12:14:44
"mco";"dgf";"2023";"7";"2023/09/01 12:15:15";="620100057";M;12;1;253;6;327;205;0;0;592;212;804;2023.7;X620100057;01SEP23;12:14:44
"mco";"dgf";"2023";"7";"2023/09/01 12:15:15";="620100057";Z;0;1;0;185;3;4695;0;0;3;4881;4884;2023.7;X620100057;01SEP23;12:14:44
"mco";"dgf";"2023";"7";"2023/09/01 12:21:28";="600101984";C;10;0;310;0;13;1;0;0;333;1;334;2023.7;X600101984;01SEP23;12:20:52
"mco";"dgf";"2023";"7";"2023/09/01 12:21:28";="600101984";K;6;0;174;0;11;6;0;0;191;6;197;2023.7;X600101984;01SEP23;12:20:52
"mco";"dgf";"2023";"7";"2023/09/01 12:21:28";="600101984";M;8;0;303;0;18;174;0;0;329;174;503;2023.7;X600101984;01SEP23;12:20:52
"mco";"dgf";"2023";"7";"2023/09/01 12:21:28";="600101984";Z;0;0;0;0;0;5015;0;0;0;5015;5015;2023.7;X600101984;01SEP23;12:20:52
"mco";"dgf";"2023";"7";"2023/09/01 13:07:56";="800000028";C;0;0;0;0;143;5;0;0;143;5;148;2023.7;X800000028;01SEP23;13:07:27
"mco";"dgf";"2023";"7";"2023/09/01 13:07:56";="800000028";K;0;0;0;0;99;2;0;0;99;2;101;2023.7;X800000028;01SEP23;13:07:27
"mco";"dgf";"2023";"7";"2023/09/01 13:07:56";="800000028";M;0;0;0;0;271;69;0;0;271;69;340;2023.7;X800000028;01SEP23;13:07:27
"mco";"dgf";"2023";"7";"2023/09/01 13:07:56";="800000028";Z;0;0;0;1;0;956;0;0;0;957;957;2023.7;X800000028;01SEP23;13:07:27
"mco";"dgf";"2023";"7";"2023/09/01 14:02:44";="590783239";C;0;0;284;1;0;0;0;0;284;1;285;2023.7;X590783239;01SEP23;14:02:13
"mco";"dgf";"2023";"7";"2023/09/01 14:02:44";="590783239";K;1;0;78;2;0;0;0;0;79;2;81;2023.7;X590783239;01SEP23;14:02:13
"mco";"dgf";"2023";"7";"2023/09/01 14:02:44";="590783239";M;12;0;336;70;0;0;0;0;348;70;418;2023.7;X590783239;01SEP23;14:02:13
"mco";"dgf";"2023";"7";"2023/09/01 14:02:44";="590783239";Z;0;0;2;3570;0;2;0;0;2;3572;3574;2023.7;X590783239;01SEP23;14:02:13
"mco";"dgf";"2023";"7";"2023/09/01 16:13:03";="590785374";K;0;0;14;0;0;0;0;0;14;0;14;2023.7;X590785374;01SEP23;16:12:38
"mco";"dgf";"2023";"7";"2023/09/01 16:13:03";="590785374";M;0;0;91;0;8;1;0;0;99;1;100;2023.7;X590785374;01SEP23;16:12:38
"mco";"dgf";"2023";"7";"2023/09/01 16:13:03";="590785374";Z;0;0;0;0;0;207;0;0;0;207;207;2023.7;X590785374;01SEP23;16:12:38
"mco";"dgf";"2023";"7";"2023/09/01 16:55:39";="020000063";C;3;0;560;0;0;3;0;0;563;3;566;2023.7;X020000063;01SEP23;16:55:02
"mco";"dgf";"2023";"7";"2023/09/01 16:55:39";="020000063";K;1;0;236;1;0;1;0;0;237;2;239;2023.7;X020000063;01SEP23;16:55:02
"mco";"dgf";"2023";"7";"2023/09/01 16:55:39";="020000063";M;10;0;208;0;0;220;0;0;218;220;438;2023.7;X020000063;01SEP23;16:55:02
"mco";"dgf";"2023";"7";"2023/09/01 16:55:39";="020000063";Z;0;0;0;12;0;8942;0;0;0;8954;8954;2023.7;X020000063;01SEP23;16:55:02
"mco";"dgf";"2023";"7";"2023/09/01 18:27:09";="590000188";C;0;0;52;0;0;0;0;0;52;0;52;2023.7;X590000188;01SEP23;18:26:37
"mco";"dgf";"2023";"7";"2023/09/01 18:27:09";="590000188";K;2;0;113;0;0;1;0;0;115;1;116;2023.7;X590000188;01SEP23;18:26:37
"mco";"dgf";"2023";"7";"2023/09/01 18:27:09";="590000188";M;20;0;224;0;0;2;0;0;244;2;246;2023.7;X590000188;01SEP23;18:26:37
"mco";"dgf";"2023";"7";"2023/09/01 18:27:09";="590000188";Z;0;0;0;0;0;6535;0;0;0;6535;6535;2023.7;X590000188;01SEP23;18:26:37
"mco";"dgf";"2023";"7";"2023/09/04 15:54:23";="620103432";C;0;0;31;37;0;4;0;0;31;41;72;2023.7;X620103432;04SEP23;15:53:55
"mco";"dgf";"2023";"7";"2023/09/04 15:54:23";="620103432";K;0;0;78;75;0;4;0;0;78;79;157;2023.7;X620103432;04SEP23;15:53:55
"mco";"dgf";"2023";"7";"2023/09/04 15:54:23";="620103432";M;0;4;40;34;0;186;0;0;40;224;264;2023.7;X620103432;04SEP23;15:53:55
"mco";"dgf";"2023";"7";"2023/09/04 15:54:23";="620103432";Z;0;0;0;198;0;350;0;0;0;548;548;2023.7;X620103432;04SEP23;15:53:55
"mco";"dgf";"2023";"7";"2023/09/05 09:23:51";="590782637";C;1;0;180;2;0;10;0;0;181;12;193;2023.7;X590782637;05SEP23;9:23:23
"mco";"dgf";"2023";"7";"2023/09/05 09:23:51";="590782637";K;0;0;35;2;0;10;0;0;35;12;47;2023.7;X590782637;05SEP23;9:23:23
"mco";"dgf";"2023";"7";"2023/09/05 09:23:51";="590782637";M;2;0;200;1;0;311;0;0;202;312;514;2023.7;X590782637;05SEP23;9:23:23
"mco";"dgf";"2023";"7";"2023/09/05 09:23:51";="590782637";Z;0;0;0;5;0;186;0;0;0;191;191;2023.7;X590782637;05SEP23;9:23:23
"mco";"dgf";"2023";"7";"2023/09/05 12:09:39";="590781803";C;4;0;22;0;0;1;0;0;26;1;27;2023.7;X590781803;05SEP23;12:09:07
"mco";"dgf";"2023";"7";"2023/09/05 12:09:39";="590781803";K;2;0;25;1;0;1;0;0;27;2;29;2023.7;X590781803;05SEP23;12:09:07
"mco";"dgf";"2023";"7";"2023/09/05 12:09:39";="590781803";M;7;0;74;7;2;564;0;0;83;571;654;2023.7;X590781803;05SEP23;12:09:07
"mco";"dgf";"2023";"7";"2023/09/05 12:09:39";="590781803";Z;0;0;0;0;0;144;0;0;0;144;144;2023.7;X590781803;05SEP23;12:09:07
"mco";"dgf";"2023";"7";"2023/09/05 17:41:02";="590780227";C;2;0;95;0;0;2;0;0;97;2;99;2023.7;X590780227;05SEP23;17:40:33
"mco";"dgf";"2023";"7";"2023/09/05 17:41:02";="590780227";K;0;0;92;0;0;1;0;0;92;1;93;2023.7;X590780227;05SEP23;17:40:33
"mco";"dgf";"2023";"7";"2023/09/05 17:41:02";="590780227";M;8;0;130;1;0;36;0;0;138;37;175;2023.7;X590780227;05SEP23;17:40:33
"mco";"dgf";"2023";"7";"2023/09/05 17:41:02";="590780227";Z;0;0;0;20;0;271;0;0;0;291;291;2023.7;X590780227;05SEP23;17:40:33
"mco";"dgf";"2023";"7";"2023/09/05 17:44:52";="800000044";C;7;0;717;0;519;9;0;0;1243;9;1252;2023.7;X800000044;05SEP23;17:44:11
"mco";"dgf";"2023";"7";"2023/09/05 17:44:52";="800000044";K;0;0;225;0;37;43;0;0;262;43;305;2023.7;X800000044;05SEP23;17:44:11
"mco";"dgf";"2023";"7";"2023/09/05 17:44:52";="800000044";M;6;0;456;0;183;129;0;0;645;129;774;2023.7;X800000044;05SEP23;17:44:11
"mco";"dgf";"2023";"7";"2023/09/05 17:44:52";="800000044";Z;1;0;1;0;0;8341;0;0;2;8341;8343;2023.7;X800000044;05SEP23;17:44:11
"mco";"dgf";"2023";"7";"2023/09/07 20:01:09";="590781902";C;0;0;147;3;0;1;0;0;147;4;151;2023.7;X590781902;07SEP23;20:00:41
"mco";"dgf";"2023";"7";"2023/09/07 20:01:09";="590781902";K;0;0;117;6;0;1;0;0;117;7;124;2023.7;X590781902;07SEP23;20:00:41
"mco";"dgf";"2023";"7";"2023/09/07 20:01:09";="590781902";M;1;0;344;108;0;92;0;0;345;200;545;2023.7;X590781902;07SEP23;20:00:41
"mco";"dgf";"2023";"7";"2023/09/07 20:01:09";="590781902";Z;0;0;58;279;0;22;0;0;58;301;359;2023.7;X590781902;07SEP23;20:00:41
