"champ";"statut";"annee";"periode";"date du resultat";"ipe";lib;nb;mnt;per_comp;finess_comp;date_comp;temp_comp
"mco";"dgf";"2023";"7";"2023/08/08 14:41:52";="800000036";Séjours valorisés;405;1267014.868;2023.7;X800000036;08AUG23;14:40:54
"mco";"dgf";"2023";"7";"2023/08/08 14:41:52";="800000036";Dont séjours en hospitalisation complète;360;1246908.8211;2023.7;X800000036;08AUG23;14:40:54
"mco";"dgf";"2023";"7";"2023/08/08 14:41:52";="800000036";Dont séjours sans nuitée;22;10606.396925;2023.7;X800000036;08AUG23;14:40:54
"mco";"dgf";"2023";"7";"2023/08/08 14:41:52";="800000036";Dont séjours séances;23;9499.649959;2023.7;X800000036;08AUG23;14:40:54
"mco";"dgf";"2023";"7";"2023/08/11 08:31:38";="600100168";Séjours valorisés;4810;6226258.9396;2023.7;X600100168;11AUG23;8:30:51
"mco";"dgf";"2023";"7";"2023/08/11 08:31:38";="600100168";Dont séjours en hospitalisation complète;1719;4130483.1796;2023.7;X600100168;11AUG23;8:30:51
"mco";"dgf";"2023";"7";"2023/08/11 08:31:38";="600100168";Dont séjours sans nuitée;2277;1763673.479;2023.7;X600100168;11AUG23;8:30:51
"mco";"dgf";"2023";"7";"2023/08/11 08:31:38";="600100168";Dont séjours séances;814;332102.28096;2023.7;X600100168;11AUG23;8:30:51
"mco";"dgf";"2023";"7";"2023/08/18 15:15:41";="020000022";Séjours valorisés;590;2308007.672;2023.7;X020000022;18AUG23;15:14:25
"mco";"dgf";"2023";"7";"2023/08/18 15:15:41";="020000022";Dont séjours en hospitalisation complète;402;2161773.5919;2023.7;X020000022;18AUG23;15:14:25
"mco";"dgf";"2023";"7";"2023/08/18 15:15:41";="020000022";Dont séjours sans nuitée;110;82181.027484;2023.7;X020000022;18AUG23;15:14:25
"mco";"dgf";"2023";"7";"2023/08/18 15:15:41";="020000022";Dont séjours séances;78;64053.052544;2023.7;X020000022;18AUG23;15:14:25
"mco";"dgf";"2023";"7";"2023/08/22 19:10:27";="590782439";Séjours valorisés;974;2066722.5323;2023.7;X590782439;22AUG23;19:09:40
"mco";"dgf";"2023";"7";"2023/08/22 19:10:27";="590782439";Dont séjours en hospitalisation complète;557;1751366.2577;2023.7;X590782439;22AUG23;19:09:40
"mco";"dgf";"2023";"7";"2023/08/22 19:10:27";="590782439";Dont séjours sans nuitée;407;311419.6436;2023.7;X590782439;22AUG23;19:09:40
"mco";"dgf";"2023";"7";"2023/08/22 19:10:27";="590782439";Dont séjours séances;10;3936.631002;2023.7;X590782439;22AUG23;19:09:40
"mco";"dgf";"2023";"7";"2023/08/23 11:55:23";="590049565";Séjours valorisés;158;1935254.8076;2023.7;X590049565;23AUG23;11:54:38
"mco";"dgf";"2023";"7";"2023/08/23 11:55:23";="590049565";Dont séjours en hospitalisation complète;155;1933414.3166;2023.7;X590049565;23AUG23;11:54:38
"mco";"dgf";"2023";"7";"2023/08/23 11:55:23";="590049565";Dont séjours sans nuitée;3;1840.4910197;2023.7;X590049565;23AUG23;11:54:38
"mco";"dgf";"2023";"7";"2023/08/23 11:55:23";="590049565";Dont séjours séances;0;0;2023.7;X590049565;23AUG23;11:54:38
"mco";"dgf";"2023";"7";"2023/08/24 14:39:22";="020000253";Séjours valorisés;15537;26596446.516;2023.7;X020000253;24AUG23;14:38:01
"mco";"dgf";"2023";"7";"2023/08/24 14:39:22";="020000253";Dont séjours en hospitalisation complète;5626;20807254.223;2023.7;X020000253;24AUG23;14:38:01
"mco";"dgf";"2023";"7";"2023/08/24 14:39:22";="020000253";Dont séjours sans nuitée;4568;3555616.2657;2023.7;X020000253;24AUG23;14:38:01
"mco";"dgf";"2023";"7";"2023/08/24 14:39:22";="020000253";Dont séjours séances;5343;2233576.0283;2023.7;X020000253;24AUG23;14:38:01
"mco";"dgf";"2023";"7";"2023/08/25 10:38:29";="620003376";Séjours valorisés;12947;18692368.059;2023.7;X620003376;25AUG23;10:37:19
"mco";"dgf";"2023";"7";"2023/08/25 10:38:29";="620003376";Dont séjours en hospitalisation complète;2835;9242283.5713;2023.7;X620003376;25AUG23;10:37:19
"mco";"dgf";"2023";"7";"2023/08/25 10:38:29";="620003376";Dont séjours sans nuitée;8862;8973361.855;2023.7;X620003376;25AUG23;10:37:19
"mco";"dgf";"2023";"7";"2023/08/25 10:38:29";="620003376";Dont séjours séances;1250;476722.63278;2023.7;X620003376;25AUG23;10:37:19
"mco";"dgf";"2023";"7";"2023/08/25 12:07:04";="620101337";Séjours valorisés;16663;40306105.896;2023.7;X620101337;25AUG23;12:05:23
"mco";"dgf";"2023";"7";"2023/08/25 12:07:04";="620101337";Dont séjours en hospitalisation complète;9329;34728163.443;2023.7;X620101337;25AUG23;12:05:23
"mco";"dgf";"2023";"7";"2023/08/25 12:07:04";="620101337";Dont séjours sans nuitée;4713;4446173.7316;2023.7;X620101337;25AUG23;12:05:23
"mco";"dgf";"2023";"7";"2023/08/25 12:07:04";="620101337";Dont séjours séances;2621;1131768.7212;2023.7;X620101337;25AUG23;12:05:23
"mco";"dgf";"2023";"7";"2023/08/25 14:47:32";="800000077";Séjours valorisés;677;1628933.7066;2023.7;X800000077;25AUG23;14:46:27
"mco";"dgf";"2023";"7";"2023/08/25 14:47:32";="800000077";Dont séjours en hospitalisation complète;333;1466956.3875;2023.7;X800000077;25AUG23;14:46:27
"mco";"dgf";"2023";"7";"2023/08/25 14:47:32";="800000077";Dont séjours sans nuitée;344;161977.31912;2023.7;X800000077;25AUG23;14:46:27
"mco";"dgf";"2023";"7";"2023/08/25 14:47:32";="800000077";Dont séjours séances;0;0;2023.7;X800000077;25AUG23;14:46:27
"mco";"dgf";"2023";"7";"2023/08/28 12:10:37";="590782645";Séjours valorisés;343;1751879.9748;2023.7;X590782645;28AUG23;12:09:41
"mco";"dgf";"2023";"7";"2023/08/28 12:10:37";="590782645";Dont séjours en hospitalisation complète;326;1740010.2787;2023.7;X590782645;28AUG23;12:09:41
"mco";"dgf";"2023";"7";"2023/08/28 12:10:37";="590782645";Dont séjours sans nuitée;7;5582.057098;2023.7;X590782645;28AUG23;12:09:41
"mco";"dgf";"2023";"7";"2023/08/28 12:10:37";="590782645";Dont séjours séances;10;6287.638966;2023.7;X590782645;28AUG23;12:09:41
"mco";"dgf";"2023";"7";"2023/08/28 12:51:56";="600100572";Séjours valorisés;256;1235281.2211;2023.7;X600100572;28AUG23;12:51:09
"mco";"dgf";"2023";"7";"2023/08/28 12:51:56";="600100572";Dont séjours en hospitalisation complète;248;1230364.1682;2023.7;X600100572;28AUG23;12:51:09
"mco";"dgf";"2023";"7";"2023/08/28 12:51:56";="600100572";Dont séjours sans nuitée;8;4917.052935;2023.7;X600100572;28AUG23;12:51:09
"mco";"dgf";"2023";"7";"2023/08/28 12:51:56";="600100572";Dont séjours séances;0;0;2023.7;X600100572;28AUG23;12:51:09
"mco";"dgf";"2023";"7";"2023/08/28 15:45:08";="020004495";Séjours valorisés;2034;4255365.1146;2023.7;X020004495;28AUG23;15:44:15
"mco";"dgf";"2023";"7";"2023/08/28 15:45:08";="020004495";Dont séjours en hospitalisation complète;899;3392668.0861;2023.7;X020004495;28AUG23;15:44:15
"mco";"dgf";"2023";"7";"2023/08/28 15:45:08";="020004495";Dont séjours sans nuitée;1135;862697.02851;2023.7;X020004495;28AUG23;15:44:15
"mco";"dgf";"2023";"7";"2023/08/28 15:45:08";="020004495";Dont séjours séances;0;0;2023.7;X020004495;28AUG23;15:44:15
"mco";"dgf";"2023";"7";"2023/08/29 09:25:04";="020000055";Séjours valorisés;259;1333542.104;2023.7;X020000055;29AUG23;9:24:09
"mco";"dgf";"2023";"7";"2023/08/29 09:25:04";="020000055";Dont séjours en hospitalisation complète;258;1332812.8105;2023.7;X020000055;29AUG23;9:24:09
"mco";"dgf";"2023";"7";"2023/08/29 09:25:04";="020000055";Dont séjours sans nuitée;1;729.293526;2023.7;X020000055;29AUG23;9:24:09
"mco";"dgf";"2023";"7";"2023/08/29 09:25:04";="020000055";Dont séjours séances;0;0;2023.7;X020000055;29AUG23;9:24:09
"mco";"dgf";"2023";"7";"2023/08/29 09:29:44";="590782652";Séjours valorisés;8474;13271592.812;2023.7;X590782652;29AUG23;9:28:13
"mco";"dgf";"2023";"7";"2023/08/29 09:29:44";="590782652";Dont séjours en hospitalisation complète;3341;8948900.49;2023.7;X590782652;29AUG23;9:28:13
"mco";"dgf";"2023";"7";"2023/08/29 09:29:44";="590782652";Dont séjours sans nuitée;4073;3811590.4948;2023.7;X590782652;29AUG23;9:28:13
"mco";"dgf";"2023";"7";"2023/08/29 09:29:44";="590782652";Dont séjours séances;1060;511101.82673;2023.7;X590782652;29AUG23;9:28:13
"mco";"dgf";"2023";"7";"2023/08/29 09:49:15";="590780052";Séjours valorisés;1299;2214848.302;2023.7;X590780052;29AUG23;9:48:30
"mco";"dgf";"2023";"7";"2023/08/29 09:49:15";="590780052";Dont séjours en hospitalisation complète;370;1779518.0089;2023.7;X590780052;29AUG23;9:48:30
"mco";"dgf";"2023";"7";"2023/08/29 09:49:15";="590780052";Dont séjours sans nuitée;929;435330.29316;2023.7;X590780052;29AUG23;9:48:30
"mco";"dgf";"2023";"7";"2023/08/29 09:49:15";="590780052";Dont séjours séances;0;0;2023.7;X590780052;29AUG23;9:48:30
"mco";"dgf";"2023";"7";"2023/08/29 10:20:18";="600100648";Séjours valorisés;3378;6400079.7257;2023.7;X600100648;29AUG23;10:19:13
"mco";"dgf";"2023";"7";"2023/08/29 10:20:18";="600100648";Dont séjours en hospitalisation complète;1905;5249516.9515;2023.7;X600100648;29AUG23;10:19:13
"mco";"dgf";"2023";"7";"2023/08/29 10:20:18";="600100648";Dont séjours sans nuitée;1285;1066308.5757;2023.7;X600100648;29AUG23;10:19:13
"mco";"dgf";"2023";"7";"2023/08/29 10:20:18";="600100648";Dont séjours séances;188;84254.198565;2023.7;X600100648;29AUG23;10:19:13
"mco";"dgf";"2023";"7";"2023/08/29 13:06:01";="620000026";Séjours valorisés;7051;20644797.719;2023.7;X620000026;29AUG23;13:05:03
"mco";"dgf";"2023";"7";"2023/08/29 13:06:01";="620000026";Dont séjours en hospitalisation complète;3099;16190450.979;2023.7;X620000026;29AUG23;13:05:03
"mco";"dgf";"2023";"7";"2023/08/29 13:06:01";="620000026";Dont séjours sans nuitée;2879;4042746.7124;2023.7;X620000026;29AUG23;13:05:03
"mco";"dgf";"2023";"7";"2023/08/29 13:06:01";="620000026";Dont séjours séances;1073;411600.02792;2023.7;X620000026;29AUG23;13:05:03
"mco";"dgf";"2023";"7";"2023/08/29 13:23:44";="590065223";Séjours valorisés;0;0;2023.7;X590065223;29AUG23;13:23:00
"mco";"dgf";"2023";"7";"2023/08/29 13:23:44";="590065223";Dont séjours en hospitalisation complète;0;0;2023.7;X590065223;29AUG23;13:23:00
"mco";"dgf";"2023";"7";"2023/08/29 13:23:44";="590065223";Dont séjours sans nuitée;0;0;2023.7;X590065223;29AUG23;13:23:00
"mco";"dgf";"2023";"7";"2023/08/29 13:23:44";="590065223";Dont séjours séances;0;0;2023.7;X590065223;29AUG23;13:23:00
"mco";"dgf";"2023";"7";"2023/08/29 14:22:00";="620003350";Séjours valorisés;3441;8093343.6621;2023.7;X620003350;29AUG23;14:20:57
"mco";"dgf";"2023";"7";"2023/08/29 14:22:00";="620003350";Dont séjours en hospitalisation complète;2153;7454402.4026;2023.7;X620003350;29AUG23;14:20:57
"mco";"dgf";"2023";"7";"2023/08/29 14:22:00";="620003350";Dont séjours sans nuitée;1142;570595.11573;2023.7;X620003350;29AUG23;14:20:57
"mco";"dgf";"2023";"7";"2023/08/29 14:22:00";="620003350";Dont séjours séances;146;68346.143765;2023.7;X620003350;29AUG23;14:20:57
"mco";"dgf";"2023";"7";"2023/08/29 14:23:50";="590000600";Séjours valorisés;959;3676886.0536;2023.7;X590000600;29AUG23;14:23:02
"mco";"dgf";"2023";"7";"2023/08/29 14:23:50";="590000600";Dont séjours en hospitalisation complète;713;3517953.0535;2023.7;X590000600;29AUG23;14:23:02
"mco";"dgf";"2023";"7";"2023/08/29 14:23:50";="590000600";Dont séjours sans nuitée;197;139199.42322;2023.7;X590000600;29AUG23;14:23:02
"mco";"dgf";"2023";"7";"2023/08/29 14:23:50";="590000600";Dont séjours séances;49;19733.576895;2023.7;X590000600;29AUG23;14:23:02
"mco";"dgf";"2023";"7";"2023/08/29 14:25:32";="620025346";Séjours valorisés;9170;17901926.562;2023.7;X620025346;29AUG23;14:24:34
"mco";"dgf";"2023";"7";"2023/08/29 14:25:32";="620025346";Dont séjours en hospitalisation complète;4741;13312883.612;2023.7;X620025346;29AUG23;14:24:34
"mco";"dgf";"2023";"7";"2023/08/29 14:25:32";="620025346";Dont séjours sans nuitée;3847;4366759.032;2023.7;X620025346;29AUG23;14:24:34
"mco";"dgf";"2023";"7";"2023/08/29 14:25:32";="620025346";Dont séjours séances;582;222283.91834;2023.7;X620025346;29AUG23;14:24:34
"mco";"dgf";"2023";"7";"2023/08/29 14:41:02";="590001749";Séjours valorisés;3119;6798093.2072;2023.7;X590001749;29AUG23;14:40:05
"mco";"dgf";"2023";"7";"2023/08/29 14:41:02";="590001749";Dont séjours en hospitalisation complète;1629;5918226.0557;2023.7;X590001749;29AUG23;14:40:05
"mco";"dgf";"2023";"7";"2023/08/29 14:41:02";="590001749";Dont séjours sans nuitée;850;631246.25583;2023.7;X590001749;29AUG23;14:40:05
"mco";"dgf";"2023";"7";"2023/08/29 14:41:02";="590001749";Dont séjours séances;640;248620.89573;2023.7;X590001749;29AUG23;14:40:05
"mco";"dgf";"2023";"7";"2023/08/29 14:47:11";="590781670";Séjours valorisés;1099;3840873.0487;2023.7;X590781670;29AUG23;14:46:17
"mco";"dgf";"2023";"7";"2023/08/29 14:47:11";="590781670";Dont séjours en hospitalisation complète;753;3634432.3607;2023.7;X590781670;29AUG23;14:46:17
"mco";"dgf";"2023";"7";"2023/08/29 14:47:11";="590781670";Dont séjours sans nuitée;185;143134.74177;2023.7;X590781670;29AUG23;14:46:17
"mco";"dgf";"2023";"7";"2023/08/29 14:47:11";="590781670";Dont séjours séances;161;63305.946291;2023.7;X590781670;29AUG23;14:46:17
"mco";"dgf";"2023";"7";"2023/08/29 14:52:07";="020000261";Séjours valorisés;23440;36330238.342;2023.7;X020000261;29AUG23;14:50:19
"mco";"dgf";"2023";"7";"2023/08/29 14:52:07";="020000261";Dont séjours en hospitalisation complète;8172;28248602.865;2023.7;X020000261;29AUG23;14:50:19
"mco";"dgf";"2023";"7";"2023/08/29 14:52:07";="020000261";Dont séjours sans nuitée;3000;2983937.8098;2023.7;X020000261;29AUG23;14:50:19
"mco";"dgf";"2023";"7";"2023/08/29 14:52:07";="020000261";Dont séjours séances;12268;5097697.6668;2023.7;X020000261;29AUG23;14:50:19
"mco";"dgf";"2023";"7";"2023/08/29 16:14:46";="620100651";Séjours valorisés;28177;47667341.085;2023.7;X620100651;29AUG23;16:13:10
"mco";"dgf";"2023";"7";"2023/08/29 16:14:46";="620100651";Dont séjours en hospitalisation complète;11869;38567511.292;2023.7;X620100651;29AUG23;16:13:10
"mco";"dgf";"2023";"7";"2023/08/29 16:14:46";="620100651";Dont séjours sans nuitée;6567;5235355.834;2023.7;X620100651;29AUG23;16:13:10
"mco";"dgf";"2023";"7";"2023/08/29 16:14:46";="620100651";Dont séjours séances;9741;3864473.9587;2023.7;X620100651;29AUG23;16:13:10
"mco";"dgf";"2023";"7";"2023/08/29 16:41:05";="620027839";Séjours valorisés;22137;10703170.628;2023.7;X620027839;29AUG23;16:39:44
"mco";"dgf";"2023";"7";"2023/08/29 16:41:05";="620027839";Dont séjours en hospitalisation complète;0;0;2023.7;X620027839;29AUG23;16:39:44
"mco";"dgf";"2023";"7";"2023/08/29 16:41:05";="620027839";Dont séjours sans nuitée;19;90871.474036;2023.7;X620027839;29AUG23;16:39:44
"mco";"dgf";"2023";"7";"2023/08/29 16:41:05";="620027839";Dont séjours séances;22118;10612299.154;2023.7;X620027839;29AUG23;16:39:44
"mco";"dgf";"2023";"7";"2023/08/30 08:36:32";="590780284";Séjours valorisés;16320;48357459.677;2023.7;X590780284;30AUG23;8:35:11
"mco";"dgf";"2023";"7";"2023/08/30 08:36:32";="590780284";Dont séjours en hospitalisation complète;8189;41083796.919;2023.7;X590780284;30AUG23;8:35:11
"mco";"dgf";"2023";"7";"2023/08/30 08:36:32";="590780284";Dont séjours sans nuitée;7103;6862757.0484;2023.7;X590780284;30AUG23;8:35:11
"mco";"dgf";"2023";"7";"2023/08/30 08:36:32";="590780284";Dont séjours séances;1028;410905.71041;2023.7;X590780284;30AUG23;8:35:11
"mco";"dgf";"2023";"7";"2023/08/30 08:43:32";="020000287";Séjours valorisés;5472;11604077.681;2023.7;X020000287;30AUG23;8:42:17
"mco";"dgf";"2023";"7";"2023/08/30 08:43:32";="020000287";Dont séjours en hospitalisation complète;3262;9893744.1074;2023.7;X020000287;30AUG23;8:42:17
"mco";"dgf";"2023";"7";"2023/08/30 08:43:32";="020000287";Dont séjours sans nuitée;1131;1234744.4046;2023.7;X020000287;30AUG23;8:42:17
"mco";"dgf";"2023";"7";"2023/08/30 08:43:32";="020000287";Dont séjours séances;1079;475589.16862;2023.7;X020000287;30AUG23;8:42:17
"mco";"dgf";"2023";"7";"2023/08/30 10:33:58";="590797353";Séjours valorisés;29730;46174775.936;2023.7;X590797353;30AUG23;10:32:13
"mco";"dgf";"2023";"7";"2023/08/30 10:33:58";="590797353";Dont séjours en hospitalisation complète;10886;33135916.761;2023.7;X590797353;30AUG23;10:32:13
"mco";"dgf";"2023";"7";"2023/08/30 10:33:58";="590797353";Dont séjours sans nuitée;12735;10270428.4;2023.7;X590797353;30AUG23;10:32:13
"mco";"dgf";"2023";"7";"2023/08/30 10:33:58";="590797353";Dont séjours séances;6109;2768430.7745;2023.7;X590797353;30AUG23;10:32:13
"mco";"dgf";"2023";"7";"2023/08/30 11:30:40";="590782421";Séjours valorisés;41686;76842285.894;2023.7;X590782421;30AUG23;11:28:50
"mco";"dgf";"2023";"7";"2023/08/30 11:30:40";="590782421";Dont séjours en hospitalisation complète;16588;61547313.741;2023.7;X590782421;30AUG23;11:28:50
"mco";"dgf";"2023";"7";"2023/08/30 11:30:40";="590782421";Dont séjours sans nuitée;10375;9273494.3085;2023.7;X590782421;30AUG23;11:28:50
"mco";"dgf";"2023";"7";"2023/08/30 11:30:40";="590782421";Dont séjours séances;14723;6021477.845;2023.7;X590782421;30AUG23;11:28:50
"mco";"dgf";"2023";"7";"2023/08/30 12:12:36";="800000051";Séjours valorisés;535;1686278.2827;2023.7;X800000051;30AUG23;12:11:16
"mco";"dgf";"2023";"7";"2023/08/30 12:12:36";="800000051";Dont séjours en hospitalisation complète;359;1574313.954;2023.7;X800000051;30AUG23;12:11:16
"mco";"dgf";"2023";"7";"2023/08/30 12:12:36";="800000051";Dont séjours sans nuitée;138;91958.993027;2023.7;X800000051;30AUG23;12:11:16
"mco";"dgf";"2023";"7";"2023/08/30 12:12:36";="800000051";Dont séjours séances;38;20005.335613;2023.7;X800000051;30AUG23;12:11:16
"mco";"dgf";"2023";"7";"2023/08/30 13:42:47";="800000135";Séjours valorisés;189;1449771.0691;2023.7;X800000135;30AUG23;13:41:48
"mco";"dgf";"2023";"7";"2023/08/30 13:42:47";="800000135";Dont séjours en hospitalisation complète;189;1449771.0691;2023.7;X800000135;30AUG23;13:41:48
"mco";"dgf";"2023";"7";"2023/08/30 13:42:47";="800000135";Dont séjours sans nuitée;0;0;2023.7;X800000135;30AUG23;13:41:48
"mco";"dgf";"2023";"7";"2023/08/30 13:42:47";="800000135";Dont séjours séances;0;0;2023.7;X800000135;30AUG23;13:41:48
"mco";"dgf";"2023";"7";"2023/08/30 14:12:12";="590782165";Séjours valorisés;11341;24348693.546;2023.7;X590782165;30AUG23;14:10:49
"mco";"dgf";"2023";"7";"2023/08/30 14:12:12";="590782165";Dont séjours en hospitalisation complète;5593;19856262.889;2023.7;X590782165;30AUG23;14:10:49
"mco";"dgf";"2023";"7";"2023/08/30 14:12:12";="590782165";Dont séjours sans nuitée;4176;3780107.9017;2023.7;X590782165;30AUG23;14:10:49
"mco";"dgf";"2023";"7";"2023/08/30 14:12:12";="590782165";Dont séjours séances;1572;712322.75524;2023.7;X590782165;30AUG23;14:10:49
"mco";"dgf";"2023";"7";"2023/08/30 14:40:15";="620101360";Séjours valorisés;15406;30984315.369;2023.7;X620101360;30AUG23;14:38:44
"mco";"dgf";"2023";"7";"2023/08/30 14:40:15";="620101360";Dont séjours en hospitalisation complète;8603;26132218.066;2023.7;X620101360;30AUG23;14:38:44
"mco";"dgf";"2023";"7";"2023/08/30 14:40:15";="620101360";Dont séjours sans nuitée;4504;3797363.3916;2023.7;X620101360;30AUG23;14:38:44
"mco";"dgf";"2023";"7";"2023/08/30 14:40:15";="620101360";Dont séjours séances;2299;1054733.911;2023.7;X620101360;30AUG23;14:38:44
"mco";"dgf";"2023";"7";"2023/08/30 14:56:42";="590781662";Séjours valorisés;5485;10126865.73;2023.7;X590781662;30AUG23;14:55:22
"mco";"dgf";"2023";"7";"2023/08/30 14:56:42";="590781662";Dont séjours en hospitalisation complète;2466;8657025.6873;2023.7;X590781662;30AUG23;14:55:22
"mco";"dgf";"2023";"7";"2023/08/30 14:56:42";="590781662";Dont séjours sans nuitée;596;573841.47598;2023.7;X590781662;30AUG23;14:55:22
"mco";"dgf";"2023";"7";"2023/08/30 14:56:42";="590781662";Dont séjours séances;2423;895998.56705;2023.7;X590781662;30AUG23;14:55:22
"mco";"dgf";"2023";"7";"2023/08/30 15:05:31";="590781621";Séjours valorisés;4244;6321423.4031;2023.7;X590781621;30AUG23;15:03:46
"mco";"dgf";"2023";"7";"2023/08/30 15:05:31";="590781621";Dont séjours en hospitalisation complète;1963;5272600.6431;2023.7;X590781621;30AUG23;15:03:46
"mco";"dgf";"2023";"7";"2023/08/30 15:05:31";="590781621";Dont séjours sans nuitée;2256;1038214.2764;2023.7;X590781621;30AUG23;15:03:46
"mco";"dgf";"2023";"7";"2023/08/30 15:05:31";="590781621";Dont séjours séances;25;10608.483522;2023.7;X590781621;30AUG23;15:03:46
"mco";"dgf";"2023";"7";"2023/08/30 15:20:10";="590052056";Séjours valorisés;9815;12779392.431;2023.7;X590052056;30AUG23;15:19:03
"mco";"dgf";"2023";"7";"2023/08/30 15:20:10";="590052056";Dont séjours en hospitalisation complète;2323;6540362.8143;2023.7;X590052056;30AUG23;15:19:03
"mco";"dgf";"2023";"7";"2023/08/30 15:20:10";="590052056";Dont séjours sans nuitée;5523;5401736.5769;2023.7;X590052056;30AUG23;15:19:03
"mco";"dgf";"2023";"7";"2023/08/30 15:20:10";="590052056";Dont séjours séances;1969;837293.03992;2023.7;X590052056;30AUG23;15:19:03
"mco";"dgf";"2023";"7";"2023/08/30 16:35:34";="590781795";Séjours valorisés;863;3189710.0532;2023.7;X590781795;30AUG23;16:33:32
"mco";"dgf";"2023";"7";"2023/08/30 16:35:34";="590781795";Dont séjours en hospitalisation complète;605;3057259.3798;2023.7;X590781795;30AUG23;16:33:32
"mco";"dgf";"2023";"7";"2023/08/30 16:35:34";="590781795";Dont séjours sans nuitée;258;132450.67346;2023.7;X590781795;30AUG23;16:33:32
"mco";"dgf";"2023";"7";"2023/08/30 16:35:34";="590781795";Dont séjours séances;0;0;2023.7;X590781795;30AUG23;16:33:32
"mco";"dgf";"2023";"7";"2023/08/31 09:37:35";="620100677";Séjours valorisés;3231;5308171.1534;2023.7;X620100677;31AUG23;9:36:32
"mco";"dgf";"2023";"7";"2023/08/31 09:37:35";="620100677";Dont séjours en hospitalisation complète;657;3804717.6455;2023.7;X620100677;31AUG23;9:36:32
"mco";"dgf";"2023";"7";"2023/08/31 09:37:35";="620100677";Dont séjours sans nuitée;2574;1503453.5079;2023.7;X620100677;31AUG23;9:36:32
"mco";"dgf";"2023";"7";"2023/08/31 09:37:35";="620100677";Dont séjours séances;0;0;2023.7;X620100677;31AUG23;9:36:32
"mco";"dgf";"2023";"7";"2023/08/31 10:38:42";="590781415";Séjours valorisés;32754;62433827.383;2023.7;X590781415;31AUG23;10:37:00
"mco";"dgf";"2023";"7";"2023/08/31 10:38:42";="590781415";Dont séjours en hospitalisation complète;13991;50624000.595;2023.7;X590781415;31AUG23;10:37:00
"mco";"dgf";"2023";"7";"2023/08/31 10:38:42";="590781415";Dont séjours sans nuitée;6744;6979645.0952;2023.7;X590781415;31AUG23;10:37:00
"mco";"dgf";"2023";"7";"2023/08/31 10:38:42";="590781415";Dont séjours séances;12019;4830181.6931;2023.7;X590781415;31AUG23;10:37:00
"mco";"dgf";"2023";"7";"2023/08/31 10:39:46";="620103440";Séjours valorisés;46095;64742182.66;2023.7;X620103440;31AUG23;10:37:57
"mco";"dgf";"2023";"7";"2023/08/31 10:39:46";="620103440";Dont séjours en hospitalisation complète;12959;47125652.484;2023.7;X620103440;31AUG23;10:37:57
"mco";"dgf";"2023";"7";"2023/08/31 10:39:46";="620103440";Dont séjours sans nuitée;8360;7841794.3126;2023.7;X620103440;31AUG23;10:37:57
"mco";"dgf";"2023";"7";"2023/08/31 10:39:46";="620103440";Dont séjours séances;24776;9774735.8636;2023.7;X620103440;31AUG23;10:37:57
"mco";"dgf";"2023";"7";"2023/08/31 11:14:32";="800000085";Séjours valorisés;1490;3950607.9522;2023.7;X800000085;31AUG23;11:13:08
"mco";"dgf";"2023";"7";"2023/08/31 11:14:32";="800000085";Dont séjours en hospitalisation complète;1034;3752149.0848;2023.7;X800000085;31AUG23;11:13:08
"mco";"dgf";"2023";"7";"2023/08/31 11:14:32";="800000085";Dont séjours sans nuitée;280;112690.68166;2023.7;X800000085;31AUG23;11:13:08
"mco";"dgf";"2023";"7";"2023/08/31 11:14:32";="800000085";Dont séjours séances;176;85768.185676;2023.7;X800000085;31AUG23;11:13:08
"mco";"dgf";"2023";"7";"2023/08/31 11:51:22";="590780193";Séjours valorisés;127305;313541279.77;2023.7;X590780193;31AUG23;11:45:29
"mco";"dgf";"2023";"7";"2023/08/31 11:51:22";="590780193";Dont séjours en hospitalisation complète;49661;259536261.67;2023.7;X590780193;31AUG23;11:45:29
"mco";"dgf";"2023";"7";"2023/08/31 11:51:22";="590780193";Dont séjours sans nuitée;44688;39577294.593;2023.7;X590780193;31AUG23;11:45:29
"mco";"dgf";"2023";"7";"2023/08/31 11:51:22";="590780193";Dont séjours séances;32956;14374988.373;2023.7;X590780193;31AUG23;11:45:29
"mco";"dgf";"2023";"7";"2023/08/31 12:26:20";="020004404";Séjours valorisés;8904;21307370.223;2023.7;X020004404;31AUG23;12:24:34
"mco";"dgf";"2023";"7";"2023/08/31 12:26:20";="020004404";Dont séjours en hospitalisation complète;4768;17458014.648;2023.7;X020004404;31AUG23;12:24:34
"mco";"dgf";"2023";"7";"2023/08/31 12:26:20";="020004404";Dont séjours sans nuitée;3575;3608395.4177;2023.7;X020004404;31AUG23;12:24:34
"mco";"dgf";"2023";"7";"2023/08/31 12:26:20";="020004404";Dont séjours séances;561;240960.15677;2023.7;X020004404;31AUG23;12:24:34
"mco";"dgf";"2023";"7";"2023/08/31 14:26:34";="590781605";Séjours valorisés;18135;34928137.652;2023.7;X590781605;31AUG23;14:25:07
"mco";"dgf";"2023";"7";"2023/08/31 14:26:34";="590781605";Dont séjours en hospitalisation complète;7269;27668199.028;2023.7;X590781605;31AUG23;14:25:07
"mco";"dgf";"2023";"7";"2023/08/31 14:26:34";="590781605";Dont séjours sans nuitée;4681;4889099.6156;2023.7;X590781605;31AUG23;14:25:07
"mco";"dgf";"2023";"7";"2023/08/31 14:26:34";="590781605";Dont séjours séances;6185;2370839.009;2023.7;X590781605;31AUG23;14:25:07
"mco";"dgf";"2023";"7";"2023/08/31 14:29:46";="590781811";Séjours valorisés;135;629448.90879;2023.7;X590781811;31AUG23;14:28:53
"mco";"dgf";"2023";"7";"2023/08/31 14:29:46";="590781811";Dont séjours en hospitalisation complète;134;628890.16663;2023.7;X590781811;31AUG23;14:28:53
"mco";"dgf";"2023";"7";"2023/08/31 14:29:46";="590781811";Dont séjours sans nuitée;1;558.742158;2023.7;X590781811;31AUG23;14:28:53
"mco";"dgf";"2023";"7";"2023/08/31 14:29:46";="590781811";Dont séjours séances;0;0;2023.7;X590781811;31AUG23;14:28:53
"mco";"dgf";"2023";"7";"2023/08/31 14:34:31";="800000093";Séjours valorisés;2979;6403196.1545;2023.7;X800000093;31AUG23;14:33:22
"mco";"dgf";"2023";"7";"2023/08/31 14:34:31";="800000093";Dont séjours en hospitalisation complète;1994;5541222.8092;2023.7;X800000093;31AUG23;14:33:22
"mco";"dgf";"2023";"7";"2023/08/31 14:34:31";="800000093";Dont séjours sans nuitée;810;775600.82703;2023.7;X800000093;31AUG23;14:33:22
"mco";"dgf";"2023";"7";"2023/08/31 14:34:31";="800000093";Dont séjours séances;175;86372.51828;2023.7;X800000093;31AUG23;14:33:22
"mco";"dgf";"2023";"7";"2023/08/31 14:54:01";="600100713";Séjours valorisés;34386;53444244.148;2023.7;X600100713;31AUG23;14:51:48
"mco";"dgf";"2023";"7";"2023/08/31 14:54:01";="600100713";Dont séjours en hospitalisation complète;11453;42683469.924;2023.7;X600100713;31AUG23;14:51:48
"mco";"dgf";"2023";"7";"2023/08/31 14:54:01";="600100713";Dont séjours sans nuitée;3410;4039758.8112;2023.7;X600100713;31AUG23;14:51:48
"mco";"dgf";"2023";"7";"2023/08/31 14:54:01";="600100713";Dont séjours séances;19523;6721015.4122;2023.7;X600100713;31AUG23;14:51:48
"mco";"dgf";"2023";"7";"2023/08/31 15:00:13";="020000048";Séjours valorisés;396;2395032.8105;2023.7;X020000048;31AUG23;14:59:10
"mco";"dgf";"2023";"7";"2023/08/31 15:00:13";="020000048";Dont séjours en hospitalisation complète;390;2390928.6125;2023.7;X020000048;31AUG23;14:59:10
"mco";"dgf";"2023";"7";"2023/08/31 15:00:13";="020000048";Dont séjours sans nuitée;6;4104.197994;2023.7;X020000048;31AUG23;14:59:10
"mco";"dgf";"2023";"7";"2023/08/31 15:00:13";="020000048";Dont séjours séances;0;0;2023.7;X020000048;31AUG23;14:59:10
"mco";"dgf";"2023";"7";"2023/08/31 15:44:26";="590782215";Séjours valorisés;67276;136919994.85;2023.7;X590782215;31AUG23;15:42:07
"mco";"dgf";"2023";"7";"2023/08/31 15:44:26";="590782215";Dont séjours en hospitalisation complète;26110;110299459.15;2023.7;X590782215;31AUG23;15:42:07
"mco";"dgf";"2023";"7";"2023/08/31 15:44:26";="590782215";Dont séjours sans nuitée;15330;16506798.863;2023.7;X590782215;31AUG23;15:42:07
"mco";"dgf";"2023";"7";"2023/08/31 15:44:26";="590782215";Dont séjours séances;25836;10113736.83;2023.7;X590782215;31AUG23;15:42:07
"mco";"dgf";"2023";"7";"2023/08/31 16:59:58";="620100685";Séjours valorisés;38766;77702516.468;2023.7;X620100685;31AUG23;16:57:50
"mco";"dgf";"2023";"7";"2023/08/31 16:59:58";="620100685";Dont séjours en hospitalisation complète;15646;60896151.517;2023.7;X620100685;31AUG23;16:57:50
"mco";"dgf";"2023";"7";"2023/08/31 16:59:58";="620100685";Dont séjours sans nuitée;10669;11828566.463;2023.7;X620100685;31AUG23;16:57:50
"mco";"dgf";"2023";"7";"2023/08/31 16:59:58";="620100685";Dont séjours séances;12451;4968115.4582;2023.7;X620100685;31AUG23;16:57:50
"mco";"dgf";"2023";"7";"2023/08/31 18:54:26";="800000069";Séjours valorisés;3330;5253784.2194;2023.7;X800000069;31AUG23;18:53:23
"mco";"dgf";"2023";"7";"2023/08/31 18:54:26";="800000069";Dont séjours en hospitalisation complète;1254;4099508.8401;2023.7;X800000069;31AUG23;18:53:23
"mco";"dgf";"2023";"7";"2023/08/31 18:54:26";="800000069";Dont séjours sans nuitée;1252;795578.44787;2023.7;X800000069;31AUG23;18:53:23
"mco";"dgf";"2023";"7";"2023/08/31 18:54:26";="800000069";Dont séjours séances;824;358696.93145;2023.7;X800000069;31AUG23;18:53:23
"mco";"dgf";"2023";"7";"2023/09/01 08:07:18";="020000071";Séjours valorisés;223;1446981.529;2023.7;X020000071;01SEP23;8:06:20
"mco";"dgf";"2023";"7";"2023/09/01 08:07:18";="020000071";Dont séjours en hospitalisation complète;218;1443684.1838;2023.7;X020000071;01SEP23;8:06:20
"mco";"dgf";"2023";"7";"2023/09/01 08:07:18";="020000071";Dont séjours sans nuitée;5;3297.345262;2023.7;X020000071;01SEP23;8:06:20
"mco";"dgf";"2023";"7";"2023/09/01 08:07:18";="020000071";Dont séjours séances;0;0;2023.7;X020000071;01SEP23;8:06:20
"mco";"dgf";"2023";"7";"2023/09/01 09:19:40";="600100721";Séjours valorisés;20445;54609249.666;2023.7;X600100721;01SEP23;9:18:13
"mco";"dgf";"2023";"7";"2023/09/01 09:19:40";="600100721";Dont séjours en hospitalisation complète;12357;48777524.102;2023.7;X600100721;01SEP23;9:18:13
"mco";"dgf";"2023";"7";"2023/09/01 09:19:40";="600100721";Dont séjours sans nuitée;3276;3711396.3798;2023.7;X600100721;01SEP23;9:18:13
"mco";"dgf";"2023";"7";"2023/09/01 09:19:40";="600100721";Dont séjours séances;4812;2120329.1838;2023.7;X600100721;01SEP23;9:18:13
"mco";"dgf";"2023";"7";"2023/09/01 12:16:36";="620100057";Séjours valorisés;27643;47204554.217;2023.7;X620100057;01SEP23;12:14:44
"mco";"dgf";"2023";"7";"2023/09/01 12:16:36";="620100057";Dont séjours en hospitalisation complète;10682;36703783.777;2023.7;X620100057;01SEP23;12:14:44
"mco";"dgf";"2023";"7";"2023/09/01 12:16:36";="620100057";Dont séjours sans nuitée;6224;6131335.349;2023.7;X620100057;01SEP23;12:14:44
"mco";"dgf";"2023";"7";"2023/09/01 12:16:36";="620100057";Dont séjours séances;10737;4369435.0904;2023.7;X620100057;01SEP23;12:14:44
"mco";"dgf";"2023";"7";"2023/09/01 12:23:14";="600101984";Séjours valorisés;31410;55282191.745;2023.7;X600101984;01SEP23;12:20:52
"mco";"dgf";"2023";"7";"2023/09/01 12:23:14";="600101984";Dont séjours en hospitalisation complète;11848;44235196.423;2023.7;X600101984;01SEP23;12:20:52
"mco";"dgf";"2023";"7";"2023/09/01 12:23:14";="600101984";Dont séjours sans nuitée;5014;5326365.7188;2023.7;X600101984;01SEP23;12:20:52
"mco";"dgf";"2023";"7";"2023/09/01 12:23:14";="600101984";Dont séjours séances;14548;5720629.6035;2023.7;X600101984;01SEP23;12:20:52
"mco";"dgf";"2023";"7";"2023/09/01 13:08:44";="800000028";Séjours valorisés;15535;36593065.643;2023.7;X800000028;01SEP23;13:07:27
"mco";"dgf";"2023";"7";"2023/09/01 13:08:44";="800000028";Dont séjours en hospitalisation complète;9037;32118044.659;2023.7;X800000028;01SEP23;13:07:27
"mco";"dgf";"2023";"7";"2023/09/01 13:08:44";="800000028";Dont séjours sans nuitée;3336;3054911.3711;2023.7;X800000028;01SEP23;13:07:27
"mco";"dgf";"2023";"7";"2023/09/01 13:08:44";="800000028";Dont séjours séances;3162;1420109.6121;2023.7;X800000028;01SEP23;13:07:27
"mco";"dgf";"2023";"7";"2023/09/01 14:03:41";="590783239";Séjours valorisés;26854;48308903.574;2023.7;X590783239;01SEP23;14:02:13
"mco";"dgf";"2023";"7";"2023/09/01 14:03:41";="590783239";Dont séjours en hospitalisation complète;11699;39415464.941;2023.7;X590783239;01SEP23;14:02:13
"mco";"dgf";"2023";"7";"2023/09/01 14:03:41";="590783239";Dont séjours sans nuitée;4918;5040566.2141;2023.7;X590783239;01SEP23;14:02:13
"mco";"dgf";"2023";"7";"2023/09/01 14:03:41";="590783239";Dont séjours séances;10237;3852872.419;2023.7;X590783239;01SEP23;14:02:13
"mco";"dgf";"2023";"7";"2023/09/01 16:13:40";="590785374";Séjours valorisés;4602;5917756.8768;2023.7;X590785374;01SEP23;16:12:38
"mco";"dgf";"2023";"7";"2023/09/01 16:13:40";="590785374";Dont séjours en hospitalisation complète;2088;4657395.6316;2023.7;X590785374;01SEP23;16:12:38
"mco";"dgf";"2023";"7";"2023/09/01 16:13:40";="590785374";Dont séjours sans nuitée;729;491156.35122;2023.7;X590785374;01SEP23;16:12:38
"mco";"dgf";"2023";"7";"2023/09/01 16:13:40";="590785374";Dont séjours séances;1785;769204.89402;2023.7;X590785374;01SEP23;16:12:38
"mco";"dgf";"2023";"7";"2023/09/01 16:56:53";="020000063";Séjours valorisés;44465;72067512.699;2023.7;X020000063;01SEP23;16:55:02
"mco";"dgf";"2023";"7";"2023/09/01 16:56:53";="020000063";Dont séjours en hospitalisation complète;13675;51541392.767;2023.7;X020000063;01SEP23;16:55:02
"mco";"dgf";"2023";"7";"2023/09/01 16:56:53";="020000063";Dont séjours sans nuitée;7486;9283846.2288;2023.7;X020000063;01SEP23;16:55:02
"mco";"dgf";"2023";"7";"2023/09/01 16:56:53";="020000063";Dont séjours séances;23304;11242273.703;2023.7;X020000063;01SEP23;16:55:02
"mco";"dgf";"2023";"7";"2023/09/01 18:28:03";="590000188";Séjours valorisés;48640;41134655.733;2023.7;X590000188;01SEP23;18:26:37
"mco";"dgf";"2023";"7";"2023/09/01 18:28:03";="590000188";Dont séjours en hospitalisation complète;3023;14566777.017;2023.7;X590000188;01SEP23;18:26:37
"mco";"dgf";"2023";"7";"2023/09/01 18:28:03";="590000188";Dont séjours sans nuitée;3947;5105667.961;2023.7;X590000188;01SEP23;18:26:37
"mco";"dgf";"2023";"7";"2023/09/01 18:28:03";="590000188";Dont séjours séances;41670;21462210.755;2023.7;X590000188;01SEP23;18:26:37
"mco";"dgf";"2023";"7";"2023/09/04 15:55:12";="620103432";Séjours valorisés;11642;23576401.002;2023.7;X620103432;04SEP23;15:53:55
"mco";"dgf";"2023";"7";"2023/09/04 15:55:12";="620103432";Dont séjours en hospitalisation complète;6522;19584978.297;2023.7;X620103432;04SEP23;15:53:55
"mco";"dgf";"2023";"7";"2023/09/04 15:55:12";="620103432";Dont séjours sans nuitée;3351;3210330.2182;2023.7;X620103432;04SEP23;15:53:55
"mco";"dgf";"2023";"7";"2023/09/04 15:55:12";="620103432";Dont séjours séances;1769;781092.48697;2023.7;X620103432;04SEP23;15:53:55
"mco";"dgf";"2023";"7";"2023/09/05 09:24:36";="590782637";Séjours valorisés;12157;26144704.369;2023.7;X590782637;05SEP23;9:23:23
"mco";"dgf";"2023";"7";"2023/09/05 09:24:36";="590782637";Dont séjours en hospitalisation complète;6214;21129571.431;2023.7;X590782637;05SEP23;9:23:23
"mco";"dgf";"2023";"7";"2023/09/05 09:24:36";="590782637";Dont séjours sans nuitée;4961;4575853.4648;2023.7;X590782637;05SEP23;9:23:23
"mco";"dgf";"2023";"7";"2023/09/05 09:24:36";="590782637";Dont séjours séances;982;439279.47261;2023.7;X590782637;05SEP23;9:23:23
"mco";"dgf";"2023";"7";"2023/09/05 12:10:38";="590781803";Séjours valorisés;12357;33477533.869;2023.7;X590781803;05SEP23;12:09:07
"mco";"dgf";"2023";"7";"2023/09/05 12:10:38";="590781803";Dont séjours en hospitalisation complète;7712;29576499.472;2023.7;X590781803;05SEP23;12:09:07
"mco";"dgf";"2023";"7";"2023/09/05 12:10:38";="590781803";Dont séjours sans nuitée;3924;3579365.3189;2023.7;X590781803;05SEP23;12:09:07
"mco";"dgf";"2023";"7";"2023/09/05 12:10:38";="590781803";Dont séjours séances;721;321669.07796;2023.7;X590781803;05SEP23;12:09:07
"mco";"dgf";"2023";"7";"2023/09/05 17:41:48";="590780227";Séjours valorisés;14122;30968749.945;2023.7;X590780227;05SEP23;17:40:33
"mco";"dgf";"2023";"7";"2023/09/05 17:41:48";="590780227";Dont séjours en hospitalisation complète;8353;25656803.57;2023.7;X590780227;05SEP23;17:40:33
"mco";"dgf";"2023";"7";"2023/09/05 17:41:48";="590780227";Dont séjours sans nuitée;4433;4764947.244;2023.7;X590780227;05SEP23;17:40:33
"mco";"dgf";"2023";"7";"2023/09/05 17:41:48";="590780227";Dont séjours séances;1336;546999.13106;2023.7;X590780227;05SEP23;17:40:33
"mco";"dgf";"2023";"7";"2023/09/05 17:46:14";="800000044";Séjours valorisés;78183;164958511.21;2023.7;X800000044;05SEP23;17:44:11
"mco";"dgf";"2023";"7";"2023/09/05 17:46:14";="800000044";Dont séjours en hospitalisation complète;26736;133955865.84;2023.7;X800000044;05SEP23;17:44:11
"mco";"dgf";"2023";"7";"2023/09/05 17:46:14";="800000044";Dont séjours sans nuitée;14728;16207777.11;2023.7;X800000044;05SEP23;17:44:11
"mco";"dgf";"2023";"7";"2023/09/05 17:46:14";="800000044";Dont séjours séances;36719;14762947.745;2023.7;X800000044;05SEP23;17:44:11
"mco";"dgf";"2023";"7";"2023/09/07 20:01:59";="590781902";SÃ©jours valorisÃ©s;17946;42569496.414;2023.7;X590781902;07SEP23;20:00:41
"mco";"dgf";"2023";"7";"2023/09/07 20:01:59";="590781902";Dont sÃ©jours en hospitalisation complÃ¨te;9769;36975634.74;2023.7;X590781902;07SEP23;20:00:41
"mco";"dgf";"2023";"7";"2023/09/07 20:01:59";="590781902";Dont sÃ©jours sans nuitÃ©e;6073;4712399.8929;2023.7;X590781902;07SEP23;20:00:41
"mco";"dgf";"2023";"7";"2023/09/07 20:01:59";="590781902";Dont sÃ©jours sÃ©ances;2104;881461.78133;2023.7;X590781902;07SEP23;20:00:41
