"champ";"statut";"annee";"periode";"date du resultat";"ipe";code;classe_dist;nb;nb_valo;nb_nvalo;mnt_br;mnt_am;per_comp;finess_comp;date_comp;temp_comp
"mco";"dgf";"2023";"7";"2023/08/08 14:41:53";="800000036";TDE;01;3;3;0;247.461282;245.72905303;2023.7;X800000036;08AUG23;14:40:54
"mco";"dgf";"2023";"7";"2023/08/08 14:41:53";="800000036";TDE;02;17;17;0;2567.921965;2462.7571422;2023.7;X800000036;08AUG23;14:40:54
"mco";"dgf";"2023";"7";"2023/08/11 08:31:39";="600100168";TDE;01;112;112;0;9289.9429975;8789.293263;2023.7;X600100168;11AUG23;8:30:51
"mco";"dgf";"2023";"7";"2023/08/11 08:31:39";="600100168";TDE;02;5;5;0;736.18757965;702.66747111;2023.7;X600100168;11AUG23;8:30:51
"mco";"dgf";"2023";"7";"2023/08/11 08:31:39";="600100168";TDE;03;6;6;0;1697.5825806;1685.6995025;2023.7;X600100168;11AUG23;8:30:51
"mco";"dgf";"2023";"7";"2023/08/11 08:31:39";="600100168";TSE;06;23;23;0;3948.1079168;3920.4711614;2023.7;X600100168;11AUG23;8:30:51
"mco";"dgf";"2023";"7";"2023/08/18 15:15:43";="020000022";TDE;01;1;1;0;86.99964;86.39064252;2023.7;X020000022;18AUG23;15:14:25
"mco";"dgf";"2023";"7";"2023/08/18 15:15:43";="020000022";TDE;02;78;77;1;11692.93248;10402.40002;2023.7;X020000022;18AUG23;15:14:25
"mco";"dgf";"2023";"7";"2023/08/18 15:15:43";="020000022";TSE;06;7;7;0;1203.121254;1059.2213044;2023.7;X020000022;18AUG23;15:14:25
"mco";"dgf";"2023";"7";"2023/08/18 15:15:43";="020000022";TSE;07;11;11;0;2625.766038;2464.9366313;2023.7;X020000022;18AUG23;15:14:25
"mco";"dgf";"2023";"7";"2023/08/22 19:10:28";="590782439";TDE;01;22;22;0;1886.916804;1753.6576785;2023.7;X590782439;22AUG23;19:09:40
"mco";"dgf";"2023";"7";"2023/08/22 19:10:28";="590782439";TDE;02;2;2;0;292.67999;290.63123007;2023.7;X590782439;22AUG23;19:09:40
"mco";"dgf";"2023";"7";"2023/08/23 11:55:24";="590049565";TDE;01;6;6;0;491.32938042;487.89007475;2023.7;X590049565;23AUG23;11:54:38
"mco";"dgf";"2023";"7";"2023/08/23 11:55:24";="590049565";TDE;02;1;1;0;150.17331714;149.12210392;2023.7;X590049565;23AUG23;11:54:38
"mco";"dgf";"2023";"7";"2023/08/23 11:55:24";="590049565";TSE;06;9;9;0;1557.9154839;1547.0100755;2023.7;X590049565;23AUG23;11:54:38
"mco";"dgf";"2023";"7";"2023/08/24 14:39:24";="020000253";TDE;01;267;267;0;22813.749648;21836.353724;2023.7;X020000253;24AUG23;14:38:01
"mco";"dgf";"2023";"7";"2023/08/24 14:39:24";="020000253";TDE;02;195;193;2;29253.408865;27844.727934;2023.7;X020000253;24AUG23;14:38:01
"mco";"dgf";"2023";"7";"2023/08/24 14:39:24";="020000253";TDE;03;38;37;1;10473.173188;9554.5231834;2023.7;X020000253;24AUG23;14:38:01
"mco";"dgf";"2023";"7";"2023/08/24 14:39:24";="020000253";TDE;04;1;1;0;478.528089;475.17839238;2023.7;X020000253;24AUG23;14:38:01
"mco";"dgf";"2023";"7";"2023/08/24 14:39:24";="020000253";TSE;06;30;29;1;5216.309982;5179.7958121;2023.7;X020000253;24AUG23;14:38:01
"mco";"dgf";"2023";"7";"2023/08/24 14:39:24";="020000253";TSE;07;1;1;0;243.298302;241.59521389;2023.7;X020000253;24AUG23;14:38:01
"mco";"dgf";"2023";"7";"2023/08/25 10:38:30";="620003376";TDE;01;549;306;243;25247.887351;23818.203057;2023.7;X620003376;25AUG23;10:37:19
"mco";"dgf";"2023";"7";"2023/08/25 10:38:30";="620003376";TDE;02;59;31;28;4508.5827709;4329.3582129;2023.7;X620003376;25AUG23;10:37:19
"mco";"dgf";"2023";"7";"2023/08/25 10:38:30";="620003376";TDE;03;2;1;1;269.11200175;267.22821773;2023.7;X620003376;25AUG23;10:37:19
"mco";"dgf";"2023";"7";"2023/08/25 12:07:05";="620101337";TDE;01;72;70;2;5941.060782;5697.5129643;2023.7;X620101337;25AUG23;12:05:23
"mco";"dgf";"2023";"7";"2023/08/25 12:07:05";="620101337";TDE;02;273;266;7;40352.96716;36575.027674;2023.7;X620101337;25AUG23;12:05:23
"mco";"dgf";"2023";"7";"2023/08/25 12:07:05";="620101337";TDE;03;264;253;11;72623.623164;64697.096734;2023.7;X620101337;25AUG23;12:05:23
"mco";"dgf";"2023";"7";"2023/08/25 12:07:05";="620101337";TDE;04;6;5;1;2342.962327;2231.5259122;2023.7;X620101337;25AUG23;12:05:23
"mco";"dgf";"2023";"7";"2023/08/25 14:47:33";="800000077";TDE;01;24;24;0;2051.890992;1970.2076243;2023.7;X800000077;25AUG23;14:46:27
"mco";"dgf";"2023";"7";"2023/08/25 14:47:33";="800000077";TDE;02;3;3;0;455.048395;421.20831212;2023.7;X800000077;25AUG23;14:46:27
"mco";"dgf";"2023";"7";"2023/08/25 14:47:33";="800000077";TDE;03;2;2;0;551.435936;547.57588445;2023.7;X800000077;25AUG23;14:46:27
"mco";"dgf";"2023";"7";"2023/08/25 14:47:33";="800000077";TDE;05;1;1;0;996.724059;989.74699059;2023.7;X800000077;25AUG23;14:46:27
"mco";"dgf";"2023";"7";"2023/08/28 12:10:38";="590782645";TDE;01;13;13;0;1112.945136;1087.8763915;2023.7;X590782645;28AUG23;12:09:41
"mco";"dgf";"2023";"7";"2023/08/28 12:10:38";="590782645";TDE;02;14;13;1;1990.57619;1945.9874125;2023.7;X590782645;28AUG23;12:09:41
"mco";"dgf";"2023";"7";"2023/08/28 12:10:38";="590782645";TSE;06;73;72;1;12839.714072;12074.810618;2023.7;X590782645;28AUG23;12:09:41
"mco";"dgf";"2023";"7";"2023/08/28 12:10:38";="590782645";TSE;07;21;21;0;5096.635521;4964.3209868;2023.7;X590782645;28AUG23;12:09:41
"mco";"dgf";"2023";"7";"2023/08/28 12:51:57";="600100572";TDE;01;3;3;0;256.486374;254.69096938;2023.7;X600100572;28AUG23;12:51:09
"mco";"dgf";"2023";"7";"2023/08/28 12:51:57";="600100572";TDE;02;24;24;0;3696.486595;3639.9564447;2023.7;X600100572;28AUG23;12:51:09
"mco";"dgf";"2023";"7";"2023/08/28 12:51:57";="600100572";TDE;03;1;1;0;290.807322;288.77167075;2023.7;X600100572;28AUG23;12:51:09
"mco";"dgf";"2023";"7";"2023/08/28 12:51:57";="600100572";TSE;06;7;7;0;1259.109306;1250.2955409;2023.7;X600100572;28AUG23;12:51:09
"mco";"dgf";"2023";"7";"2023/08/28 12:51:57";="600100572";TSE;08;15;15;0;5516.75943;5478.142114;2023.7;X600100572;28AUG23;12:51:09
"mco";"dgf";"2023";"7";"2023/08/28 15:45:09";="020004495";TDE;01;51;49;2;4181.756532;3848.6474563;2023.7;X020004495;28AUG23;15:44:15
"mco";"dgf";"2023";"7";"2023/08/28 15:45:09";="020004495";TDE;02;205;204;1;30903.219835;27318.82242;2023.7;X020004495;28AUG23;15:44:15
"mco";"dgf";"2023";"7";"2023/08/28 15:45:09";="020004495";TDE;03;108;105;3;29991.552066;26456.426685;2023.7;X020004495;28AUG23;15:44:15
"mco";"dgf";"2023";"7";"2023/08/28 15:45:09";="020004495";TDE;04;9;8;1;3803.385653;3401.5522766;2023.7;X020004495;28AUG23;15:44:15
"mco";"dgf";"2023";"7";"2023/08/29 09:25:05";="020000055";TDE;01;1;1;0;86.99964;86.39064252;2023.7;X020000055;29AUG23;9:24:09
"mco";"dgf";"2023";"7";"2023/08/29 09:25:05";="020000055";TDE;02;11;9;2;1373.15939;1334.4841513;2023.7;X020000055;29AUG23;9:24:09
"mco";"dgf";"2023";"7";"2023/08/29 09:25:05";="020000055";TDE;03;1;1;0;290.807322;288.77167075;2023.7;X020000055;29AUG23;9:24:09
"mco";"dgf";"2023";"7";"2023/08/29 09:25:05";="020000055";TSE;06;2;2;0;359.745516;357.22729739;2023.7;X020000055;29AUG23;9:24:09
"mco";"dgf";"2023";"7";"2023/08/29 09:25:05";="020000055";TSE;07;4;4;0;947.935566;895.48905811;2023.7;X020000055;29AUG23;9:24:09
"mco";"dgf";"2023";"7";"2023/08/29 09:29:46";="590782652";TDE;01;102;102;0;8779.199814;8271.2026491;2023.7;X590782652;29AUG23;9:28:13
"mco";"dgf";"2023";"7";"2023/08/29 09:29:46";="590782652";TDE;02;525;517;8;78671.118495;70836.082705;2023.7;X590782652;29AUG23;9:28:13
"mco";"dgf";"2023";"7";"2023/08/29 09:29:46";="590782652";TDE;03;2;2;0;581.614644;519.78900734;2023.7;X590782652;29AUG23;9:28:13
"mco";"dgf";"2023";"7";"2023/08/29 09:49:16";="590780052";TDE;01;19;19;0;1621.405338;1576.3954353;2023.7;X590780052;29AUG23;9:48:30
"mco";"dgf";"2023";"7";"2023/08/29 09:49:16";="590780052";TDE;02;12;12;0;1852.2504;1716.6656707;2023.7;X590780052;29AUG23;9:48:30
"mco";"dgf";"2023";"7";"2023/08/29 09:49:16";="590780052";TDE;03;7;7;0;2020.5619;1778.3973758;2023.7;X590780052;29AUG23;9:48:30
"mco";"dgf";"2023";"7";"2023/08/29 09:49:16";="590780052";TDE;05;1;1;0;1051.292424;835.14670163;2023.7;X590780052;29AUG23;9:48:30
"mco";"dgf";"2023";"7";"2023/08/29 10:20:20";="600100648";TDE;01;59;58;1;4937.678016;4377.3503943;2023.7;X600100648;29AUG23;10:19:13
"mco";"dgf";"2023";"7";"2023/08/29 10:20:20";="600100648";TDE;02;140;139;1;21134.6656;18601.605441;2023.7;X600100648;29AUG23;10:19:13
"mco";"dgf";"2023";"7";"2023/08/29 10:20:20";="600100648";TDE;03;45;45;0;12875.078534;11558.218529;2023.7;X600100648;29AUG23;10:19:13
"mco";"dgf";"2023";"7";"2023/08/29 10:20:20";="600100648";TDE;04;1;1;0;478.528089;380.1427139;2023.7;X600100648;29AUG23;10:19:13
"mco";"dgf";"2023";"7";"2023/08/29 10:20:20";="600100648";TDE;05;1;1;0;1051.292424;1043.933377;2023.7;X600100648;29AUG23;10:19:13
"mco";"dgf";"2023";"7";"2023/08/29 13:06:02";="620000026";TDE;01;601;586;15;48852.922745;46462.578725;2023.7;X620000026;29AUG23;13:05:03
"mco";"dgf";"2023";"7";"2023/08/29 13:06:02";="620000026";TDE;02;24;24;0;3574.8015993;3490.1291465;2023.7;X620000026;29AUG23;13:05:03
"mco";"dgf";"2023";"7";"2023/08/29 13:06:02";="620000026";TDE;03;63;63;0;17548.248529;16922.445279;2023.7;X620000026;29AUG23;13:05:03
"mco";"dgf";"2023";"7";"2023/08/29 13:06:02";="620000026";TDE;04;18;18;0;8175.4701055;7845.3749267;2023.7;X620000026;29AUG23;13:05:03
"mco";"dgf";"2023";"7";"2023/08/29 13:06:02";="620000026";TDE;05;1;1;0;1022.8168109;1015.6570932;2023.7;X620000026;29AUG23;13:05:03
"mco";"dgf";"2023";"7";"2023/08/29 14:22:01";="620003350";TDE;01;96;90;6;7485.6470236;6772.3320086;2023.7;X620003350;29AUG23;14:20:57
"mco";"dgf";"2023";"7";"2023/08/29 14:22:01";="620003350";TDE;02;27;24;3;3545.4435872;3196.9297293;2023.7;X620003350;29AUG23;14:20:57
"mco";"dgf";"2023";"7";"2023/08/29 14:23:51";="590000600";TDE;01;19;18;1;1547.943336;1451.6132818;2023.7;X590000600;29AUG23;14:23:02
"mco";"dgf";"2023";"7";"2023/08/29 14:23:51";="590000600";TDE;02;6;6;0;894.06838;857.15515722;2023.7;X590000600;29AUG23;14:23:02
"mco";"dgf";"2023";"7";"2023/08/29 14:25:34";="620025346";TDE;01;233;220;13;18369.416848;17506.930113;2023.7;X620025346;29AUG23;14:24:34
"mco";"dgf";"2023";"7";"2023/08/29 14:25:34";="620025346";TDE;02;99;92;7;13625.118098;12882.350766;2023.7;X620025346;29AUG23;14:24:34
"mco";"dgf";"2023";"7";"2023/08/29 14:25:34";="620025346";TDE;03;2;2;0;552.04243184;548.17813482;2023.7;X620025346;29AUG23;14:24:34
"mco";"dgf";"2023";"7";"2023/08/29 14:25:34";="620025346";TDE;04;1;1;0;465.56653768;369.84605753;2023.7;X620025346;29AUG23;14:24:34
"mco";"dgf";"2023";"7";"2023/08/29 14:41:04";="590001749";TDE;01;74;71;3;5951.8099509;5393.1367527;2023.7;X590001749;29AUG23;14:40:05
"mco";"dgf";"2023";"7";"2023/08/29 14:41:04";="590001749";TDE;02;141;140;1;20752.702788;17045.322963;2023.7;X590001749;29AUG23;14:40:05
"mco";"dgf";"2023";"7";"2023/08/29 14:41:04";="590001749";TDE;03;6;6;0;1642.3088672;1521.1770781;2023.7;X590001749;29AUG23;14:40:05
"mco";"dgf";"2023";"7";"2023/08/29 14:47:13";="590781670";TDE;01;40;40;0;3439.372686;3193.3699816;2023.7;X590781670;29AUG23;14:46:17
"mco";"dgf";"2023";"7";"2023/08/29 14:47:13";="590781670";TDE;02;19;19;0;2892.658775;2811.1006753;2023.7;X590781670;29AUG23;14:46:17
"mco";"dgf";"2023";"7";"2023/08/29 14:52:09";="020000261";TDE;01;39;38;1;3247.323222;2868.9207939;2023.7;X020000261;29AUG23;14:50:19
"mco";"dgf";"2023";"7";"2023/08/29 14:52:09";="020000261";TDE;02;324;319;5;48413.526685;46023.533441;2023.7;X020000261;29AUG23;14:50:19
"mco";"dgf";"2023";"7";"2023/08/29 14:52:09";="020000261";TDE;03;27;27;0;7655.636092;6981.7326922;2023.7;X020000261;29AUG23;14:50:19
"mco";"dgf";"2023";"7";"2023/08/29 16:14:48";="620100651";TDE;01;1381;1362;19;116616.29054;106881.84249;2023.7;X620100651;29AUG23;16:13:10
"mco";"dgf";"2023";"7";"2023/08/29 16:14:48";="620100651";TDE;02;253;250;3;38059.61247;34175.050258;2023.7;X620100651;29AUG23;16:13:10
"mco";"dgf";"2023";"7";"2023/08/29 16:14:48";="620100651";TDE;03;13;12;1;3444.419802;3247.0458609;2023.7;X620100651;29AUG23;16:13:10
"mco";"dgf";"2023";"7";"2023/08/29 16:14:48";="620100651";TDE;04;5;5;0;2367.801386;2351.2267763;2023.7;X620100651;29AUG23;16:13:10
"mco";"dgf";"2023";"7";"2023/08/29 16:14:48";="620100651";TDE;05;2;2;0;1993.448118;1583.5951849;2023.7;X620100651;29AUG23;16:13:10
"mco";"dgf";"2023";"7";"2023/08/29 16:14:48";="620100651";TSE;06;208;207;1;36647.31924;35216.931406;2023.7;X620100651;29AUG23;16:13:10
"mco";"dgf";"2023";"7";"2023/08/29 16:41:07";="620027839";TDE;01;143;143;0;11992.395413;11908.448645;2023.7;X620027839;29AUG23;16:39:44
"mco";"dgf";"2023";"7";"2023/08/29 16:41:07";="620027839";TSE;06;314;314;0;54069.311747;53656.071431;2023.7;X620027839;29AUG23;16:39:44
"mco";"dgf";"2023";"7";"2023/08/29 16:41:07";="620027839";TSE;08;3;3;0;1055.9824502;1048.590573;2023.7;X620027839;29AUG23;16:39:44
"mco";"dgf";"2023";"7";"2023/08/30 08:36:33";="590780284";TDE;01;651;626;25;52354.354758;49895.239476;2023.7;X590780284;30AUG23;8:35:11
"mco";"dgf";"2023";"7";"2023/08/30 08:36:33";="590780284";TDE;02;104;97;7;14398.003193;13916.787827;2023.7;X590780284;30AUG23;8:35:11
"mco";"dgf";"2023";"7";"2023/08/30 08:36:33";="590780284";TDE;03;24;24;0;6762.6934656;6659.164628;2023.7;X590780284;30AUG23;8:35:11
"mco";"dgf";"2023";"7";"2023/08/30 08:36:33";="590780284";TDE;04;1;1;0;465.56653768;462.30757191;2023.7;X590780284;30AUG23;8:35:11
"mco";"dgf";"2023";"7";"2023/08/30 08:36:33";="590780284";TSE;06;192;169;23;29214.373713;27603.580648;2023.7;X590780284;30AUG23;8:35:11
"mco";"dgf";"2023";"7";"2023/08/30 08:36:33";="590780284";TSE;07;6;6;0;1397.1186888;1387.338858;2023.7;X590780284;30AUG23;8:35:11
"mco";"dgf";"2023";"7";"2023/08/30 08:36:33";="590780284";TSE;08;2;0;2;0;0;2023.7;X590780284;30AUG23;8:35:11
"mco";"dgf";"2023";"7";"2023/08/30 08:43:36";="020000287";TDE;01;463;463;0;39608.463966;36637.10808;2023.7;X020000287;30AUG23;8:42:17
"mco";"dgf";"2023";"7";"2023/08/30 08:43:36";="020000287";TDE;02;315;313;2;47359.174205;43038.118179;2023.7;X020000287;30AUG23;8:42:17
"mco";"dgf";"2023";"7";"2023/08/30 08:43:36";="020000287";TDE;03;56;56;0;15983.422952;14624.917606;2023.7;X020000287;30AUG23;8:42:17
"mco";"dgf";"2023";"7";"2023/08/30 10:34:01";="590797353";TDE;01;638;596;42;49872.913645;44761.430543;2023.7;X590797353;30AUG23;10:32:13
"mco";"dgf";"2023";"7";"2023/08/30 10:34:01";="590797353";TDE;02;15;15;0;2245.2602541;2110.2457492;2023.7;X590797353;30AUG23;10:32:13
"mco";"dgf";"2023";"7";"2023/08/30 10:34:01";="590797353";TDE;03;5;4;1;1131.7217204;1067.6096849;2023.7;X590797353;30AUG23;10:32:13
"mco";"dgf";"2023";"7";"2023/08/30 10:34:01";="590797353";TSE;06;246;222;24;38352.684815;35743.148172;2023.7;X590797353;30AUG23;10:32:13
"mco";"dgf";"2023";"7";"2023/08/30 10:34:01";="590797353";TSE;07;2;2;0;473.41650653;470.10259098;2023.7;X590797353;30AUG23;10:32:13
"mco";"dgf";"2023";"7";"2023/08/30 10:34:01";="590797353";TSE;08;2;2;0;715.64411677;568.50768636;2023.7;X590797353;30AUG23;10:32:13
"mco";"dgf";"2023";"7";"2023/08/30 11:30:42";="590782421";TDE;01;994;964;30;82504.864068;78392.627939;2023.7;X590782421;30AUG23;11:28:50
"mco";"dgf";"2023";"7";"2023/08/30 11:30:42";="590782421";TDE;02;18;17;1;2535.865145;2195.2364937;2023.7;X590782421;30AUG23;11:28:50
"mco";"dgf";"2023";"7";"2023/08/30 11:30:42";="590782421";TDE;03;6;6;0;1699.57587;1517.4125822;2023.7;X590782421;30AUG23;11:28:50
"mco";"dgf";"2023";"7";"2023/08/30 11:30:42";="590782421";TDE;04;3;3;0;1385.906149;1281.1691275;2023.7;X590782421;30AUG23;11:28:50
"mco";"dgf";"2023";"7";"2023/08/30 11:30:42";="590782421";TDE;05;2;2;0;2048.016483;1824.8936922;2023.7;X590782421;30AUG23;11:28:50
"mco";"dgf";"2023";"7";"2023/08/30 11:30:42";="590782421";TSE;06;237;235;2;41514.259428;41223.659612;2023.7;X590782421;30AUG23;11:28:50
"mco";"dgf";"2023";"7";"2023/08/30 12:12:38";="800000051";TDE;01;17;17;0;1451.918604;1306.2187206;2023.7;X800000051;30AUG23;12:11:16
"mco";"dgf";"2023";"7";"2023/08/30 12:12:38";="800000051";TDE;02;47;47;0;7182.519555;6622.2526159;2023.7;X800000051;30AUG23;12:11:16
"mco";"dgf";"2023";"7";"2023/08/30 12:12:38";="800000051";TDE;03;3;3;0;842.243258;781.58996675;2023.7;X800000051;30AUG23;12:11:16
"mco";"dgf";"2023";"7";"2023/08/30 12:12:38";="800000051";TDE;04;1;1;0;478.528089;475.17839238;2023.7;X800000051;30AUG23;12:11:16
"mco";"dgf";"2023";"7";"2023/08/30 13:42:49";="800000135";TDE;01;7;7;0;590.947296;586.81066493;2023.7;X800000135;30AUG23;13:41:48
"mco";"dgf";"2023";"7";"2023/08/30 13:42:49";="800000135";TDE;02;8;8;0;1210.790985;1082.8797139;2023.7;X800000135;30AUG23;13:41:48
"mco";"dgf";"2023";"7";"2023/08/30 14:12:14";="590782165";TDE;01;573;562;11;48225.940872;45144.220645;2023.7;X590782165;30AUG23;14:10:49
"mco";"dgf";"2023";"7";"2023/08/30 14:12:14";="590782165";TDE;02;68;68;0;10383.88673;9551.1974043;2023.7;X590782165;30AUG23;14:10:49
"mco";"dgf";"2023";"7";"2023/08/30 14:12:14";="590782165";TDE;04;1;1;0;478.528089;475.17839238;2023.7;X590782165;30AUG23;14:10:49
"mco";"dgf";"2023";"7";"2023/08/30 14:40:17";="620101360";TDE;01;127;126;1;10758.89007;9957.6459549;2023.7;X620101360;30AUG23;14:38:44
"mco";"dgf";"2023";"7";"2023/08/30 14:40:17";="620101360";TDE;02;386;381;5;57911.35924;50475.523949;2023.7;X620101360;30AUG23;14:38:44
"mco";"dgf";"2023";"7";"2023/08/30 14:40:17";="620101360";TDE;03;31;31;0;8879.222796;7564.4533594;2023.7;X620101360;30AUG23;14:38:44
"mco";"dgf";"2023";"7";"2023/08/30 14:40:17";="620101360";TDE;04;2;2;0;932.217119;830.65592069;2023.7;X620101360;30AUG23;14:38:44
"mco";"dgf";"2023";"7";"2023/08/30 14:40:17";="620101360";TSE;06;1;1;0;170.541416;135.47810087;2023.7;X620101360;30AUG23;14:38:44
"mco";"dgf";"2023";"7";"2023/08/30 14:40:17";="620101360";TSE;07;4;4;0;973.193208;966.38085554;2023.7;X620101360;30AUG23;14:38:44
"mco";"dgf";"2023";"7";"2023/08/30 14:40:17";="620101360";TSE;08;5;5;0;1743.8118;1593.1043722;2023.7;X620101360;30AUG23;14:38:44
"mco";"dgf";"2023";"7";"2023/08/30 14:56:43";="590781662";TDE;01;65;65;0;5578.263318;5249.0720567;2023.7;X590781662;30AUG23;14:55:22
"mco";"dgf";"2023";"7";"2023/08/30 14:56:43";="590781662";TDE;02;77;76;1;11522.54987;10513.877649;2023.7;X590781662;30AUG23;14:55:22
"mco";"dgf";"2023";"7";"2023/08/30 14:56:43";="590781662";TDE;03;84;81;3;23238.516648;20798.637868;2023.7;X590781662;30AUG23;14:55:22
"mco";"dgf";"2023";"7";"2023/08/30 15:05:35";="590781621";TDE;01;22;22;0;1913.99208;1727.8128504;2023.7;X590781621;30AUG23;15:03:46
"mco";"dgf";"2023";"7";"2023/08/30 15:05:35";="590781621";TDE;02;212;211;1;32143.983335;28200.965422;2023.7;X590781621;30AUG23;15:03:46
"mco";"dgf";"2023";"7";"2023/08/30 15:05:35";="590781621";TDE;03;13;13;0;3765.405832;3392.5219863;2023.7;X590781621;30AUG23;15:03:46
"mco";"dgf";"2023";"7";"2023/08/30 15:20:11";="590052056";TDE;01;18;18;0;1498.7823521;1455.4913079;2023.7;X590052056;30AUG23;15:19:03
"mco";"dgf";"2023";"7";"2023/08/30 15:20:11";="590052056";TDE;02;6;6;0;879.02139377;872.86824401;2023.7;X590052056;30AUG23;15:19:03
"mco";"dgf";"2023";"7";"2023/08/30 15:20:11";="590052056";TDE;03;2;1;1;282.9304301;280.94991709;2023.7;X590052056;30AUG23;15:19:03
"mco";"dgf";"2023";"7";"2023/08/30 15:20:11";="590052056";TDE;05;1;1;0;972.84340463;966.03350079;2023.7;X590052056;30AUG23;15:19:03
"mco";"dgf";"2023";"7";"2023/08/30 16:35:36";="590781795";TDE;01;16;16;0;1364.918964;1253.4881435;2023.7;X590781795;30AUG23;16:33:32
"mco";"dgf";"2023";"7";"2023/08/30 16:35:36";="590781795";TDE;02;6;6;0;902.082585;865.11326279;2023.7;X590781795;30AUG23;16:33:32
"mco";"dgf";"2023";"7";"2023/08/31 09:37:36";="620100677";TDE;01;15;15;0;1255.356594;1161.9708386;2023.7;X620100677;31AUG23;9:36:32
"mco";"dgf";"2023";"7";"2023/08/31 09:37:36";="620100677";TDE;02;13;13;0;1950.505165;1699.5717815;2023.7;X620100677;31AUG23;9:36:32
"mco";"dgf";"2023";"7";"2023/08/31 09:37:36";="620100677";TDE;03;11;11;0;3168.701834;2805.9884077;2023.7;X620100677;31AUG23;9:36:32
"mco";"dgf";"2023";"7";"2023/08/31 09:37:36";="620100677";TDE;05;3;3;0;3153.877272;2923.0134557;2023.7;X620100677;31AUG23;9:36:32
"mco";"dgf";"2023";"7";"2023/08/31 09:37:36";="620100677";TSE;06;66;61;5;10711.812262;10008.612251;2023.7;X620100677;31AUG23;9:36:32
"mco";"dgf";"2023";"7";"2023/08/31 09:37:36";="620100677";TSE;07;1;1;0;230.669481;183.24383571;2023.7;X620100677;31AUG23;9:36:32
"mco";"dgf";"2023";"7";"2023/08/31 10:38:45";="590781415";TDE;01;735;715;20;61153.319382;59473.550386;2023.7;X590781415;31AUG23;10:37:00
"mco";"dgf";"2023";"7";"2023/08/31 10:38:45";="590781415";TDE;02;58;54;4;8190.87111;7920.5434245;2023.7;X590781415;31AUG23;10:37:00
"mco";"dgf";"2023";"7";"2023/08/31 10:38:45";="590781415";TDE;03;119;112;7;31876.30978;29831.041724;2023.7;X590781415;31AUG23;10:37:00
"mco";"dgf";"2023";"7";"2023/08/31 10:38:45";="590781415";TSE;06;139;137;2;24343.964902;24139.687622;2023.7;X590781415;31AUG23;10:37:00
"mco";"dgf";"2023";"7";"2023/08/31 10:39:48";="620103440";TDE;01;398;396;2;33847.176276;30099.095431;2023.7;X620103440;31AUG23;10:37:57
"mco";"dgf";"2023";"7";"2023/08/31 10:39:48";="620103440";TDE;02;203;200;3;30406.01611;29427.394233;2023.7;X620103440;31AUG23;10:37:57
"mco";"dgf";"2023";"7";"2023/08/31 10:39:48";="620103440";TDE;03;94;94;0;26883.207648;25174.615867;2023.7;X620103440;31AUG23;10:37:57
"mco";"dgf";"2023";"7";"2023/08/31 10:39:48";="620103440";TDE;04;2;2;0;957.056178;855.32110628;2023.7;X620103440;31AUG23;10:37:57
"mco";"dgf";"2023";"7";"2023/08/31 10:39:48";="620103440";TSE;06;238;232;6;40769.35163;40198.184331;2023.7;X620103440;31AUG23;10:37:57
"mco";"dgf";"2023";"7";"2023/08/31 10:39:48";="620103440";TSE;07;2;2;0;473.967783;470.65000852;2023.7;X620103440;31AUG23;10:37:57
"mco";"dgf";"2023";"7";"2023/08/31 11:14:34";="800000085";TDE;01;24;24;0;2038.353354;1804.8463598;2023.7;X800000085;31AUG23;11:13:08
"mco";"dgf";"2023";"7";"2023/08/31 11:14:34";="800000085";TDE;02;146;144;2;21866.365575;19784.821436;2023.7;X800000085;31AUG23;11:13:08
"mco";"dgf";"2023";"7";"2023/08/31 11:14:34";="800000085";TDE;03;3;3;0;857.332612;793.57694957;2023.7;X800000085;31AUG23;11:13:08
"mco";"dgf";"2023";"7";"2023/08/31 11:51:24";="590780193";TDE;01;5579;5269;310;450901.25171;427975.50166;2023.7;X590780193;31AUG23;11:45:29
"mco";"dgf";"2023";"7";"2023/08/31 11:51:24";="590780193";TDE;02;1026;961;65;145962.18152;138630.19679;2023.7;X590780193;31AUG23;11:45:29
"mco";"dgf";"2023";"7";"2023/08/31 11:51:24";="590780193";TDE;03;633;505;128;144096.34583;139058.19929;2023.7;X590780193;31AUG23;11:45:29
"mco";"dgf";"2023";"7";"2023/08/31 11:51:24";="590780193";TDE;04;54;54;0;25343.735626;24791.1198;2023.7;X590780193;31AUG23;11:45:29
"mco";"dgf";"2023";"7";"2023/08/31 11:51:24";="590780193";TDE;05;3;3;0;3153.877272;3131.8001311;2023.7;X590780193;31AUG23;11:45:29
"mco";"dgf";"2023";"7";"2023/08/31 11:51:24";="590780193";TSE;06;653;618;35;109185.84506;107475.56249;2023.7;X590780193;31AUG23;11:45:29
"mco";"dgf";"2023";"7";"2023/08/31 12:26:22";="020004404";TDE;01;295;289;6;24763.842096;23824.62991;2023.7;X020004404;31AUG23;12:24:34
"mco";"dgf";"2023";"7";"2023/08/31 12:26:22";="020004404";TDE;02;181;179;2;27220.677345;25613.233947;2023.7;X020004404;31AUG23;12:24:34
"mco";"dgf";"2023";"7";"2023/08/31 12:26:22";="020004404";TDE;03;35;34;1;9721.466054;8850.8486049;2023.7;X020004404;31AUG23;12:24:34
"mco";"dgf";"2023";"7";"2023/08/31 14:26:36";="590781605";TDE;01;437;436;1;37295.574054;35879.308513;2023.7;X590781605;31AUG23;14:25:07
"mco";"dgf";"2023";"7";"2023/08/31 14:26:36";="590781605";TDE;02;182;182;0;27755.86779;25358.475836;2023.7;X590781605;31AUG23;14:25:07
"mco";"dgf";"2023";"7";"2023/08/31 14:26:36";="590781605";TDE;03;66;65;1;18570.510142;16610.358352;2023.7;X590781605;31AUG23;14:25:07
"mco";"dgf";"2023";"7";"2023/08/31 14:26:36";="590781605";TDE;04;6;5;1;2318.123268;2206.8607266;2023.7;X590781605;31AUG23;14:25:07
"mco";"dgf";"2023";"7";"2023/08/31 14:26:36";="590781605";TSE;06;30;30;0;5396.18274;5358.4094608;2023.7;X590781605;31AUG23;14:25:07
"mco";"dgf";"2023";"7";"2023/08/31 14:29:47";="590781811";TDE;01;1;1;0;82.487094;65.527747474;2023.7;X590781811;31AUG23;14:28:53
"mco";"dgf";"2023";"7";"2023/08/31 14:29:47";="590781811";TDE;04;3;3;0;1385.906149;1100.9638448;2023.7;X590781811;31AUG23;14:28:53
"mco";"dgf";"2023";"7";"2023/08/31 14:29:47";="590781811";TSE;06;2;2;0;359.745516;285.78183791;2023.7;X590781811;31AUG23;14:28:53
"mco";"dgf";"2023";"7";"2023/08/31 14:34:33";="800000093";TDE;01;57;57;0;4882.266198;4608.8851105;2023.7;X800000093;31AUG23;14:33:22
"mco";"dgf";"2023";"7";"2023/08/31 14:34:33";="800000093";TDE;02;200;199;1;30235.6335;28124.567608;2023.7;X800000093;31AUG23;14:33:22
"mco";"dgf";"2023";"7";"2023/08/31 14:34:33";="800000093";TDE;03;2;2;0;581.614644;519.78900734;2023.7;X800000093;31AUG23;14:33:22
"mco";"dgf";"2023";"7";"2023/08/31 14:34:33";="800000093";TSE;06;1;1;0;179.872758;178.61364869;2023.7;X800000093;31AUG23;14:33:22
"mco";"dgf";"2023";"7";"2023/08/31 14:54:03";="600100713";TDE;01;263;261;2;22418.103096;21335.326968;2023.7;X600100713;31AUG23;14:51:48
"mco";"dgf";"2023";"7";"2023/08/31 14:54:03";="600100713";TDE;02;598;595;3;90350.10687;83653.141442;2023.7;X600100713;31AUG23;14:51:48
"mco";"dgf";"2023";"7";"2023/08/31 14:54:03";="600100713";TDE;03;31;31;0;8788.686672;8334.8725091;2023.7;X600100713;31AUG23;14:51:48
"mco";"dgf";"2023";"7";"2023/08/31 14:54:03";="600100713";TDE;04;1;1;0;478.528089;475.17839238;2023.7;X600100713;31AUG23;14:51:48
"mco";"dgf";"2023";"7";"2023/08/31 14:54:03";="600100713";TSE;06;362;362;0;64162.141512;63320.056494;2023.7;X600100713;31AUG23;14:51:48
"mco";"dgf";"2023";"7";"2023/08/31 14:54:03";="600100713";TSE;07;2;2;0;461.338962;458.10958927;2023.7;X600100713;31AUG23;14:51:48
"mco";"dgf";"2023";"7";"2023/08/31 15:00:15";="020000048";TDE;01;14;14;0;1208.969868;1183.2289504;2023.7;X020000048;31AUG23;14:59:10
"mco";"dgf";"2023";"7";"2023/08/31 15:00:15";="020000048";TDE;02;35;35;0;5330.269155;5109.0288062;2023.7;X020000048;31AUG23;14:59:10
"mco";"dgf";"2023";"7";"2023/08/31 15:00:15";="020000048";TDE;03;1;1;0;290.807322;288.77167075;2023.7;X020000048;31AUG23;14:59:10
"mco";"dgf";"2023";"7";"2023/08/31 15:00:15";="020000048";TDE;05;1;1;0;996.724059;989.74699059;2023.7;X020000048;31AUG23;14:59:10
"mco";"dgf";"2023";"7";"2023/08/31 15:44:28";="590782215";TDE;01;855;829;26;70990.052514;68716.80919;2023.7;X590782215;31AUG23;15:42:07
"mco";"dgf";"2023";"7";"2023/08/31 15:44:28";="590782215";TDE;02;208;200;8;30398.001905;29339.616025;2023.7;X590782215;31AUG23;15:42:07
"mco";"dgf";"2023";"7";"2023/08/31 15:44:28";="590782215";TDE;03;10;9;1;2587.08719;2511.2232455;2023.7;X590782215;31AUG23;15:42:07
"mco";"dgf";"2023";"7";"2023/08/31 15:44:28";="590782215";TDE;04;4;4;0;1889.273297;1876.0483839;2023.7;X590782215;31AUG23;15:42:07
"mco";"dgf";"2023";"7";"2023/08/31 15:44:28";="590782215";TDE;05;1;1;0;996.724059;989.74699059;2023.7;X590782215;31AUG23;15:42:07
"mco";"dgf";"2023";"7";"2023/08/31 15:44:28";="590782215";TSE;06;250;250;0;44604.267162;44292.037292;2023.7;X590782215;31AUG23;15:42:07
"mco";"dgf";"2023";"7";"2023/08/31 15:44:28";="590782215";TSE;07;67;67;0;15922.121604;15810.666753;2023.7;X590782215;31AUG23;15:42:07
"mco";"dgf";"2023";"7";"2023/08/31 15:44:28";="590782215";TSE;08;1;1;0;367.783962;365.20947427;2023.7;X590782215;31AUG23;15:42:07
"mco";"dgf";"2023";"7";"2023/08/31 17:00:00";="620100685";TDE;01;1366;1360;6;116762.68203;112689.95968;2023.7;X620100685;31AUG23;16:57:50
"mco";"dgf";"2023";"7";"2023/08/31 17:00:00";="620100685";TDE;02;334;329;5;49949.05448;46484.103993;2023.7;X620100685;31AUG23;16:57:50
"mco";"dgf";"2023";"7";"2023/08/31 17:00:00";="620100685";TDE;03;14;13;1;3735.227124;3420.3088634;2023.7;X620100685;31AUG23;16:57:50
"mco";"dgf";"2023";"7";"2023/08/31 17:00:00";="620100685";TDE;04;4;4;0;1889.273297;1876.0483839;2023.7;X620100685;31AUG23;16:57:50
"mco";"dgf";"2023";"7";"2023/08/31 17:00:00";="620100685";TDE;05;1;1;0;1051.292424;1043.933377;2023.7;X620100685;31AUG23;16:57:50
"mco";"dgf";"2023";"7";"2023/08/31 18:54:28";="800000069";TDE;02;153;151;2;22986.916;19821.428721;2023.7;X800000069;31AUG23;18:53:23
"mco";"dgf";"2023";"7";"2023/08/31 18:54:28";="800000069";TDE;03;13;13;0;3705.048416;3274.832738;2023.7;X800000069;31AUG23;18:53:23
"mco";"dgf";"2023";"7";"2023/08/31 18:54:28";="800000069";TSE;07;2;2;0;486.596604;483.19042777;2023.7;X800000069;31AUG23;18:53:23
"mco";"dgf";"2023";"7";"2023/09/01 08:07:20";="020000071";TDE;01;1;0;1;0;0;2023.7;X020000071;01SEP23;8:06:20
"mco";"dgf";"2023";"7";"2023/09/01 08:07:20";="020000071";TDE;02;4;4;0;601.38839;566.52392715;2023.7;X020000071;01SEP23;8:06:20
"mco";"dgf";"2023";"7";"2023/09/01 08:07:20";="020000071";TDE;03;1;1;0;290.807322;288.77167075;2023.7;X020000071;01SEP23;8:06:20
"mco";"dgf";"2023";"7";"2023/09/01 09:19:42";="600100721";TDE;01;120;119;1;10181.480412;9599.0357271;2023.7;X600100721;01SEP23;9:18:13
"mco";"dgf";"2023";"7";"2023/09/01 09:19:42";="600100721";TDE;02;677;672;5;101866.72684;98171.363581;2023.7;X600100721;01SEP23;9:18:13
"mco";"dgf";"2023";"7";"2023/09/01 09:19:42";="600100721";TDE;03;136;133;3;37953.084834;36276.519089;2023.7;X600100721;01SEP23;9:18:13
"mco";"dgf";"2023";"7";"2023/09/01 09:19:42";="600100721";TDE;04;2;2;0;907.37806;810.92377222;2023.7;X600100721;01SEP23;9:18:13
"mco";"dgf";"2023";"7";"2023/09/01 09:19:42";="600100721";TSE;06;10;10;0;1752.07087;1739.8063739;2023.7;X600100721;01SEP23;9:18:13
"mco";"dgf";"2023";"7";"2023/09/01 12:16:38";="620100057";TDE;01;334;325;9;27769.477848;24671.86494;2023.7;X620100057;01SEP23;12:14:44
"mco";"dgf";"2023";"7";"2023/09/01 12:16:38";="620100057";TDE;02;464;450;14;68297.330275;60951.01988;2023.7;X620100057;01SEP23;12:14:44
"mco";"dgf";"2023";"7";"2023/09/01 12:16:38";="620100057";TDE;03;10;9;1;2556.908482;2368.7438659;2023.7;X620100057;01SEP23;12:14:44
"mco";"dgf";"2023";"7";"2023/09/01 12:16:38";="620100057";TDE;04;2;2;0;932.217119;923.70934106;2023.7;X620100057;01SEP23;12:14:44
"mco";"dgf";"2023";"7";"2023/09/01 12:16:38";="620100057";TSE;06;51;45;6;7963.635322;7800.7216855;2023.7;X620100057;01SEP23;12:14:44
"mco";"dgf";"2023";"7";"2023/09/01 12:16:38";="620100057";TSE;07;70;61;9;14550.733539;13446.718925;2023.7;X620100057;01SEP23;12:14:44
"mco";"dgf";"2023";"7";"2023/09/01 12:23:16";="600101984";TDE;01;461;438;23;37465.060788;36340.440833;2023.7;X600101984;01SEP23;12:20:52
"mco";"dgf";"2023";"7";"2023/09/01 12:23:16";="600101984";TDE;02;84;80;4;12115.924055;11790.649497;2023.7;X600101984;01SEP23;12:20:52
"mco";"dgf";"2023";"7";"2023/09/01 12:23:16";="600101984";TDE;03;13;12;1;3429.330448;3232.0621324;2023.7;X600101984;01SEP23;12:20:52
"mco";"dgf";"2023";"7";"2023/09/01 12:23:16";="600101984";TDE;05;1;1;0;1051.292424;1043.933377;2023.7;X600101984;01SEP23;12:20:52
"mco";"dgf";"2023";"7";"2023/09/01 12:23:16";="600101984";TSE;06;165;165;0;28988.485762;28785.566362;2023.7;X600101984;01SEP23;12:20:52
"mco";"dgf";"2023";"7";"2023/09/01 12:23:16";="600101984";TSE;08;5;5;0;1762.55481;1750.2169263;2023.7;X600101984;01SEP23;12:20:52
"mco";"dgf";"2023";"7";"2023/09/01 13:08:46";="800000028";TDE;01;381;379;2;32440.383132;31190.055614;2023.7;X800000028;01SEP23;13:07:27
"mco";"dgf";"2023";"7";"2023/09/01 13:08:46";="800000028";TDE;02;166;166;0;25182.015925;23300.80633;2023.7;X800000028;01SEP23;13:07:27
"mco";"dgf";"2023";"7";"2023/09/01 13:08:46";="800000028";TDE;03;16;16;0;4562.381028;4019.6455906;2023.7;X800000028;01SEP23;13:07:27
"mco";"dgf";"2023";"7";"2023/09/01 13:08:46";="800000028";TDE;04;4;4;0;1864.434238;1761.280557;2023.7;X800000028;01SEP23;13:07:27
"mco";"dgf";"2023";"7";"2023/09/01 13:08:46";="800000028";TSE;06;6;6;0;1069.905206;1062.4158696;2023.7;X800000028;01SEP23;13:07:27
"mco";"dgf";"2023";"7";"2023/09/01 14:03:43";="590783239";TDE;01;525;522;3;44633.141622;40948.574863;2023.7;X590783239;01SEP23;14:02:13
"mco";"dgf";"2023";"7";"2023/09/01 14:03:43";="590783239";TDE;02;358;346;12;52412.79178;48157.9502;2023.7;X590783239;01SEP23;14:02:13
"mco";"dgf";"2023";"7";"2023/09/01 14:03:43";="590783239";TDE;03;8;8;0;2266.10116;2082.9689408;2023.7;X590783239;01SEP23;14:02:13
"mco";"dgf";"2023";"7";"2023/09/01 14:03:43";="590783239";TDE;04;2;2;0;932.217119;830.65592069;2023.7;X590783239;01SEP23;14:02:13
"mco";"dgf";"2023";"7";"2023/09/01 14:03:43";="590783239";TDE;05;2;2;0;2102.584848;2087.8667541;2023.7;X590783239;01SEP23;14:02:13
"mco";"dgf";"2023";"7";"2023/09/01 16:13:41";="590785374";TDE;01;9;9;0;741.1264391;654.34997878;2023.7;X590785374;01SEP23;16:12:38
"mco";"dgf";"2023";"7";"2023/09/01 16:13:41";="590785374";TDE;02;2;2;0;300.34663428;298.24420784;2023.7;X590785374;01SEP23;16:12:38
"mco";"dgf";"2023";"7";"2023/09/01 16:13:41";="590785374";TDE;05;1;1;0;1022.8168109;1015.6570932;2023.7;X590785374;01SEP23;16:12:38
"mco";"dgf";"2023";"7";"2023/09/01 16:56:56";="020000063";TDE;01;329;325;4;27922.904412;25800.108926;2023.7;X020000063;01SEP23;16:55:02
"mco";"dgf";"2023";"7";"2023/09/01 16:56:56";="020000063";TDE;02;648;622;26;94541.712885;89589.020453;2023.7;X020000063;01SEP23;16:55:02
"mco";"dgf";"2023";"7";"2023/09/01 16:56:56";="020000063";TDE;03;136;133;3;38194.514498;34628.346193;2023.7;X020000063;01SEP23;16:55:02
"mco";"dgf";"2023";"7";"2023/09/01 16:56:56";="020000063";TDE;04;13;11;2;5189.291802;4782.6901197;2023.7;X020000063;01SEP23;16:55:02
"mco";"dgf";"2023";"7";"2023/09/01 16:56:56";="020000063";TDE;05;1;1;0;1051.292424;1043.933377;2023.7;X020000063;01SEP23;16:55:02
"mco";"dgf";"2023";"7";"2023/09/01 16:56:56";="020000063";TSE;06;49;49;0;8561.989228;8466.3325737;2023.7;X020000063;01SEP23;16:55:02
"mco";"dgf";"2023";"7";"2023/09/01 16:56:56";="020000063";TSE;07;168;168;0;39295.742481;37773.744057;2023.7;X020000063;01SEP23;16:55:02
"mco";"dgf";"2023";"7";"2023/09/01 16:56:56";="020000063";TSE;08;29;29;0;10150.271148;10079.21925;2023.7;X020000063;01SEP23;16:55:02
"mco";"dgf";"2023";"7";"2023/09/01 18:28:05";="590000188";TDE;01;83;82;1;6841.5608323;6793.6699065;2023.7;X590000188;01SEP23;18:26:37
"mco";"dgf";"2023";"7";"2023/09/01 18:28:05";="590000188";TDE;02;19;19;0;2801.9165045;2782.303089;2023.7;X590000188;01SEP23;18:26:37
"mco";"dgf";"2023";"7";"2023/09/01 18:28:05";="590000188";TDE;03;7;7;0;1980.5130107;1966.6494196;2023.7;X590000188;01SEP23;18:26:37
"mco";"dgf";"2023";"7";"2023/09/01 18:28:05";="590000188";TSE;06;531;524;7;90030.713698;89400.498702;2023.7;X590000188;01SEP23;18:26:37
"mco";"dgf";"2023";"7";"2023/09/01 18:28:05";="590000188";TSE;07;10;10;0;2332.3862865;2316.0595825;2023.7;X590000188;01SEP23;18:26:37
"mco";"dgf";"2023";"7";"2023/09/01 18:28:05";="590000188";TSE;08;6;6;0;2042.0300005;2027.7357905;2023.7;X590000188;01SEP23;18:26:37
"mco";"dgf";"2023";"7";"2023/09/04 15:55:14";="620103432";TDE;01;313;310;3;26595.347082;25183.078233;2023.7;X620103432;04SEP23;15:53:55
"mco";"dgf";"2023";"7";"2023/09/04 15:55:14";="620103432";TDE;02;174;172;2;26236.368405;24506.829708;2023.7;X620103432;04SEP23;15:53:55
"mco";"dgf";"2023";"7";"2023/09/04 15:55:14";="620103432";TDE;03;105;99;6;28412.691028;25939.589773;2023.7;X620103432;04SEP23;15:53:55
"mco";"dgf";"2023";"7";"2023/09/04 15:55:14";="620103432";TDE;04;6;6;0;2871.168534;2660.9989973;2023.7;X620103432;04SEP23;15:53:55
"mco";"dgf";"2023";"7";"2023/09/04 15:55:14";="620103432";TSE;06;18;18;0;3209.715618;3081.932624;2023.7;X620103432;04SEP23;15:53:55
"mco";"dgf";"2023";"7";"2023/09/04 15:55:14";="620103432";TSE;08;41;39;2;14173.146228;13858.600042;2023.7;X620103432;04SEP23;15:53:55
"mco";"dgf";"2023";"7";"2023/09/04 15:55:14";="620103432";TSE;09;29;29;0;15525.000528;14884.356958;2023.7;X620103432;04SEP23;15:53:55
"mco";"dgf";"2023";"7";"2023/09/05 09:24:38";="590782637";TDE;01;926;906;20;77652.924426;72014.888863;2023.7;X590782637;05SEP23;9:23:23
"mco";"dgf";"2023";"7";"2023/09/05 09:24:38";="590782637";TDE;02;87;82;5;12456.689275;11494.829461;2023.7;X590782637;05SEP23;9:23:23
"mco";"dgf";"2023";"7";"2023/09/05 09:24:38";="590782637";TDE;03;1;1;0;290.807322;266.85390094;2023.7;X590782637;05SEP23;9:23:23
"mco";"dgf";"2023";"7";"2023/09/05 09:24:38";="590782637";TSE;06;118;118;0;21048.030586;20304.527193;2023.7;X590782637;05SEP23;9:23:23
"mco";"dgf";"2023";"7";"2023/09/05 12:10:40";="590781803";TDE;01;1123;1056;67;90405.04239;83021.083737;2023.7;X590781803;05SEP23;12:09:07
"mco";"dgf";"2023";"7";"2023/09/05 12:10:40";="590781803";TDE;02;275;256;19;38705.240495;35157.933383;2023.7;X590781803;05SEP23;12:09:07
"mco";"dgf";"2023";"7";"2023/09/05 12:10:40";="590781803";TDE;03;48;48;0;13732.411146;12373.706768;2023.7;X590781803;05SEP23;12:09:07
"mco";"dgf";"2023";"7";"2023/09/05 12:10:40";="590781803";TDE;04;2;2;0;932.217119;830.65592069;2023.7;X590781803;05SEP23;12:09:07
"mco";"dgf";"2023";"7";"2023/09/05 17:41:50";="590780227";TDE;01;219;218;1;18668.093484;17538.058561;2023.7;X590780227;05SEP23;17:40:33
"mco";"dgf";"2023";"7";"2023/09/05 17:41:50";="590780227";TDE;02;28;28;0;4289.86078;3983.9390575;2023.7;X590780227;05SEP23;17:40:33
"mco";"dgf";"2023";"7";"2023/09/05 17:41:50";="590780227";TDE;03;1;1;0;290.807322;288.77167075;2023.7;X590780227;05SEP23;17:40:33
"mco";"dgf";"2023";"7";"2023/09/05 17:46:16";="800000044";TDE;01;1047;1036;11;88173.182076;82042.801339;2023.7;X800000044;05SEP23;17:44:11
"mco";"dgf";"2023";"7";"2023/09/05 17:46:16";="800000044";TDE;02;1045;1002;43;151625.52471;144872.67709;2023.7;X800000044;05SEP23;17:44:11
"mco";"dgf";"2023";"7";"2023/09/05 17:46:16";="800000044";TDE;03;605;572;33;162886.32612;154992.27056;2023.7;X800000044;05SEP23;17:44:11
"mco";"dgf";"2023";"7";"2023/09/05 17:46:16";="800000044";TDE;04;22;21;1;9949.733633;9109.3461451;2023.7;X800000044;05SEP23;17:44:11
"mco";"dgf";"2023";"7";"2023/09/05 17:46:16";="800000044";TDE;05;3;3;0;3153.877272;2714.2267803;2023.7;X800000044;05SEP23;17:44:11
"mco";"dgf";"2023";"7";"2023/09/05 17:46:16";="800000044";TSE;06;463;462;1;81832.151684;78286.415392;2023.7;X800000044;05SEP23;17:44:11
"mco";"dgf";"2023";"7";"2023/09/05 17:46:16";="800000044";TSE;07;286;285;1;68733.832662;67962.781577;2023.7;X800000044;05SEP23;17:44:11
"mco";"dgf";"2023";"7";"2023/09/05 17:46:16";="800000044";TSE;08;169;167;2;60828.092904;60110.128674;2023.7;X800000044;05SEP23;17:44:11
"mco";"dgf";"2023";"7";"2023/09/05 17:46:16";="800000044";TSE;09;21;21;0;11261.447322;11073.968019;2023.7;X800000044;05SEP23;17:44:11
"mco";"dgf";"2023";"7";"2023/09/07 20:02:01";="590781902";TDE;01;584;570;14;49034.751642;46866.049613;2023.7;X590781902;07SEP23;20:00:41
"mco";"dgf";"2023";"7";"2023/09/07 20:02:01";="590781902";TDE;02;93;92;1;13936.117635;13031.577795;2023.7;X590781902;07SEP23;20:00:41
"mco";"dgf";"2023";"7";"2023/09/07 20:02:01";="590781902";TDE;03;29;27;2;7731.082862;7278.6784343;2023.7;X590781902;07SEP23;20:00:41
"mco";"dgf";"2023";"7";"2023/09/07 20:02:01";="590781902";TDE;04;2;2;0;932.217119;925.69159917;2023.7;X590781902;07SEP23;20:00:41
"mco";"dgf";"2023";"7";"2023/09/07 20:02:01";="590781902";TSE;06;17;17;0;3039.174202;2875.0090636;2023.7;X590781902;07SEP23;20:00:41
"mco";"dgf";"2023";"7";"2023/09/07 20:02:01";="590781902";TSE;07;12;12;0;2894.552352;2777.6524;2023.7;X590781902;07SEP23;20:00:41
"mco";"dgf";"2023";"7";"2023/09/07 20:02:01";="590781902";TSE;08;1;1;0;348.692712;277.00149041;2023.7;X590781902;07SEP23;20:00:41
