"champ";"statut";"annee";"periode";"date du resultat";"ipe";type;mnt_sma;mnt_per_t2a;mnt_sma_per;mnt_du;per_comp;finess_comp;date_comp;temp_comp
"mco";"dgf";"2023";"7";"2023/08/11 08:31:45";="600100168";01;11260074;5814459.4334;6342201.38;6342201.38;2023.7;X600100168;11AUG23;8:30:51
"mco";"dgf";"2023";"7";"2023/08/11 08:31:45";="600100168";02;0;0;0;0;2023.7;X600100168;11AUG23;8:30:51
"mco";"dgf";"2023";"7";"2023/08/11 08:31:45";="600100168";03;46436;15098.131398;23490.81;23490.81;2023.7;X600100168;11AUG23;8:30:51
"mco";"dgf";"2023";"7";"2023/08/11 08:31:45";="600100168";04;0;0;0;0;2023.7;X600100168;11AUG23;8:30:51
"mco";"dgf";"2023";"7";"2023/08/11 08:31:45";="600100168";05;16544;6659.334619;8753.27;8753.27;2023.7;X600100168;11AUG23;8:30:51
"mco";"dgf";"2023";"7";"2023/08/11 08:31:45";="600100168";06;0;0;0;0;2023.7;X600100168;11AUG23;8:30:51
"mco";"dgf";"2023";"7";"2023/08/11 08:31:45";="600100168";07;0;0;0;0;2023.7;X600100168;11AUG23;8:30:51
"mco";"dgf";"2023";"7";"2023/08/11 08:31:45";="600100168";08;0;0;0;0;2023.7;X600100168;11AUG23;8:30:51
"mco";"dgf";"2023";"7";"2023/08/11 08:31:45";="600100168";09;0;0;0;0;2023.7;X600100168;11AUG23;8:30:51
"mco";"dgf";"2023";"7";"2023/08/11 08:31:45";="600100168";99;11323054;5836216.8994;6374445.46;6374445.46;2023.7;X600100168;11AUG23;8:30:51
"mco";"dgf";"2023";"7";"2023/08/18 15:15:57";="020000022";01;0;0;0;0;2023.7;X020000022;18AUG23;15:14:25
"mco";"dgf";"2023";"7";"2023/08/18 15:15:57";="020000022";02;0;0;0;0;2023.7;X020000022;18AUG23;15:14:25
"mco";"dgf";"2023";"7";"2023/08/18 15:15:57";="020000022";03;0;0;0;0;2023.7;X020000022;18AUG23;15:14:25
"mco";"dgf";"2023";"7";"2023/08/18 15:15:57";="020000022";04;0;0;0;0;2023.7;X020000022;18AUG23;15:14:25
"mco";"dgf";"2023";"7";"2023/08/18 15:15:57";="020000022";05;0;0;0;0;2023.7;X020000022;18AUG23;15:14:25
"mco";"dgf";"2023";"7";"2023/08/18 15:15:57";="020000022";06;0;0;0;0;2023.7;X020000022;18AUG23;15:14:25
"mco";"dgf";"2023";"7";"2023/08/18 15:15:57";="020000022";07;0;0;0;0;2023.7;X020000022;18AUG23;15:14:25
"mco";"dgf";"2023";"7";"2023/08/18 15:15:57";="020000022";08;0;0;0;0;2023.7;X020000022;18AUG23;15:14:25
"mco";"dgf";"2023";"7";"2023/08/18 15:15:57";="020000022";09;0;0;0;0;2023.7;X020000022;18AUG23;15:14:25
"mco";"dgf";"2023";"7";"2023/08/18 15:15:57";="020000022";99;0;0;0;0;2023.7;X020000022;18AUG23;15:14:25
"mco";"dgf";"2023";"7";"2023/08/22 19:10:35";="590782439";01;0;0;0;0;2023.7;X590782439;22AUG23;19:09:40
"mco";"dgf";"2023";"7";"2023/08/22 19:10:35";="590782439";02;0;0;0;0;2023.7;X590782439;22AUG23;19:09:40
"mco";"dgf";"2023";"7";"2023/08/22 19:10:35";="590782439";03;0;0;0;0;2023.7;X590782439;22AUG23;19:09:40
"mco";"dgf";"2023";"7";"2023/08/22 19:10:35";="590782439";04;0;0;0;0;2023.7;X590782439;22AUG23;19:09:40
"mco";"dgf";"2023";"7";"2023/08/22 19:10:35";="590782439";05;0;0;0;0;2023.7;X590782439;22AUG23;19:09:40
"mco";"dgf";"2023";"7";"2023/08/22 19:10:35";="590782439";06;0;0;0;0;2023.7;X590782439;22AUG23;19:09:40
"mco";"dgf";"2023";"7";"2023/08/22 19:10:35";="590782439";07;0;0;0;0;2023.7;X590782439;22AUG23;19:09:40
"mco";"dgf";"2023";"7";"2023/08/22 19:10:35";="590782439";08;0;0;0;0;2023.7;X590782439;22AUG23;19:09:40
"mco";"dgf";"2023";"7";"2023/08/22 19:10:35";="590782439";09;0;0;0;0;2023.7;X590782439;22AUG23;19:09:40
"mco";"dgf";"2023";"7";"2023/08/22 19:10:35";="590782439";99;0;0;0;0;2023.7;X590782439;22AUG23;19:09:40
"mco";"dgf";"2023";"7";"2023/08/23 11:55:30";="590049565";01;2991312;1853808.0239;1777594.81;1853808.0239;2023.7;X590049565;23AUG23;11:54:38
"mco";"dgf";"2023";"7";"2023/08/23 11:55:30";="590049565";02;0;0;0;0;2023.7;X590049565;23AUG23;11:54:38
"mco";"dgf";"2023";"7";"2023/08/23 11:55:30";="590049565";03;12010;2184.0222542;5559.29;2184.0222542;2023.7;X590049565;23AUG23;11:54:38
"mco";"dgf";"2023";"7";"2023/08/23 11:55:30";="590049565";04;0;0;0;0;2023.7;X590049565;23AUG23;11:54:38
"mco";"dgf";"2023";"7";"2023/08/23 11:55:30";="590049565";05;0;0;0;0;2023.7;X590049565;23AUG23;11:54:38
"mco";"dgf";"2023";"7";"2023/08/23 11:55:30";="590049565";06;0;0;0;0;2023.7;X590049565;23AUG23;11:54:38
"mco";"dgf";"2023";"7";"2023/08/23 11:55:30";="590049565";07;0;0;0;0;2023.7;X590049565;23AUG23;11:54:38
"mco";"dgf";"2023";"7";"2023/08/23 11:55:30";="590049565";08;0;0;0;0;2023.7;X590049565;23AUG23;11:54:38
"mco";"dgf";"2023";"7";"2023/08/23 11:55:30";="590049565";09;0;0;0;0;2023.7;X590049565;23AUG23;11:54:38
"mco";"dgf";"2023";"7";"2023/08/23 11:55:30";="590049565";99;3003322;1855992.0462;1783154.1;1855992.0462;2023.7;X590049565;23AUG23;11:54:38
"mco";"dgf";"2023";"7";"2023/08/24 14:39:32";="020000253";01;40697789;24808723.266;24060880.82;24808723.266;2023.7;X020000253;24AUG23;14:38:01
"mco";"dgf";"2023";"7";"2023/08/24 14:39:32";="020000253";02;61876;9159.8465527;28013.99;9159.8465527;2023.7;X020000253;24AUG23;14:38:01
"mco";"dgf";"2023";"7";"2023/08/24 14:39:32";="020000253";03;236060;65132.174259;115930.82;65132.174259;2023.7;X020000253;24AUG23;14:38:01
"mco";"dgf";"2023";"7";"2023/08/24 14:39:32";="020000253";04;0;0;0;0;2023.7;X020000253;24AUG23;14:38:01
"mco";"dgf";"2023";"7";"2023/08/24 14:39:32";="020000253";05;49597;34014.641647;30456.5;34014.641647;2023.7;X020000253;24AUG23;14:38:01
"mco";"dgf";"2023";"7";"2023/08/24 14:39:32";="020000253";06;262;220.5743744;173.16;220.5743744;2023.7;X020000253;24AUG23;14:38:01
"mco";"dgf";"2023";"7";"2023/08/24 14:39:32";="020000253";07;2110;9684.6912184;3766.99;9684.6912184;2023.7;X020000253;24AUG23;14:38:01
"mco";"dgf";"2023";"7";"2023/08/24 14:39:32";="020000253";08;0;0;0;0;2023.7;X020000253;24AUG23;14:38:01
"mco";"dgf";"2023";"7";"2023/08/24 14:39:32";="020000253";09;18937;11020.68;11038.81;11020.68;2023.7;X020000253;24AUG23;14:38:01
"mco";"dgf";"2023";"7";"2023/08/24 14:39:32";="020000253";99;41066631;24937955.874;24250261.09;24937955.874;2023.7;X020000253;24AUG23;14:38:01
"mco";"dgf";"2023";"7";"2023/08/25 10:38:37";="620003376";01;45374868;17803941.401;23869253.52;23869253.52;2023.7;X620003376;25AUG23;10:37:19
"mco";"dgf";"2023";"7";"2023/08/25 10:38:37";="620003376";02;0;0;0;0;2023.7;X620003376;25AUG23;10:37:19
"mco";"dgf";"2023";"7";"2023/08/25 10:38:37";="620003376";03;190860;28414.789488;86458.94;86458.94;2023.7;X620003376;25AUG23;10:37:19
"mco";"dgf";"2023";"7";"2023/08/25 10:38:37";="620003376";04;0;0;0;0;2023.7;X620003376;25AUG23;10:37:19
"mco";"dgf";"2023";"7";"2023/08/25 10:38:37";="620003376";05;6116;8910.9450744;5170.65;5170.65;2023.7;X620003376;25AUG23;10:37:19
"mco";"dgf";"2023";"7";"2023/08/25 10:38:37";="620003376";06;0;0;0;0;2023.7;X620003376;25AUG23;10:37:19
"mco";"dgf";"2023";"7";"2023/08/25 10:38:37";="620003376";07;0;0;0;0;2023.7;X620003376;25AUG23;10:37:19
"mco";"dgf";"2023";"7";"2023/08/25 10:38:37";="620003376";08;0;0;0;0;2023.7;X620003376;25AUG23;10:37:19
"mco";"dgf";"2023";"7";"2023/08/25 10:38:37";="620003376";09;499;847.61;458.04;458.04;2023.7;X620003376;25AUG23;10:37:19
"mco";"dgf";"2023";"7";"2023/08/25 10:38:37";="620003376";99;45572343;17842114.746;23961341.15;23961341.15;2023.7;X620003376;25AUG23;10:37:19
"mco";"dgf";"2023";"7";"2023/08/25 12:07:17";="620101337";01;68914181;37800474.765;39480099.67;39480099.67;2023.7;X620101337;25AUG23;12:05:23
"mco";"dgf";"2023";"7";"2023/08/25 12:07:17";="620101337";02;61885;38396.466571;36788.65;36788.65;2023.7;X620101337;25AUG23;12:05:23
"mco";"dgf";"2023";"7";"2023/08/25 12:07:17";="620101337";03;118651;109201.16328;81209.51;81209.51;2023.7;X620101337;25AUG23;12:05:23
"mco";"dgf";"2023";"7";"2023/08/25 12:07:17";="620101337";04;0;0;0;0;2023.7;X620101337;25AUG23;12:05:23
"mco";"dgf";"2023";"7";"2023/08/25 12:07:17";="620101337";05;54604;39117.309818;34031.83;34031.83;2023.7;X620101337;25AUG23;12:05:23
"mco";"dgf";"2023";"7";"2023/08/25 12:07:17";="620101337";06;294;0;120.05;120.05;2023.7;X620101337;25AUG23;12:05:23
"mco";"dgf";"2023";"7";"2023/08/25 12:07:17";="620101337";07;305296;182097.25486;179291.71;179291.71;2023.7;X620101337;25AUG23;12:05:23
"mco";"dgf";"2023";"7";"2023/08/25 12:07:17";="620101337";08;824;1500.9385888;786.75;786.75;2023.7;X620101337;25AUG23;12:05:23
"mco";"dgf";"2023";"7";"2023/08/25 12:07:17";="620101337";09;4558;3629.99;2950.18;2950.18;2023.7;X620101337;25AUG23;12:05:23
"mco";"dgf";"2023";"7";"2023/08/25 12:07:17";="620101337";99;69460293;38174417.888;39815278.35;39815278.35;2023.7;X620101337;25AUG23;12:05:23
"mco";"dgf";"2023";"7";"2023/08/25 14:48:16";="800000077";01;0;0;0;0;2023.7;X800000077;25AUG23;14:48:03
"mco";"dgf";"2023";"7";"2023/08/25 14:48:16";="800000077";02;0;0;0;0;2023.7;X800000077;25AUG23;14:48:03
"mco";"dgf";"2023";"7";"2023/08/25 14:48:16";="800000077";03;0;0;0;0;2023.7;X800000077;25AUG23;14:48:03
"mco";"dgf";"2023";"7";"2023/08/25 14:48:16";="800000077";04;0;0;0;0;2023.7;X800000077;25AUG23;14:48:03
"mco";"dgf";"2023";"7";"2023/08/25 14:48:16";="800000077";05;0;0;0;0;2023.7;X800000077;25AUG23;14:48:03
"mco";"dgf";"2023";"7";"2023/08/25 14:48:16";="800000077";06;0;0;0;0;2023.7;X800000077;25AUG23;14:48:03
"mco";"dgf";"2023";"7";"2023/08/25 14:48:16";="800000077";07;0;0;0;0;2023.7;X800000077;25AUG23;14:48:03
"mco";"dgf";"2023";"7";"2023/08/25 14:48:16";="800000077";08;0;0;0;0;2023.7;X800000077;25AUG23;14:48:03
"mco";"dgf";"2023";"7";"2023/08/25 14:48:16";="800000077";09;0;0;0;0;2023.7;X800000077;25AUG23;14:48:03
"mco";"dgf";"2023";"7";"2023/08/25 14:48:16";="800000077";99;0;0;0;0;2023.7;X800000077;25AUG23;14:48:03
"mco";"dgf";"2023";"7";"2023/08/28 12:10:45";="590782645";01;0;0;0;0;2023.7;X590782645;28AUG23;12:09:41
"mco";"dgf";"2023";"7";"2023/08/28 12:10:45";="590782645";02;0;0;0;0;2023.7;X590782645;28AUG23;12:09:41
"mco";"dgf";"2023";"7";"2023/08/28 12:10:45";="590782645";03;0;0;0;0;2023.7;X590782645;28AUG23;12:09:41
"mco";"dgf";"2023";"7";"2023/08/28 12:10:45";="590782645";04;0;0;0;0;2023.7;X590782645;28AUG23;12:09:41
"mco";"dgf";"2023";"7";"2023/08/28 12:10:45";="590782645";05;0;0;0;0;2023.7;X590782645;28AUG23;12:09:41
"mco";"dgf";"2023";"7";"2023/08/28 12:10:45";="590782645";06;0;0;0;0;2023.7;X590782645;28AUG23;12:09:41
"mco";"dgf";"2023";"7";"2023/08/28 12:10:45";="590782645";07;0;0;0;0;2023.7;X590782645;28AUG23;12:09:41
"mco";"dgf";"2023";"7";"2023/08/28 12:10:45";="590782645";08;0;0;0;0;2023.7;X590782645;28AUG23;12:09:41
"mco";"dgf";"2023";"7";"2023/08/28 12:10:45";="590782645";09;0;0;0;0;2023.7;X590782645;28AUG23;12:09:41
"mco";"dgf";"2023";"7";"2023/08/28 12:10:45";="590782645";99;0;0;0;0;2023.7;X590782645;28AUG23;12:09:41
"mco";"dgf";"2023";"7";"2023/08/28 12:52:05";="600100572";01;0;0;0;0;2023.7;X600100572;28AUG23;12:51:09
"mco";"dgf";"2023";"7";"2023/08/28 12:52:05";="600100572";02;0;0;0;0;2023.7;X600100572;28AUG23;12:51:09
"mco";"dgf";"2023";"7";"2023/08/28 12:52:05";="600100572";03;0;0;0;0;2023.7;X600100572;28AUG23;12:51:09
"mco";"dgf";"2023";"7";"2023/08/28 12:52:05";="600100572";04;0;0;0;0;2023.7;X600100572;28AUG23;12:51:09
"mco";"dgf";"2023";"7";"2023/08/28 12:52:05";="600100572";05;0;0;0;0;2023.7;X600100572;28AUG23;12:51:09
"mco";"dgf";"2023";"7";"2023/08/28 12:52:05";="600100572";06;0;0;0;0;2023.7;X600100572;28AUG23;12:51:09
"mco";"dgf";"2023";"7";"2023/08/28 12:52:05";="600100572";07;0;0;0;0;2023.7;X600100572;28AUG23;12:51:09
"mco";"dgf";"2023";"7";"2023/08/28 12:52:05";="600100572";08;0;0;0;0;2023.7;X600100572;28AUG23;12:51:09
"mco";"dgf";"2023";"7";"2023/08/28 12:52:05";="600100572";09;0;0;0;0;2023.7;X600100572;28AUG23;12:51:09
"mco";"dgf";"2023";"7";"2023/08/28 12:52:05";="600100572";99;0;0;0;0;2023.7;X600100572;28AUG23;12:51:09
"mco";"dgf";"2023";"7";"2023/08/28 15:45:18";="020004495";01;0;0;0;0;2023.7;X020004495;28AUG23;15:44:15
"mco";"dgf";"2023";"7";"2023/08/28 15:45:18";="020004495";02;0;0;0;0;2023.7;X020004495;28AUG23;15:44:15
"mco";"dgf";"2023";"7";"2023/08/28 15:45:18";="020004495";03;0;0;0;0;2023.7;X020004495;28AUG23;15:44:15
"mco";"dgf";"2023";"7";"2023/08/28 15:45:18";="020004495";04;0;0;0;0;2023.7;X020004495;28AUG23;15:44:15
"mco";"dgf";"2023";"7";"2023/08/28 15:45:18";="020004495";05;0;0;0;0;2023.7;X020004495;28AUG23;15:44:15
"mco";"dgf";"2023";"7";"2023/08/28 15:45:18";="020004495";06;0;0;0;0;2023.7;X020004495;28AUG23;15:44:15
"mco";"dgf";"2023";"7";"2023/08/28 15:45:18";="020004495";07;0;0;0;0;2023.7;X020004495;28AUG23;15:44:15
"mco";"dgf";"2023";"7";"2023/08/28 15:45:18";="020004495";08;0;0;0;0;2023.7;X020004495;28AUG23;15:44:15
"mco";"dgf";"2023";"7";"2023/08/28 15:45:18";="020004495";09;0;0;0;0;2023.7;X020004495;28AUG23;15:44:15
"mco";"dgf";"2023";"7";"2023/08/28 15:45:18";="020004495";99;0;0;0;0;2023.7;X020004495;28AUG23;15:44:15
"mco";"dgf";"2023";"7";"2023/08/28 18:06:01";="800000036";01;0;0;0;0;2023.7;X800000036;28AUG23;18:05:49
"mco";"dgf";"2023";"7";"2023/08/28 18:06:01";="800000036";02;0;0;0;0;2023.7;X800000036;28AUG23;18:05:49
"mco";"dgf";"2023";"7";"2023/08/28 18:06:01";="800000036";03;0;0;0;0;2023.7;X800000036;28AUG23;18:05:49
"mco";"dgf";"2023";"7";"2023/08/28 18:06:01";="800000036";04;0;0;0;0;2023.7;X800000036;28AUG23;18:05:49
"mco";"dgf";"2023";"7";"2023/08/28 18:06:01";="800000036";05;0;0;0;0;2023.7;X800000036;28AUG23;18:05:49
"mco";"dgf";"2023";"7";"2023/08/28 18:06:01";="800000036";06;0;0;0;0;2023.7;X800000036;28AUG23;18:05:49
"mco";"dgf";"2023";"7";"2023/08/28 18:06:01";="800000036";07;0;0;0;0;2023.7;X800000036;28AUG23;18:05:49
"mco";"dgf";"2023";"7";"2023/08/28 18:06:01";="800000036";08;0;0;0;0;2023.7;X800000036;28AUG23;18:05:49
"mco";"dgf";"2023";"7";"2023/08/28 18:06:01";="800000036";09;0;0;0;0;2023.7;X800000036;28AUG23;18:05:49
"mco";"dgf";"2023";"7";"2023/08/28 18:06:01";="800000036";99;0;0;0;0;2023.7;X800000036;28AUG23;18:05:49
"mco";"dgf";"2023";"7";"2023/08/29 09:25:12";="020000055";01;0;0;0;0;2023.7;X020000055;29AUG23;9:24:09
"mco";"dgf";"2023";"7";"2023/08/29 09:25:12";="020000055";02;0;0;0;0;2023.7;X020000055;29AUG23;9:24:09
"mco";"dgf";"2023";"7";"2023/08/29 09:25:12";="020000055";03;0;0;0;0;2023.7;X020000055;29AUG23;9:24:09
"mco";"dgf";"2023";"7";"2023/08/29 09:25:12";="020000055";04;0;0;0;0;2023.7;X020000055;29AUG23;9:24:09
"mco";"dgf";"2023";"7";"2023/08/29 09:25:12";="020000055";05;0;0;0;0;2023.7;X020000055;29AUG23;9:24:09
"mco";"dgf";"2023";"7";"2023/08/29 09:25:12";="020000055";06;0;0;0;0;2023.7;X020000055;29AUG23;9:24:09
"mco";"dgf";"2023";"7";"2023/08/29 09:25:12";="020000055";07;0;0;0;0;2023.7;X020000055;29AUG23;9:24:09
"mco";"dgf";"2023";"7";"2023/08/29 09:25:12";="020000055";08;0;0;0;0;2023.7;X020000055;29AUG23;9:24:09
"mco";"dgf";"2023";"7";"2023/08/29 09:25:12";="020000055";09;0;0;0;0;2023.7;X020000055;29AUG23;9:24:09
"mco";"dgf";"2023";"7";"2023/08/29 09:25:12";="020000055";99;0;0;0;0;2023.7;X020000055;29AUG23;9:24:09
"mco";"dgf";"2023";"7";"2023/08/29 09:49:39";="590782652";01;22076798;12475824.551;12757439.88;12757439.88;2023.7;X590782652;29AUG23;9:49:22
"mco";"dgf";"2023";"7";"2023/08/29 09:49:39";="590782652";02;0;0;0;0;2023.7;X590782652;29AUG23;9:49:22
"mco";"dgf";"2023";"7";"2023/08/29 09:49:39";="590782652";03;124374;79627.074361;74674.17;74674.17;2023.7;X590782652;29AUG23;9:49:22
"mco";"dgf";"2023";"7";"2023/08/29 09:49:39";="590782652";04;0;0;0;0;2023.7;X590782652;29AUG23;9:49:22
"mco";"dgf";"2023";"7";"2023/08/29 09:49:39";="590782652";05;4201;376.8567816;1828.47;1828.47;2023.7;X590782652;29AUG23;9:49:22
"mco";"dgf";"2023";"7";"2023/08/29 09:49:39";="590782652";06;74;0;30.22;30.22;2023.7;X590782652;29AUG23;9:49:22
"mco";"dgf";"2023";"7";"2023/08/29 09:49:39";="590782652";07;537;2703.9407928;1030.46;1030.46;2023.7;X590782652;29AUG23;9:49:22
"mco";"dgf";"2023";"7";"2023/08/29 09:49:39";="590782652";08;0;0;0;0;2023.7;X590782652;29AUG23;9:49:22
"mco";"dgf";"2023";"7";"2023/08/29 09:49:39";="590782652";09;1226;214.56;564.98;564.98;2023.7;X590782652;29AUG23;9:49:22
"mco";"dgf";"2023";"7";"2023/08/29 09:49:39";="590782652";99;22207210;12558746.983;12835568.18;12835568.18;2023.7;X590782652;29AUG23;9:49:22
"mco";"dgf";"2023";"7";"2023/08/29 10:20:29";="600100648";01;11208326;5811270.6314;6320114.31;6320114.31;2023.7;X600100648;29AUG23;10:19:13
"mco";"dgf";"2023";"7";"2023/08/29 10:20:29";="600100648";02;0;0;0;0;2023.7;X600100648;29AUG23;10:19:13
"mco";"dgf";"2023";"7";"2023/08/29 10:20:29";="600100648";03;49607;35961.250455;31044.57;31044.57;2023.7;X600100648;29AUG23;10:19:13
"mco";"dgf";"2023";"7";"2023/08/29 10:20:29";="600100648";04;0;0;0;0;2023.7;X600100648;29AUG23;10:19:13
"mco";"dgf";"2023";"7";"2023/08/29 10:20:29";="600100648";05;8184;15608.380102;8024.31;8024.31;2023.7;X600100648;29AUG23;10:19:13
"mco";"dgf";"2023";"7";"2023/08/29 10:20:29";="600100648";06;0;0;0;0;2023.7;X600100648;29AUG23;10:19:13
"mco";"dgf";"2023";"7";"2023/08/29 10:20:29";="600100648";07;0;0;0;0;2023.7;X600100648;29AUG23;10:19:13
"mco";"dgf";"2023";"7";"2023/08/29 10:20:29";="600100648";08;0;0;0;0;2023.7;X600100648;29AUG23;10:19:13
"mco";"dgf";"2023";"7";"2023/08/29 10:20:29";="600100648";09;2059;0;840.76;840.76;2023.7;X600100648;29AUG23;10:19:13
"mco";"dgf";"2023";"7";"2023/08/29 10:20:29";="600100648";99;11268176;5862840.2619;6360023.95;6360023.95;2023.7;X600100648;29AUG23;10:19:13
"mco";"dgf";"2023";"7";"2023/08/29 13:08:42";="620000026";01;33050361;19161583.115;19244039.01;19244039.01;2023.7;X620000026;29AUG23;13:08:26
"mco";"dgf";"2023";"7";"2023/08/29 13:08:42";="620000026";02;0;0;0;0;2023.7;X620000026;29AUG23;13:08:26
"mco";"dgf";"2023";"7";"2023/08/29 13:08:42";="620000026";03;116839;75736.18517;70430.11;70430.11;2023.7;X620000026;29AUG23;13:08:26
"mco";"dgf";"2023";"7";"2023/08/29 13:08:42";="620000026";04;0;0;0;0;2023.7;X620000026;29AUG23;13:08:26
"mco";"dgf";"2023";"7";"2023/08/29 13:08:42";="620000026";05;58521;2918.9273823;24771.75;24771.75;2023.7;X620000026;29AUG23;13:08:26
"mco";"dgf";"2023";"7";"2023/08/29 13:08:42";="620000026";06;59;67.71451391;44.41;44.41;2023.7;X620000026;29AUG23;13:08:26
"mco";"dgf";"2023";"7";"2023/08/29 13:08:42";="620000026";07;0;0;0;0;2023.7;X620000026;29AUG23;13:08:26
"mco";"dgf";"2023";"7";"2023/08/29 13:08:42";="620000026";08;0;0;0;0;2023.7;X620000026;29AUG23;13:08:26
"mco";"dgf";"2023";"7";"2023/08/29 13:08:42";="620000026";09;0;0;0;0;2023.7;X620000026;29AUG23;13:08:26
"mco";"dgf";"2023";"7";"2023/08/29 13:08:42";="620000026";99;33225780;19240305.942;19339285.28;19339285.28;2023.7;X620000026;29AUG23;13:08:26
"mco";"dgf";"2023";"7";"2023/08/29 13:23:52";="590065223";01;0;0;0;0;2023.7;X590065223;29AUG23;13:23:00
"mco";"dgf";"2023";"7";"2023/08/29 13:23:52";="590065223";02;0;0;0;0;2023.7;X590065223;29AUG23;13:23:00
"mco";"dgf";"2023";"7";"2023/08/29 13:23:52";="590065223";03;0;0;0;0;2023.7;X590065223;29AUG23;13:23:00
"mco";"dgf";"2023";"7";"2023/08/29 13:23:52";="590065223";04;0;0;0;0;2023.7;X590065223;29AUG23;13:23:00
"mco";"dgf";"2023";"7";"2023/08/29 13:23:52";="590065223";05;0;0;0;0;2023.7;X590065223;29AUG23;13:23:00
"mco";"dgf";"2023";"7";"2023/08/29 13:23:52";="590065223";06;0;0;0;0;2023.7;X590065223;29AUG23;13:23:00
"mco";"dgf";"2023";"7";"2023/08/29 13:23:52";="590065223";07;0;0;0;0;2023.7;X590065223;29AUG23;13:23:00
"mco";"dgf";"2023";"7";"2023/08/29 13:23:52";="590065223";08;0;0;0;0;2023.7;X590065223;29AUG23;13:23:00
"mco";"dgf";"2023";"7";"2023/08/29 13:23:52";="590065223";09;0;0;0;0;2023.7;X590065223;29AUG23;13:23:00
"mco";"dgf";"2023";"7";"2023/08/29 13:23:52";="590065223";99;0;0;0;0;2023.7;X590065223;29AUG23;13:23:00
"mco";"dgf";"2023";"7";"2023/08/29 14:23:58";="590000600";01;0;0;0;0;2023.7;X590000600;29AUG23;14:23:02
"mco";"dgf";"2023";"7";"2023/08/29 14:23:58";="590000600";02;0;0;0;0;2023.7;X590000600;29AUG23;14:23:02
"mco";"dgf";"2023";"7";"2023/08/29 14:23:58";="590000600";03;0;0;0;0;2023.7;X590000600;29AUG23;14:23:02
"mco";"dgf";"2023";"7";"2023/08/29 14:23:58";="590000600";04;0;0;0;0;2023.7;X590000600;29AUG23;14:23:02
"mco";"dgf";"2023";"7";"2023/08/29 14:23:58";="590000600";05;0;0;0;0;2023.7;X590000600;29AUG23;14:23:02
"mco";"dgf";"2023";"7";"2023/08/29 14:23:58";="590000600";06;0;0;0;0;2023.7;X590000600;29AUG23;14:23:02
"mco";"dgf";"2023";"7";"2023/08/29 14:23:58";="590000600";07;0;0;0;0;2023.7;X590000600;29AUG23;14:23:02
"mco";"dgf";"2023";"7";"2023/08/29 14:23:58";="590000600";08;0;0;0;0;2023.7;X590000600;29AUG23;14:23:02
"mco";"dgf";"2023";"7";"2023/08/29 14:23:58";="590000600";09;0;0;0;0;2023.7;X590000600;29AUG23;14:23:02
"mco";"dgf";"2023";"7";"2023/08/29 14:23:58";="590000600";99;0;0;0;0;2023.7;X590000600;29AUG23;14:23:02
"mco";"dgf";"2023";"7";"2023/08/29 14:32:47";="620003350";01;0;0;0;0;2023.7;X620003350;29AUG23;14:32:33
"mco";"dgf";"2023";"7";"2023/08/29 14:32:47";="620003350";02;0;0;0;0;2023.7;X620003350;29AUG23;14:32:33
"mco";"dgf";"2023";"7";"2023/08/29 14:32:47";="620003350";03;0;0;0;0;2023.7;X620003350;29AUG23;14:32:33
"mco";"dgf";"2023";"7";"2023/08/29 14:32:47";="620003350";04;0;0;0;0;2023.7;X620003350;29AUG23;14:32:33
"mco";"dgf";"2023";"7";"2023/08/29 14:32:47";="620003350";05;0;0;0;0;2023.7;X620003350;29AUG23;14:32:33
"mco";"dgf";"2023";"7";"2023/08/29 14:32:47";="620003350";06;0;0;0;0;2023.7;X620003350;29AUG23;14:32:33
"mco";"dgf";"2023";"7";"2023/08/29 14:32:47";="620003350";07;0;0;0;0;2023.7;X620003350;29AUG23;14:32:33
"mco";"dgf";"2023";"7";"2023/08/29 14:32:47";="620003350";08;0;0;0;0;2023.7;X620003350;29AUG23;14:32:33
"mco";"dgf";"2023";"7";"2023/08/29 14:32:47";="620003350";09;0;0;0;0;2023.7;X620003350;29AUG23;14:32:33
"mco";"dgf";"2023";"7";"2023/08/29 14:32:47";="620003350";99;0;0;0;0;2023.7;X620003350;29AUG23;14:32:33
"mco";"dgf";"2023";"7";"2023/08/29 14:47:20";="590781670";01;0;0;0;0;2023.7;X590781670;29AUG23;14:46:17
"mco";"dgf";"2023";"7";"2023/08/29 14:47:20";="590781670";02;0;0;0;0;2023.7;X590781670;29AUG23;14:46:17
"mco";"dgf";"2023";"7";"2023/08/29 14:47:20";="590781670";03;0;0;0;0;2023.7;X590781670;29AUG23;14:46:17
"mco";"dgf";"2023";"7";"2023/08/29 14:47:20";="590781670";04;0;0;0;0;2023.7;X590781670;29AUG23;14:46:17
"mco";"dgf";"2023";"7";"2023/08/29 14:47:20";="590781670";05;0;0;0;0;2023.7;X590781670;29AUG23;14:46:17
"mco";"dgf";"2023";"7";"2023/08/29 14:47:20";="590781670";06;0;0;0;0;2023.7;X590781670;29AUG23;14:46:17
"mco";"dgf";"2023";"7";"2023/08/29 14:47:20";="590781670";07;0;0;0;0;2023.7;X590781670;29AUG23;14:46:17
"mco";"dgf";"2023";"7";"2023/08/29 14:47:20";="590781670";08;0;0;0;0;2023.7;X590781670;29AUG23;14:46:17
"mco";"dgf";"2023";"7";"2023/08/29 14:47:20";="590781670";09;0;0;0;0;2023.7;X590781670;29AUG23;14:46:17
"mco";"dgf";"2023";"7";"2023/08/29 14:47:20";="590781670";99;0;0;0;0;2023.7;X590781670;29AUG23;14:46:17
"mco";"dgf";"2023";"7";"2023/08/29 14:52:18";="020000261";01;64359591;33911808.611;36453708.91;36453708.91;2023.7;X020000261;29AUG23;14:50:19
"mco";"dgf";"2023";"7";"2023/08/29 14:52:18";="020000261";02;0;0;0;0;2023.7;X020000261;29AUG23;14:50:19
"mco";"dgf";"2023";"7";"2023/08/29 14:52:18";="020000261";03;125670;55874.186928;68077.51;68077.51;2023.7;X020000261;29AUG23;14:50:19
"mco";"dgf";"2023";"7";"2023/08/29 14:52:18";="020000261";04;0;0;0;0;2023.7;X020000261;29AUG23;14:50:19
"mco";"dgf";"2023";"7";"2023/08/29 14:52:18";="020000261";05;133294;120038.93138;90440.06;90440.06;2023.7;X020000261;29AUG23;14:50:19
"mco";"dgf";"2023";"7";"2023/08/29 14:52:18";="020000261";06;282;123.48336;152.2;152.2;2023.7;X020000261;29AUG23;14:50:19
"mco";"dgf";"2023";"7";"2023/08/29 14:52:18";="020000261";07;83572;33487.154061;44171.38;44171.38;2023.7;X020000261;29AUG23;14:50:19
"mco";"dgf";"2023";"7";"2023/08/29 14:52:18";="020000261";08;0;0;0;0;2023.7;X020000261;29AUG23;14:50:19
"mco";"dgf";"2023";"7";"2023/08/29 14:52:18";="020000261";09;1162;1922.28;1051.17;1051.17;2023.7;X020000261;29AUG23;14:50:19
"mco";"dgf";"2023";"7";"2023/08/29 14:52:18";="020000261";99;64703571;34123254.647;36657601.23;36657601.23;2023.7;X020000261;29AUG23;14:50:19
"mco";"dgf";"2023";"7";"2023/08/29 15:41:47";="590001749";01;0;0;0;0;2023.7;X590001749;29AUG23;15:40:58
"mco";"dgf";"2023";"7";"2023/08/29 15:41:47";="590001749";02;0;0;0;0;2023.7;X590001749;29AUG23;15:40:58
"mco";"dgf";"2023";"7";"2023/08/29 15:41:47";="590001749";03;0;0;0;0;2023.7;X590001749;29AUG23;15:40:58
"mco";"dgf";"2023";"7";"2023/08/29 15:41:47";="590001749";04;0;0;0;0;2023.7;X590001749;29AUG23;15:40:58
"mco";"dgf";"2023";"7";"2023/08/29 15:41:47";="590001749";05;0;0;0;0;2023.7;X590001749;29AUG23;15:40:58
"mco";"dgf";"2023";"7";"2023/08/29 15:41:47";="590001749";06;0;0;0;0;2023.7;X590001749;29AUG23;15:40:58
"mco";"dgf";"2023";"7";"2023/08/29 15:41:47";="590001749";07;0;0;0;0;2023.7;X590001749;29AUG23;15:40:58
"mco";"dgf";"2023";"7";"2023/08/29 15:41:47";="590001749";08;0;0;0;0;2023.7;X590001749;29AUG23;15:40:58
"mco";"dgf";"2023";"7";"2023/08/29 15:41:47";="590001749";09;0;0;0;0;2023.7;X590001749;29AUG23;15:40:58
"mco";"dgf";"2023";"7";"2023/08/29 15:41:47";="590001749";99;0;0;0;0;2023.7;X590001749;29AUG23;15:40:58
"mco";"dgf";"2023";"7";"2023/08/29 15:58:21";="620025346";01;37416282;16773569.623;20310386.04;20310386.04;2023.7;X620025346;29AUG23;15:57:59
"mco";"dgf";"2023";"7";"2023/08/29 15:58:21";="620025346";02;0;0;0;0;2023.7;X620025346;29AUG23;15:57:59
"mco";"dgf";"2023";"7";"2023/08/29 15:58:21";="620025346";03;134673;31307.305072;64383.67;64383.67;2023.7;X620025346;29AUG23;15:57:59
"mco";"dgf";"2023";"7";"2023/08/29 15:58:21";="620025346";04;0;0;0;0;2023.7;X620025346;29AUG23;15:57:59
"mco";"dgf";"2023";"7";"2023/08/29 15:58:21";="620025346";05;1929;2519.0274276;1543.38;1543.38;2023.7;X620025346;29AUG23;15:57:59
"mco";"dgf";"2023";"7";"2023/08/29 15:58:21";="620025346";06;243;120.13865371;135.27;135.27;2023.7;X620025346;29AUG23;15:57:59
"mco";"dgf";"2023";"7";"2023/08/29 15:58:21";="620025346";07;0;0;0;0;2023.7;X620025346;29AUG23;15:57:59
"mco";"dgf";"2023";"7";"2023/08/29 15:58:21";="620025346";08;0;0;0;0;2023.7;X620025346;29AUG23;15:57:59
"mco";"dgf";"2023";"7";"2023/08/29 15:58:21";="620025346";09;1153;0;470.81;470.81;2023.7;X620025346;29AUG23;15:57:59
"mco";"dgf";"2023";"7";"2023/08/29 15:58:21";="620025346";99;37554280;16807516.094;20376919.17;20376919.17;2023.7;X620025346;29AUG23;15:57:59
"mco";"dgf";"2023";"7";"2023/08/29 16:28:17";="620100651";01;76434704;44642041.528;44603449.93;44642041.528;2023.7;X620100651;29AUG23;16:27:45
"mco";"dgf";"2023";"7";"2023/08/29 16:28:17";="620100651";02;0;0;0;0;2023.7;X620100651;29AUG23;16:27:45
"mco";"dgf";"2023";"7";"2023/08/29 16:28:17";="620100651";03;220851;183455.69198;145217.53;183455.69198;2023.7;X620100651;29AUG23;16:27:45
"mco";"dgf";"2023";"7";"2023/08/29 16:28:17";="620100651";04;97967;42258.727181;52680.81;42258.727181;2023.7;X620100651;29AUG23;16:27:45
"mco";"dgf";"2023";"7";"2023/08/29 16:28:17";="620100651";05;27619;51779.86905;26811.72;51779.86905;2023.7;X620100651;29AUG23;16:27:45
"mco";"dgf";"2023";"7";"2023/08/29 16:28:17";="620100651";06;0;0;0;0;2023.7;X620100651;29AUG23;16:27:45
"mco";"dgf";"2023";"7";"2023/08/29 16:28:17";="620100651";07;2566;2235.8868792;1718.55;2235.8868792;2023.7;X620100651;29AUG23;16:27:45
"mco";"dgf";"2023";"7";"2023/08/29 16:28:17";="620100651";08;0;0;0;0;2023.7;X620100651;29AUG23;16:27:45
"mco";"dgf";"2023";"7";"2023/08/29 16:28:17";="620100651";09;35114;13237.75;18309.54;13237.75;2023.7;X620100651;29AUG23;16:27:45
"mco";"dgf";"2023";"7";"2023/08/29 16:28:17";="620100651";99;76818821;44935009.453;44848188.08;44935009.453;2023.7;X620100651;29AUG23;16:27:45
"mco";"dgf";"2023";"7";"2023/08/29 16:41:17";="620027839";01;16241071;10627289.032;9819957.37;10627289.032;2023.7;X620027839;29AUG23;16:39:44
"mco";"dgf";"2023";"7";"2023/08/29 16:41:17";="620027839";02;0;0;0;0;2023.7;X620027839;29AUG23;16:39:44
"mco";"dgf";"2023";"7";"2023/08/29 16:41:17";="620027839";03;214679;66613.110649;107644.52;66613.110649;2023.7;X620027839;29AUG23;16:39:44
"mco";"dgf";"2023";"7";"2023/08/29 16:41:17";="620027839";04;0;0;0;0;2023.7;X620027839;29AUG23;16:39:44
"mco";"dgf";"2023";"7";"2023/08/29 16:41:17";="620027839";05;0;0;0;0;2023.7;X620027839;29AUG23;16:39:44
"mco";"dgf";"2023";"7";"2023/08/29 16:41:17";="620027839";06;0;0;0;0;2023.7;X620027839;29AUG23;16:39:44
"mco";"dgf";"2023";"7";"2023/08/29 16:41:17";="620027839";07;0;0;0;0;2023.7;X620027839;29AUG23;16:39:44
"mco";"dgf";"2023";"7";"2023/08/29 16:41:17";="620027839";08;0;0;0;0;2023.7;X620027839;29AUG23;16:39:44
"mco";"dgf";"2023";"7";"2023/08/29 16:41:17";="620027839";09;0;0;0;0;2023.7;X620027839;29AUG23;16:39:44
"mco";"dgf";"2023";"7";"2023/08/29 16:41:17";="620027839";99;16455750;10693902.143;9927601.89;10693902.143;2023.7;X620027839;29AUG23;16:39:44
"mco";"dgf";"2023";"7";"2023/08/30 08:43:46";="020000287";01;23302625;10492738.109;12663059.97;12663059.97;2023.7;X020000287;30AUG23;8:42:17
"mco";"dgf";"2023";"7";"2023/08/30 08:43:46";="020000287";02;0;0;0;0;2023.7;X020000287;30AUG23;8:42:17
"mco";"dgf";"2023";"7";"2023/08/30 08:43:46";="020000287";03;136738;94300.143865;84124.73;84124.73;2023.7;X020000287;30AUG23;8:42:17
"mco";"dgf";"2023";"7";"2023/08/30 08:43:46";="020000287";04;0;0;0;0;2023.7;X020000287;30AUG23;8:42:17
"mco";"dgf";"2023";"7";"2023/08/30 08:43:46";="020000287";05;21683;6724.6391784;10871.28;10871.28;2023.7;X020000287;30AUG23;8:42:17
"mco";"dgf";"2023";"7";"2023/08/30 08:43:46";="020000287";06;0;0;0;0;2023.7;X020000287;30AUG23;8:42:17
"mco";"dgf";"2023";"7";"2023/08/30 08:43:46";="020000287";07;0;5828.9685472;1748.69;1748.69;2023.7;X020000287;30AUG23;8:42:17
"mco";"dgf";"2023";"7";"2023/08/30 08:43:46";="020000287";08;0;0;0;0;2023.7;X020000287;30AUG23;8:42:17
"mco";"dgf";"2023";"7";"2023/08/30 08:43:46";="020000287";09;1391;0;567.99;567.99;2023.7;X020000287;30AUG23;8:42:17
"mco";"dgf";"2023";"7";"2023/08/30 08:43:46";="020000287";99;23462437;10599591.861;12760372.66;12760372.66;2023.7;X020000287;30AUG23;8:42:17
"mco";"dgf";"2023";"7";"2023/08/30 09:19:13";="590780284";01;78283174;45624947.448;45653113.62;45653113.62;2023.7;X590780284;30AUG23;9:18:49
"mco";"dgf";"2023";"7";"2023/08/30 09:19:13";="590780284";02;0;0;0;0;2023.7;X590780284;30AUG23;9:18:49
"mco";"dgf";"2023";"7";"2023/08/30 09:19:13";="590780284";03;306209;99924.419009;155012.67;155012.67;2023.7;X590780284;30AUG23;9:18:49
"mco";"dgf";"2023";"7";"2023/08/30 09:19:13";="590780284";04;0;0;0;0;2023.7;X590780284;30AUG23;9:18:49
"mco";"dgf";"2023";"7";"2023/08/30 09:19:13";="590780284";05;77812;102198.11924;62432.67;62432.67;2023.7;X590780284;30AUG23;9:18:49
"mco";"dgf";"2023";"7";"2023/08/30 09:19:13";="590780284";06;0;387.69081457;116.31;116.31;2023.7;X590780284;30AUG23;9:18:49
"mco";"dgf";"2023";"7";"2023/08/30 09:19:13";="590780284";07;16136;30968.075005;15879.29;15879.29;2023.7;X590780284;30AUG23;9:18:49
"mco";"dgf";"2023";"7";"2023/08/30 09:19:13";="590780284";08;5707;1040.5879702;2642.53;2642.53;2023.7;X590780284;30AUG23;9:18:49
"mco";"dgf";"2023";"7";"2023/08/30 09:19:13";="590780284";09;6243;1268.1;2929.66;2929.66;2023.7;X590780284;30AUG23;9:18:49
"mco";"dgf";"2023";"7";"2023/08/30 09:19:13";="590780284";99;78695281;45860734.44;45892126.75;45892126.75;2023.7;X590780284;30AUG23;9:18:49
"mco";"dgf";"2023";"7";"2023/08/30 10:38:19";="590780052";01;0;0;0;0;2023.7;X590780052;30AUG23;10:38:03
"mco";"dgf";"2023";"7";"2023/08/30 10:38:19";="590780052";02;0;0;0;0;2023.7;X590780052;30AUG23;10:38:03
"mco";"dgf";"2023";"7";"2023/08/30 10:38:19";="590780052";03;0;0;0;0;2023.7;X590780052;30AUG23;10:38:03
"mco";"dgf";"2023";"7";"2023/08/30 10:38:19";="590780052";04;0;0;0;0;2023.7;X590780052;30AUG23;10:38:03
"mco";"dgf";"2023";"7";"2023/08/30 10:38:19";="590780052";05;0;0;0;0;2023.7;X590780052;30AUG23;10:38:03
"mco";"dgf";"2023";"7";"2023/08/30 10:38:19";="590780052";06;0;0;0;0;2023.7;X590780052;30AUG23;10:38:03
"mco";"dgf";"2023";"7";"2023/08/30 10:38:19";="590780052";07;0;0;0;0;2023.7;X590780052;30AUG23;10:38:03
"mco";"dgf";"2023";"7";"2023/08/30 10:38:19";="590780052";08;0;0;0;0;2023.7;X590780052;30AUG23;10:38:03
"mco";"dgf";"2023";"7";"2023/08/30 10:38:19";="590780052";09;0;0;0;0;2023.7;X590780052;30AUG23;10:38:03
"mco";"dgf";"2023";"7";"2023/08/30 10:38:19";="590780052";99;0;0;0;0;2023.7;X590780052;30AUG23;10:38:03
"mco";"dgf";"2023";"7";"2023/08/30 10:39:37";="590797353";01;74388698;42386223.631;43091252.11;43091252.11;2023.7;X590797353;30AUG23;10:39:02
"mco";"dgf";"2023";"7";"2023/08/30 10:39:37";="590797353";02;0;0;0;0;2023.7;X590797353;30AUG23;10:39:02
"mco";"dgf";"2023";"7";"2023/08/30 10:39:37";="590797353";03;186046;84721.044427;101385.1;101385.1;2023.7;X590797353;30AUG23;10:39:02
"mco";"dgf";"2023";"7";"2023/08/30 10:39:37";="590797353";04;0;0;0;0;2023.7;X590797353;30AUG23;10:39:02
"mco";"dgf";"2023";"7";"2023/08/30 10:39:37";="590797353";05;706149;356320.9448;395240.46;395240.46;2023.7;X590797353;30AUG23;10:39:02
"mco";"dgf";"2023";"7";"2023/08/30 10:39:37";="590797353";06;701;686.28815872;492.13;492.13;2023.7;X590797353;30AUG23;10:39:02
"mco";"dgf";"2023";"7";"2023/08/30 10:39:37";="590797353";07;124040;51500.291261;66099.75;66099.75;2023.7;X590797353;30AUG23;10:39:02
"mco";"dgf";"2023";"7";"2023/08/30 10:39:37";="590797353";08;502;132.12313304;244.62;244.62;2023.7;X590797353;30AUG23;10:39:02
"mco";"dgf";"2023";"7";"2023/08/30 10:39:37";="590797353";09;13500;1111.81;5846.04;5846.04;2023.7;X590797353;30AUG23;10:39:02
"mco";"dgf";"2023";"7";"2023/08/30 10:39:37";="590797353";99;75419636;42880696.133;43660560.21;43660560.21;2023.7;X590797353;30AUG23;10:39:02
"mco";"dgf";"2023";"7";"2023/08/30 11:30:58";="590782421";01;133554988;72296034.012;76223763.64;76223763.64;2023.7;X590782421;30AUG23;11:28:50
"mco";"dgf";"2023";"7";"2023/08/30 11:30:58";="590782421";02;31899;16213.124967;17889.36;17889.36;2023.7;X590782421;30AUG23;11:28:50
"mco";"dgf";"2023";"7";"2023/08/30 11:30:58";="590782421";03;342265;126434.99945;177688.71;177688.71;2023.7;X590782421;30AUG23;11:28:50
"mco";"dgf";"2023";"7";"2023/08/30 11:30:58";="590782421";04;0;0;0;0;2023.7;X590782421;30AUG23;11:28:50
"mco";"dgf";"2023";"7";"2023/08/30 11:30:58";="590782421";05;610932;474060.19962;391681.96;391681.96;2023.7;X590782421;30AUG23;11:28:50
"mco";"dgf";"2023";"7";"2023/08/30 11:30:58";="590782421";06;1365;271.1787744;638.73;638.73;2023.7;X590782421;30AUG23;11:28:50
"mco";"dgf";"2023";"7";"2023/08/30 11:30:58";="590782421";07;69081;60984.08;46503.3;46503.3;2023.7;X590782421;30AUG23;11:28:50
"mco";"dgf";"2023";"7";"2023/08/30 11:30:58";="590782421";08;416;342.4659776;272.61;272.61;2023.7;X590782421;30AUG23;11:28:50
"mco";"dgf";"2023";"7";"2023/08/30 11:30:58";="590782421";09;14807;3096.95;6975.28;6975.28;2023.7;X590782421;30AUG23;11:28:50
"mco";"dgf";"2023";"7";"2023/08/30 11:30:58";="590782421";99;134625753;72977437.01;76865413.59;76865413.59;2023.7;X590782421;30AUG23;11:28:50
"mco";"dgf";"2023";"7";"2023/08/30 12:12:49";="800000051";01;0;0;0;0;2023.7;X800000051;30AUG23;12:11:16
"mco";"dgf";"2023";"7";"2023/08/30 12:12:49";="800000051";02;0;0;0;0;2023.7;X800000051;30AUG23;12:11:16
"mco";"dgf";"2023";"7";"2023/08/30 12:12:49";="800000051";03;0;0;0;0;2023.7;X800000051;30AUG23;12:11:16
"mco";"dgf";"2023";"7";"2023/08/30 12:12:49";="800000051";04;0;0;0;0;2023.7;X800000051;30AUG23;12:11:16
"mco";"dgf";"2023";"7";"2023/08/30 12:12:49";="800000051";05;0;0;0;0;2023.7;X800000051;30AUG23;12:11:16
"mco";"dgf";"2023";"7";"2023/08/30 12:12:49";="800000051";06;0;0;0;0;2023.7;X800000051;30AUG23;12:11:16
"mco";"dgf";"2023";"7";"2023/08/30 12:12:49";="800000051";07;0;0;0;0;2023.7;X800000051;30AUG23;12:11:16
"mco";"dgf";"2023";"7";"2023/08/30 12:12:49";="800000051";08;0;0;0;0;2023.7;X800000051;30AUG23;12:11:16
"mco";"dgf";"2023";"7";"2023/08/30 12:12:49";="800000051";09;0;0;0;0;2023.7;X800000051;30AUG23;12:11:16
"mco";"dgf";"2023";"7";"2023/08/30 12:12:49";="800000051";99;0;0;0;0;2023.7;X800000051;30AUG23;12:11:16
"mco";"dgf";"2023";"7";"2023/08/30 14:17:53";="590782165";01;40379778;22796600.853;23327389.61;23327389.61;2023.7;X590782165;30AUG23;14:17:25
"mco";"dgf";"2023";"7";"2023/08/30 14:17:53";="590782165";02;0;0;0;0;2023.7;X590782165;30AUG23;14:17:25
"mco";"dgf";"2023";"7";"2023/08/30 14:17:53";="590782165";03;90364;55170.596442;53449.81;53449.81;2023.7;X590782165;30AUG23;14:17:25
"mco";"dgf";"2023";"7";"2023/08/30 14:17:53";="590782165";04;0;0;0;0;2023.7;X590782165;30AUG23;14:17:25
"mco";"dgf";"2023";"7";"2023/08/30 14:17:53";="590782165";05;34234;36048.349536;24793.39;24793.39;2023.7;X590782165;30AUG23;14:17:25
"mco";"dgf";"2023";"7";"2023/08/30 14:17:53";="590782165";06;0;69.599712;20.88;20.88;2023.7;X590782165;30AUG23;14:17:25
"mco";"dgf";"2023";"7";"2023/08/30 14:17:53";="590782165";07;2551;7007.8651032;3144.02;3144.02;2023.7;X590782165;30AUG23;14:17:25
"mco";"dgf";"2023";"7";"2023/08/30 14:17:53";="590782165";08;0;0;0;0;2023.7;X590782165;30AUG23;14:17:25
"mco";"dgf";"2023";"7";"2023/08/30 14:17:53";="590782165";09;11539;2501.6;5462.24;5462.24;2023.7;X590782165;30AUG23;14:17:25
"mco";"dgf";"2023";"7";"2023/08/30 14:17:53";="590782165";99;40518466;22897398.864;23414259.95;23414259.95;2023.7;X590782165;30AUG23;14:17:25
"mco";"dgf";"2023";"7";"2023/08/30 14:40:28";="620101360";01;56085758;28324556.655;31399051.51;31399051.51;2023.7;X620101360;30AUG23;14:38:44
"mco";"dgf";"2023";"7";"2023/08/30 14:40:28";="620101360";02;0;0;0;0;2023.7;X620101360;30AUG23;14:38:44
"mco";"dgf";"2023";"7";"2023/08/30 14:40:28";="620101360";03;158606;71523.242512;86221.09;86221.09;2023.7;X620101360;30AUG23;14:38:44
"mco";"dgf";"2023";"7";"2023/08/30 14:40:28";="620101360";04;0;0;0;0;2023.7;X620101360;30AUG23;14:38:44
"mco";"dgf";"2023";"7";"2023/08/30 14:40:28";="620101360";05;59622;19835.701792;30296.36;30296.36;2023.7;X620101360;30AUG23;14:38:44
"mco";"dgf";"2023";"7";"2023/08/30 14:40:28";="620101360";06;448;123.48336;219.98;219.98;2023.7;X620101360;30AUG23;14:38:44
"mco";"dgf";"2023";"7";"2023/08/30 14:40:28";="620101360";07;1866;3067.4950488;1682.2;1682.2;2023.7;X620101360;30AUG23;14:38:44
"mco";"dgf";"2023";"7";"2023/08/30 14:40:28";="620101360";08;282;0;115.15;115.15;2023.7;X620101360;30AUG23;14:38:44
"mco";"dgf";"2023";"7";"2023/08/30 14:40:28";="620101360";09;41364;11595.69;20369.01;20369.01;2023.7;X620101360;30AUG23;14:38:44
"mco";"dgf";"2023";"7";"2023/08/30 14:40:28";="620101360";99;56347946;28430702.268;31537955.3;31537955.3;2023.7;X620101360;30AUG23;14:38:44
"mco";"dgf";"2023";"7";"2023/08/30 14:56:53";="590781662";01;19520448;9360884.9129;10779115.07;10779115.07;2023.7;X590781662;30AUG23;14:55:22
"mco";"dgf";"2023";"7";"2023/08/30 14:56:53";="590781662";02;0;0;0;0;2023.7;X590781662;30AUG23;14:55:22
"mco";"dgf";"2023";"7";"2023/08/30 14:56:53";="590781662";03;49210;36561.587574;31062.56;31062.56;2023.7;X590781662;30AUG23;14:55:22
"mco";"dgf";"2023";"7";"2023/08/30 14:56:53";="590781662";04;0;0;0;0;2023.7;X590781662;30AUG23;14:55:22
"mco";"dgf";"2023";"7";"2023/08/30 14:56:53";="590781662";05;128856;39914.905618;64590.67;64590.67;2023.7;X590781662;30AUG23;14:55:22
"mco";"dgf";"2023";"7";"2023/08/30 14:56:53";="590781662";06;124;232.6458576;120.43;120.43;2023.7;X590781662;30AUG23;14:55:22
"mco";"dgf";"2023";"7";"2023/08/30 14:56:53";="590781662";07;0;0;0;0;2023.7;X590781662;30AUG23;14:55:22
"mco";"dgf";"2023";"7";"2023/08/30 14:56:53";="590781662";08;0;0;0;0;2023.7;X590781662;30AUG23;14:55:22
"mco";"dgf";"2023";"7";"2023/08/30 14:56:53";="590781662";09;1960;496.29;949.22;949.22;2023.7;X590781662;30AUG23;14:55:22
"mco";"dgf";"2023";"7";"2023/08/30 14:56:53";="590781662";99;19700598;9438090.342;10875837.95;10875837.95;2023.7;X590781662;30AUG23;14:55:22
"mco";"dgf";"2023";"7";"2023/08/30 15:23:07";="590052056";01;21146343;12212962.943;12298645.61;12298645.61;2023.7;X590052056;30AUG23;15:22:42
"mco";"dgf";"2023";"7";"2023/08/30 15:23:07";="590052056";02;0;0;0;0;2023.7;X590052056;30AUG23;15:22:42
"mco";"dgf";"2023";"7";"2023/08/30 15:23:07";="590052056";03;12630;3575.3429698;6229.85;6229.85;2023.7;X590052056;30AUG23;15:22:42
"mco";"dgf";"2023";"7";"2023/08/30 15:23:07";="590052056";04;0;0;0;0;2023.7;X590052056;30AUG23;15:22:42
"mco";"dgf";"2023";"7";"2023/08/30 15:23:07";="590052056";05;13262;4304.1375006;6706.56;6706.56;2023.7;X590052056;30AUG23;15:22:42
"mco";"dgf";"2023";"7";"2023/08/30 15:23:07";="590052056";06;0;0;0;0;2023.7;X590052056;30AUG23;15:22:42
"mco";"dgf";"2023";"7";"2023/08/30 15:23:07";="590052056";07;0;0;0;0;2023.7;X590052056;30AUG23;15:22:42
"mco";"dgf";"2023";"7";"2023/08/30 15:23:07";="590052056";08;0;0;0;0;2023.7;X590052056;30AUG23;15:22:42
"mco";"dgf";"2023";"7";"2023/08/30 15:23:07";="590052056";09;485;251.66;273.54;273.54;2023.7;X590052056;30AUG23;15:22:42
"mco";"dgf";"2023";"7";"2023/08/30 15:23:07";="590052056";99;21172720;12221094.083;12311855.56;12311855.56;2023.7;X590052056;30AUG23;15:22:42
"mco";"dgf";"2023";"7";"2023/08/31 10:40:01";="620103440";01;114868829;61560367.436;65372882.07;65372882.07;2023.7;X620103440;31AUG23;10:37:57
"mco";"dgf";"2023";"7";"2023/08/31 10:40:01";="620103440";02;47238;18321.365182;24785.26;24785.26;2023.7;X620103440;31AUG23;10:37:57
"mco";"dgf";"2023";"7";"2023/08/31 10:40:01";="620103440";03;339501;126225.26098;176497.15;176497.15;2023.7;X620103440;31AUG23;10:37:57
"mco";"dgf";"2023";"7";"2023/08/31 10:40:01";="620103440";04;0;0;0;0;2023.7;X620103440;31AUG23;10:37:57
"mco";"dgf";"2023";"7";"2023/08/31 10:40:01";="620103440";05;107614;68554.378577;64508.7;64508.7;2023.7;X620103440;31AUG23;10:37:57
"mco";"dgf";"2023";"7";"2023/08/31 10:40:01";="620103440";06;193;863.3892384;337.83;337.83;2023.7;X620103440;31AUG23;10:37:57
"mco";"dgf";"2023";"7";"2023/08/31 10:40:01";="620103440";07;15982;22185.639498;13181.68;13181.68;2023.7;X620103440;31AUG23;10:37:57
"mco";"dgf";"2023";"7";"2023/08/31 10:40:01";="620103440";08;0;0;0;0;2023.7;X620103440;31AUG23;10:37:57
"mco";"dgf";"2023";"7";"2023/08/31 10:40:01";="620103440";09;5200;10480.94;5267.62;5267.62;2023.7;X620103440;31AUG23;10:37:57
"mco";"dgf";"2023";"7";"2023/08/31 10:40:01";="620103440";99;115384557;61806998.409;65657460.31;65657460.31;2023.7;X620103440;31AUG23;10:37:57
"mco";"dgf";"2023";"7";"2023/08/31 10:50:21";="590781415";01;108762736;59164529.701;62160809.44;62160809.44;2023.7;X590781415;31AUG23;10:49:44
"mco";"dgf";"2023";"7";"2023/08/31 10:50:21";="590781415";02;71437;44893.444792;42638.14;42638.14;2023.7;X590781415;31AUG23;10:49:44
"mco";"dgf";"2023";"7";"2023/08/31 10:50:21";="590781415";03;269778;121364.82316;146568.8;146568.8;2023.7;X590781415;31AUG23;10:49:44
"mco";"dgf";"2023";"7";"2023/08/31 10:50:21";="590781415";04;0;0;0;0;2023.7;X590781415;31AUG23;10:49:44
"mco";"dgf";"2023";"7";"2023/08/31 10:50:21";="590781415";05;149306;105785.96757;92702.41;92702.41;2023.7;X590781415;31AUG23;10:49:44
"mco";"dgf";"2023";"7";"2023/08/31 10:50:21";="590781415";06;1203;565.8066432;660.97;660.97;2023.7;X590781415;31AUG23;10:49:44
"mco";"dgf";"2023";"7";"2023/08/31 10:50:21";="590781415";07;234853;60385.089628;114013.84;114013.84;2023.7;X590781415;31AUG23;10:49:44
"mco";"dgf";"2023";"7";"2023/08/31 10:50:21";="590781415";08;899;0;367.09;367.09;2023.7;X590781415;31AUG23;10:49:44
"mco";"dgf";"2023";"7";"2023/08/31 10:50:21";="590781415";09;9501;7594.23;6157.84;6157.84;2023.7;X590781415;31AUG23;10:49:44
"mco";"dgf";"2023";"7";"2023/08/31 10:50:21";="590781415";99;109499713;59505119.063;62563918.53;62563918.53;2023.7;X590781415;31AUG23;10:49:44
"mco";"dgf";"2023";"7";"2023/08/31 11:34:13";="620100677";01;0;0;0;0;2023.7;X620100677;31AUG23;11:33:55
"mco";"dgf";"2023";"7";"2023/08/31 11:34:13";="620100677";02;0;0;0;0;2023.7;X620100677;31AUG23;11:33:55
"mco";"dgf";"2023";"7";"2023/08/31 11:34:13";="620100677";03;0;0;0;0;2023.7;X620100677;31AUG23;11:33:55
"mco";"dgf";"2023";"7";"2023/08/31 11:34:13";="620100677";04;0;0;0;0;2023.7;X620100677;31AUG23;11:33:55
"mco";"dgf";"2023";"7";"2023/08/31 11:34:13";="620100677";05;0;0;0;0;2023.7;X620100677;31AUG23;11:33:55
"mco";"dgf";"2023";"7";"2023/08/31 11:34:13";="620100677";06;0;0;0;0;2023.7;X620100677;31AUG23;11:33:55
"mco";"dgf";"2023";"7";"2023/08/31 11:34:13";="620100677";07;0;0;0;0;2023.7;X620100677;31AUG23;11:33:55
"mco";"dgf";"2023";"7";"2023/08/31 11:34:13";="620100677";08;0;0;0;0;2023.7;X620100677;31AUG23;11:33:55
"mco";"dgf";"2023";"7";"2023/08/31 11:34:13";="620100677";09;0;0;0;0;2023.7;X620100677;31AUG23;11:33:55
"mco";"dgf";"2023";"7";"2023/08/31 11:34:13";="620100677";99;0;0;0;0;2023.7;X620100677;31AUG23;11:33:55
"mco";"dgf";"2023";"7";"2023/08/31 11:54:20";="590781621";01;10856352;5634443.3883;6123343.42;6123343.42;2023.7;X590781621;31AUG23;11:54:00
"mco";"dgf";"2023";"7";"2023/08/31 11:54:20";="590781621";02;0;0;0;0;2023.7;X590781621;31AUG23;11:54:00
"mco";"dgf";"2023";"7";"2023/08/31 11:54:20";="590781621";03;31551;33321.300258;22879.72;22879.72;2023.7;X590781621;31AUG23;11:54:00
"mco";"dgf";"2023";"7";"2023/08/31 11:54:20";="590781621";04;0;0;0;0;2023.7;X590781621;31AUG23;11:54:00
"mco";"dgf";"2023";"7";"2023/08/31 11:54:20";="590781621";05;3489;2818.5237288;2270.23;2270.23;2023.7;X590781621;31AUG23;11:54:00
"mco";"dgf";"2023";"7";"2023/08/31 11:54:20";="590781621";06;0;0;0;0;2023.7;X590781621;31AUG23;11:54:00
"mco";"dgf";"2023";"7";"2023/08/31 11:54:20";="590781621";07;0;0;0;0;2023.7;X590781621;31AUG23;11:54:00
"mco";"dgf";"2023";"7";"2023/08/31 11:54:20";="590781621";08;0;0;0;0;2023.7;X590781621;31AUG23;11:54:00
"mco";"dgf";"2023";"7";"2023/08/31 11:54:20";="590781621";09;8509;3632.55;4564.27;4564.27;2023.7;X590781621;31AUG23;11:54:00
"mco";"dgf";"2023";"7";"2023/08/31 11:54:20";="590781621";99;10899901;5674215.7623;6153057.64;6153057.64;2023.7;X590781621;31AUG23;11:54:00
"mco";"dgf";"2023";"7";"2023/08/31 12:34:21";="020004404";01;37279147;19789800.978;21159258.65;21159258.65;2023.7;X020004404;31AUG23;12:33:56
"mco";"dgf";"2023";"7";"2023/08/31 12:34:21";="020004404";02;0;0;0;0;2023.7;X020004404;31AUG23;12:33:56
"mco";"dgf";"2023";"7";"2023/08/31 12:34:21";="020004404";03;165808;58288.712461;85191.55;85191.55;2023.7;X020004404;31AUG23;12:33:56
"mco";"dgf";"2023";"7";"2023/08/31 12:34:21";="020004404";04;0;0;0;0;2023.7;X020004404;31AUG23;12:33:56
"mco";"dgf";"2023";"7";"2023/08/31 12:34:21";="020004404";05;49529;58652.949814;37820.23;37820.23;2023.7;X020004404;31AUG23;12:33:56
"mco";"dgf";"2023";"7";"2023/08/31 12:34:21";="020004404";06;0;69.599712;20.88;20.88;2023.7;X020004404;31AUG23;12:33:56
"mco";"dgf";"2023";"7";"2023/08/31 12:34:21";="020004404";07;0;0;0;0;2023.7;X020004404;31AUG23;12:33:56
"mco";"dgf";"2023";"7";"2023/08/31 12:34:21";="020004404";08;0;0;0;0;2023.7;X020004404;31AUG23;12:33:56
"mco";"dgf";"2023";"7";"2023/08/31 12:34:21";="020004404";09;4367;867;2043.29;2043.29;2023.7;X020004404;31AUG23;12:33:56
"mco";"dgf";"2023";"7";"2023/08/31 12:34:21";="020004404";99;37498851;19907679.24;21284334.6;21284334.6;2023.7;X020004404;31AUG23;12:33:56
"mco";"dgf";"2023";"7";"2023/08/31 14:01:56";="800000135";01;0;0;0;0;2023.7;X800000135;31AUG23;14:01:43
"mco";"dgf";"2023";"7";"2023/08/31 14:01:56";="800000135";02;0;0;0;0;2023.7;X800000135;31AUG23;14:01:43
"mco";"dgf";"2023";"7";"2023/08/31 14:01:56";="800000135";03;0;0;0;0;2023.7;X800000135;31AUG23;14:01:43
"mco";"dgf";"2023";"7";"2023/08/31 14:01:56";="800000135";04;0;0;0;0;2023.7;X800000135;31AUG23;14:01:43
"mco";"dgf";"2023";"7";"2023/08/31 14:01:56";="800000135";05;0;0;0;0;2023.7;X800000135;31AUG23;14:01:43
"mco";"dgf";"2023";"7";"2023/08/31 14:01:56";="800000135";06;0;0;0;0;2023.7;X800000135;31AUG23;14:01:43
"mco";"dgf";"2023";"7";"2023/08/31 14:01:56";="800000135";07;0;0;0;0;2023.7;X800000135;31AUG23;14:01:43
"mco";"dgf";"2023";"7";"2023/08/31 14:01:56";="800000135";08;0;0;0;0;2023.7;X800000135;31AUG23;14:01:43
"mco";"dgf";"2023";"7";"2023/08/31 14:01:56";="800000135";09;0;0;0;0;2023.7;X800000135;31AUG23;14:01:43
"mco";"dgf";"2023";"7";"2023/08/31 14:01:56";="800000135";99;0;0;0;0;2023.7;X800000135;31AUG23;14:01:43
"mco";"dgf";"2023";"7";"2023/08/31 14:16:58";="590781795";01;0;0;0;0;2023.7;X590781795;31AUG23;14:16:44
"mco";"dgf";"2023";"7";"2023/08/31 14:16:58";="590781795";02;0;0;0;0;2023.7;X590781795;31AUG23;14:16:44
"mco";"dgf";"2023";"7";"2023/08/31 14:16:58";="590781795";03;0;0;0;0;2023.7;X590781795;31AUG23;14:16:44
"mco";"dgf";"2023";"7";"2023/08/31 14:16:58";="590781795";04;0;0;0;0;2023.7;X590781795;31AUG23;14:16:44
"mco";"dgf";"2023";"7";"2023/08/31 14:16:58";="590781795";05;0;0;0;0;2023.7;X590781795;31AUG23;14:16:44
"mco";"dgf";"2023";"7";"2023/08/31 14:16:58";="590781795";06;0;0;0;0;2023.7;X590781795;31AUG23;14:16:44
"mco";"dgf";"2023";"7";"2023/08/31 14:16:58";="590781795";07;0;0;0;0;2023.7;X590781795;31AUG23;14:16:44
"mco";"dgf";"2023";"7";"2023/08/31 14:16:58";="590781795";08;0;0;0;0;2023.7;X590781795;31AUG23;14:16:44
"mco";"dgf";"2023";"7";"2023/08/31 14:16:58";="590781795";09;0;0;0;0;2023.7;X590781795;31AUG23;14:16:44
"mco";"dgf";"2023";"7";"2023/08/31 14:16:58";="590781795";99;0;0;0;0;2023.7;X590781795;31AUG23;14:16:44
"mco";"dgf";"2023";"7";"2023/08/31 14:26:46";="590781605";01;61809094;32651354.207;35034119.65;35034119.65;2023.7;X590781605;31AUG23;14:25:07
"mco";"dgf";"2023";"7";"2023/08/31 14:26:46";="590781605";02;39513;20757.780358;22361.81;22361.81;2023.7;X590781605;31AUG23;14:25:07
"mco";"dgf";"2023";"7";"2023/08/31 14:26:46";="590781605";03;233759;85413.412889;121075.62;121075.62;2023.7;X590781605;31AUG23;14:25:07
"mco";"dgf";"2023";"7";"2023/08/31 14:26:46";="590781605";04;0;0;0;0;2023.7;X590781605;31AUG23;14:25:07
"mco";"dgf";"2023";"7";"2023/08/31 14:26:46";="590781605";05;29761;50310.242583;27245.48;27245.48;2023.7;X590781605;31AUG23;14:25:07
"mco";"dgf";"2023";"7";"2023/08/31 14:26:46";="590781605";06;0;0;0;0;2023.7;X590781605;31AUG23;14:25:07
"mco";"dgf";"2023";"7";"2023/08/31 14:26:46";="590781605";07;0;0;0;0;2023.7;X590781605;31AUG23;14:25:07
"mco";"dgf";"2023";"7";"2023/08/31 14:26:46";="590781605";08;0;0;0;0;2023.7;X590781605;31AUG23;14:25:07
"mco";"dgf";"2023";"7";"2023/08/31 14:26:46";="590781605";09;17859;6094.38;9120.74;9120.74;2023.7;X590781605;31AUG23;14:25:07
"mco";"dgf";"2023";"7";"2023/08/31 14:26:46";="590781605";99;62129986;32813930.023;35213923.3;35213923.3;2023.7;X590781605;31AUG23;14:25:07
"mco";"dgf";"2023";"7";"2023/08/31 14:29:54";="590781811";01;0;0;0;0;2023.7;X590781811;31AUG23;14:28:53
"mco";"dgf";"2023";"7";"2023/08/31 14:29:54";="590781811";02;0;0;0;0;2023.7;X590781811;31AUG23;14:28:53
"mco";"dgf";"2023";"7";"2023/08/31 14:29:54";="590781811";03;0;0;0;0;2023.7;X590781811;31AUG23;14:28:53
"mco";"dgf";"2023";"7";"2023/08/31 14:29:54";="590781811";04;0;0;0;0;2023.7;X590781811;31AUG23;14:28:53
"mco";"dgf";"2023";"7";"2023/08/31 14:29:54";="590781811";05;0;0;0;0;2023.7;X590781811;31AUG23;14:28:53
"mco";"dgf";"2023";"7";"2023/08/31 14:29:54";="590781811";06;0;0;0;0;2023.7;X590781811;31AUG23;14:28:53
"mco";"dgf";"2023";"7";"2023/08/31 14:29:54";="590781811";07;0;0;0;0;2023.7;X590781811;31AUG23;14:28:53
"mco";"dgf";"2023";"7";"2023/08/31 14:29:54";="590781811";08;0;0;0;0;2023.7;X590781811;31AUG23;14:28:53
"mco";"dgf";"2023";"7";"2023/08/31 14:29:54";="590781811";09;0;0;0;0;2023.7;X590781811;31AUG23;14:28:53
"mco";"dgf";"2023";"7";"2023/08/31 14:29:54";="590781811";99;0;0;0;0;2023.7;X590781811;31AUG23;14:28:53
"mco";"dgf";"2023";"7";"2023/08/31 14:50:15";="800000093";01;13366380;5945745.6745;7241662.2;7241662.2;2023.7;X800000093;31AUG23;14:49:52
"mco";"dgf";"2023";"7";"2023/08/31 14:50:15";="800000093";02;0;0;0;0;2023.7;X800000093;31AUG23;14:49:52
"mco";"dgf";"2023";"7";"2023/08/31 14:50:15";="800000093";03;43300;33431.855375;27710.39;27710.39;2023.7;X800000093;31AUG23;14:49:52
"mco";"dgf";"2023";"7";"2023/08/31 14:50:15";="800000093";04;0;0;0;0;2023.7;X800000093;31AUG23;14:49:52
"mco";"dgf";"2023";"7";"2023/08/31 14:50:15";="800000093";05;5058;0;2065.35;2065.35;2023.7;X800000093;31AUG23;14:49:52
"mco";"dgf";"2023";"7";"2023/08/31 14:50:15";="800000093";06;0;0;0;0;2023.7;X800000093;31AUG23;14:49:52
"mco";"dgf";"2023";"7";"2023/08/31 14:50:15";="800000093";07;3434;274.95698;1484.7;1484.7;2023.7;X800000093;31AUG23;14:49:52
"mco";"dgf";"2023";"7";"2023/08/31 14:50:15";="800000093";08;0;0;0;0;2023.7;X800000093;31AUG23;14:49:52
"mco";"dgf";"2023";"7";"2023/08/31 14:50:15";="800000093";09;386;216.97;222.71;222.71;2023.7;X800000093;31AUG23;14:49:52
"mco";"dgf";"2023";"7";"2023/08/31 14:50:15";="800000093";99;13418558;5979669.4568;7273145.35;7273145.35;2023.7;X800000093;31AUG23;14:49:52
"mco";"dgf";"2023";"7";"2023/08/31 14:54:18";="600100713";01;93125647;50232504.358;53096057.17;53096057.17;2023.7;X600100713;31AUG23;14:51:48
"mco";"dgf";"2023";"7";"2023/08/31 14:54:18";="600100713";02;0;0;0;0;2023.7;X600100713;31AUG23;14:51:48
"mco";"dgf";"2023";"7";"2023/08/31 14:54:18";="600100713";03;492636;177576.68539;254432.71;254432.71;2023.7;X600100713;31AUG23;14:51:48
"mco";"dgf";"2023";"7";"2023/08/31 14:54:18";="600100713";04;0;0;0;0;2023.7;X600100713;31AUG23;14:51:48
"mco";"dgf";"2023";"7";"2023/08/31 14:54:18";="600100713";05;242263;120681.39082;135128.48;135128.48;2023.7;X600100713;31AUG23;14:51:48
"mco";"dgf";"2023";"7";"2023/08/31 14:54:18";="600100713";06;206;69.599712;105;105;2023.7;X600100713;31AUG23;14:51:48
"mco";"dgf";"2023";"7";"2023/08/31 14:54:18";="600100713";07;75295;40845.243662;42999.03;42999.03;2023.7;X600100713;31AUG23;14:51:48
"mco";"dgf";"2023";"7";"2023/08/31 14:54:18";="600100713";08;0;234.143992;70.24;70.24;2023.7;X600100713;31AUG23;14:51:48
"mco";"dgf";"2023";"7";"2023/08/31 14:54:18";="600100713";09;64557;22883.2;33225.74;33225.74;2023.7;X600100713;31AUG23;14:51:48
"mco";"dgf";"2023";"7";"2023/08/31 14:54:18";="600100713";99;94000604;50594794.621;53562018.37;53562018.37;2023.7;X600100713;31AUG23;14:51:48
"mco";"dgf";"2023";"7";"2023/08/31 15:00:23";="020000048";01;0;0;0;0;2023.7;X020000048;31AUG23;14:59:10
"mco";"dgf";"2023";"7";"2023/08/31 15:00:23";="020000048";02;0;0;0;0;2023.7;X020000048;31AUG23;14:59:10
"mco";"dgf";"2023";"7";"2023/08/31 15:00:23";="020000048";03;0;0;0;0;2023.7;X020000048;31AUG23;14:59:10
"mco";"dgf";"2023";"7";"2023/08/31 15:00:23";="020000048";04;0;0;0;0;2023.7;X020000048;31AUG23;14:59:10
"mco";"dgf";"2023";"7";"2023/08/31 15:00:23";="020000048";05;0;0;0;0;2023.7;X020000048;31AUG23;14:59:10
"mco";"dgf";"2023";"7";"2023/08/31 15:00:23";="020000048";06;0;0;0;0;2023.7;X020000048;31AUG23;14:59:10
"mco";"dgf";"2023";"7";"2023/08/31 15:00:23";="020000048";07;0;0;0;0;2023.7;X020000048;31AUG23;14:59:10
"mco";"dgf";"2023";"7";"2023/08/31 15:00:23";="020000048";08;0;0;0;0;2023.7;X020000048;31AUG23;14:59:10
"mco";"dgf";"2023";"7";"2023/08/31 15:00:23";="020000048";09;0;0;0;0;2023.7;X020000048;31AUG23;14:59:10
"mco";"dgf";"2023";"7";"2023/08/31 15:00:23";="020000048";99;0;0;0;0;2023.7;X020000048;31AUG23;14:59:10
"mco";"dgf";"2023";"7";"2023/08/31 15:44:39";="590782215";01;236438120;129600958.86;135425853.33;135425853.33;2023.7;X590782215;31AUG23;15:42:07
"mco";"dgf";"2023";"7";"2023/08/31 15:44:39";="590782215";02;191915;114393.19284;112683.25;112683.25;2023.7;X590782215;31AUG23;15:42:07
"mco";"dgf";"2023";"7";"2023/08/31 15:44:39";="590782215";03;748713;163901.35735;354894.88;354894.88;2023.7;X590782215;31AUG23;15:42:07
"mco";"dgf";"2023";"7";"2023/08/31 15:44:39";="590782215";04;0;0;0;0;2023.7;X590782215;31AUG23;15:42:07
"mco";"dgf";"2023";"7";"2023/08/31 15:44:39";="590782215";05;480143;176879.30656;249122.18;249122.18;2023.7;X590782215;31AUG23;15:42:07
"mco";"dgf";"2023";"7";"2023/08/31 15:44:39";="590782215";06;0;259.0727472;77.72;77.72;2023.7;X590782215;31AUG23;15:42:07
"mco";"dgf";"2023";"7";"2023/08/31 15:44:39";="590782215";07;33583;8296.913108;16202.13;16202.13;2023.7;X590782215;31AUG23;15:42:07
"mco";"dgf";"2023";"7";"2023/08/31 15:44:39";="590782215";08;0;0;0;0;2023.7;X590782215;31AUG23;15:42:07
"mco";"dgf";"2023";"7";"2023/08/31 15:44:39";="590782215";09;81500;23460.83;40317.42;40317.42;2023.7;X590782215;31AUG23;15:42:07
"mco";"dgf";"2023";"7";"2023/08/31 15:44:39";="590782215";99;237973974;130088149.54;136199150.91;136199150.91;2023.7;X590782215;31AUG23;15:42:07
"mco";"dgf";"2023";"7";"2023/08/31 17:00:11";="620100685";01;124689840;73699108.948;73024750.68;73699108.948;2023.7;X620100685;31AUG23;16:57:50
"mco";"dgf";"2023";"7";"2023/08/31 17:00:11";="620100685";02;156298;79981.503967;87816.13;79981.503967;2023.7;X620100685;31AUG23;16:57:50
"mco";"dgf";"2023";"7";"2023/08/31 17:00:11";="620100685";03;362653;165514.35429;197737.61;165514.35429;2023.7;X620100685;31AUG23;16:57:50
"mco";"dgf";"2023";"7";"2023/08/31 17:00:11";="620100685";04;0;0;0;0;2023.7;X620100685;31AUG23;16:57:50
"mco";"dgf";"2023";"7";"2023/08/31 17:00:11";="620100685";05;86049;122750.93487;71961.96;122750.93487;2023.7;X620100685;31AUG23;16:57:50
"mco";"dgf";"2023";"7";"2023/08/31 17:00:11";="620100685";06;0;193.083072;57.92;193.083072;2023.7;X620100685;31AUG23;16:57:50
"mco";"dgf";"2023";"7";"2023/08/31 17:00:11";="620100685";07;11015;16905.637094;9569.48;16905.637094;2023.7;X620100685;31AUG23;16:57:50
"mco";"dgf";"2023";"7";"2023/08/31 17:00:11";="620100685";08;96;0;39.2;0;2023.7;X620100685;31AUG23;16:57:50
"mco";"dgf";"2023";"7";"2023/08/31 17:00:11";="620100685";09;42111;14325.44;21492.96;14325.44;2023.7;X620100685;31AUG23;16:57:50
"mco";"dgf";"2023";"7";"2023/08/31 17:00:11";="620100685";99;125348062;74098779.901;73413425.94;74098779.901;2023.7;X620100685;31AUG23;16:57:50
"mco";"dgf";"2023";"7";"2023/08/31 18:57:50";="800000069";01;0;0;0;0;2023.7;X800000069;31AUG23;18:57:32
"mco";"dgf";"2023";"7";"2023/08/31 18:57:50";="800000069";02;0;0;0;0;2023.7;X800000069;31AUG23;18:57:32
"mco";"dgf";"2023";"7";"2023/08/31 18:57:50";="800000069";03;0;0;0;0;2023.7;X800000069;31AUG23;18:57:32
"mco";"dgf";"2023";"7";"2023/08/31 18:57:50";="800000069";04;0;0;0;0;2023.7;X800000069;31AUG23;18:57:32
"mco";"dgf";"2023";"7";"2023/08/31 18:57:50";="800000069";05;0;0;0;0;2023.7;X800000069;31AUG23;18:57:32
"mco";"dgf";"2023";"7";"2023/08/31 18:57:50";="800000069";06;0;0;0;0;2023.7;X800000069;31AUG23;18:57:32
"mco";"dgf";"2023";"7";"2023/08/31 18:57:50";="800000069";07;0;0;0;0;2023.7;X800000069;31AUG23;18:57:32
"mco";"dgf";"2023";"7";"2023/08/31 18:57:50";="800000069";08;0;0;0;0;2023.7;X800000069;31AUG23;18:57:32
"mco";"dgf";"2023";"7";"2023/08/31 18:57:50";="800000069";09;0;0;0;0;2023.7;X800000069;31AUG23;18:57:32
"mco";"dgf";"2023";"7";"2023/08/31 18:57:50";="800000069";99;0;0;0;0;2023.7;X800000069;31AUG23;18:57:32
"mco";"dgf";"2023";"7";"2023/09/01 08:07:27";="020000071";01;0;0;0;0;2023.7;X020000071;01SEP23;8:06:20
"mco";"dgf";"2023";"7";"2023/09/01 08:07:27";="020000071";02;0;0;0;0;2023.7;X020000071;01SEP23;8:06:20
"mco";"dgf";"2023";"7";"2023/09/01 08:07:27";="020000071";03;0;0;0;0;2023.7;X020000071;01SEP23;8:06:20
"mco";"dgf";"2023";"7";"2023/09/01 08:07:27";="020000071";04;0;0;0;0;2023.7;X020000071;01SEP23;8:06:20
"mco";"dgf";"2023";"7";"2023/09/01 08:07:27";="020000071";05;0;0;0;0;2023.7;X020000071;01SEP23;8:06:20
"mco";"dgf";"2023";"7";"2023/09/01 08:07:27";="020000071";06;0;0;0;0;2023.7;X020000071;01SEP23;8:06:20
"mco";"dgf";"2023";"7";"2023/09/01 08:07:27";="020000071";07;0;0;0;0;2023.7;X020000071;01SEP23;8:06:20
"mco";"dgf";"2023";"7";"2023/09/01 08:07:27";="020000071";08;0;0;0;0;2023.7;X020000071;01SEP23;8:06:20
"mco";"dgf";"2023";"7";"2023/09/01 08:07:27";="020000071";09;0;0;0;0;2023.7;X020000071;01SEP23;8:06:20
"mco";"dgf";"2023";"7";"2023/09/01 08:07:27";="020000071";99;0;0;0;0;2023.7;X020000071;01SEP23;8:06:20
"mco";"dgf";"2023";"7";"2023/09/01 09:19:56";="600100721";01;90282812;51437437.454;52296712.8;52296712.8;2023.7;X600100721;01SEP23;9:18:13
"mco";"dgf";"2023";"7";"2023/09/01 09:19:56";="600100721";02;46579;12521.85585;22776.32;22776.32;2023.7;X600100721;01SEP23;9:18:13
"mco";"dgf";"2023";"7";"2023/09/01 09:19:56";="600100721";03;231893;146597.64854;138668.94;138668.94;2023.7;X600100721;01SEP23;9:18:13
"mco";"dgf";"2023";"7";"2023/09/01 09:19:56";="600100721";04;0;0;0;0;2023.7;X600100721;01SEP23;9:18:13
"mco";"dgf";"2023";"7";"2023/09/01 09:19:56";="600100721";05;210926;196107.83172;144960.47;144960.47;2023.7;X600100721;01SEP23;9:18:13
"mco";"dgf";"2023";"7";"2023/09/01 09:19:56";="600100721";06;811;193.083072;389.08;389.08;2023.7;X600100721;01SEP23;9:18:13
"mco";"dgf";"2023";"7";"2023/09/01 09:19:56";="600100721";07;52212;52836.809828;37170.94;37170.94;2023.7;X600100721;01SEP23;9:18:13
"mco";"dgf";"2023";"7";"2023/09/01 09:19:56";="600100721";08;0;123.48336;37.05;37.05;2023.7;X600100721;01SEP23;9:18:13
"mco";"dgf";"2023";"7";"2023/09/01 09:19:56";="600100721";09;3103;970.52;1558.21;1558.21;2023.7;X600100721;01SEP23;9:18:13
"mco";"dgf";"2023";"7";"2023/09/01 09:19:56";="600100721";99;90828336;51846788.686;52642273.81;52642273.81;2023.7;X600100721;01SEP23;9:18:13
"mco";"dgf";"2023";"7";"2023/09/01 10:58:37";="800000085";01;0;0;0;0;2023.7;X800000085;01SEP23;10:58:10
"mco";"dgf";"2023";"7";"2023/09/01 10:58:37";="800000085";02;0;0;0;0;2023.7;X800000085;01SEP23;10:58:10
"mco";"dgf";"2023";"7";"2023/09/01 10:58:37";="800000085";03;0;0;0;0;2023.7;X800000085;01SEP23;10:58:10
"mco";"dgf";"2023";"7";"2023/09/01 10:58:37";="800000085";04;0;0;0;0;2023.7;X800000085;01SEP23;10:58:10
"mco";"dgf";"2023";"7";"2023/09/01 10:58:37";="800000085";05;0;0;0;0;2023.7;X800000085;01SEP23;10:58:10
"mco";"dgf";"2023";"7";"2023/09/01 10:58:37";="800000085";06;0;0;0;0;2023.7;X800000085;01SEP23;10:58:10
"mco";"dgf";"2023";"7";"2023/09/01 10:58:37";="800000085";07;0;0;0;0;2023.7;X800000085;01SEP23;10:58:10
"mco";"dgf";"2023";"7";"2023/09/01 10:58:37";="800000085";08;0;0;0;0;2023.7;X800000085;01SEP23;10:58:10
"mco";"dgf";"2023";"7";"2023/09/01 10:58:37";="800000085";09;0;0;0;0;2023.7;X800000085;01SEP23;10:58:10
"mco";"dgf";"2023";"7";"2023/09/01 10:58:37";="800000085";99;0;0;0;0;2023.7;X800000085;01SEP23;10:58:10
"mco";"dgf";"2023";"7";"2023/09/01 13:09:28";="620100057";01;101007986;42737103.055;54066058.53;54066058.53;2023.7;X620100057;01SEP23;13:09:00
"mco";"dgf";"2023";"7";"2023/09/01 13:09:28";="620100057";02;317823;0;129777.73;129777.73;2023.7;X620100057;01SEP23;13:09:00
"mco";"dgf";"2023";"7";"2023/09/01 13:09:28";="620100057";03;694065;110162.77864;316458.71;316458.71;2023.7;X620100057;01SEP23;13:09:00
"mco";"dgf";"2023";"7";"2023/09/01 13:09:28";="620100057";04;0;0;0;0;2023.7;X620100057;01SEP23;13:09:00
"mco";"dgf";"2023";"7";"2023/09/01 13:09:28";="620100057";05;109541;46184.877137;58584.7;58584.7;2023.7;X620100057;01SEP23;13:09:00
"mco";"dgf";"2023";"7";"2023/09/01 13:09:28";="620100057";06;341;0;139.24;139.24;2023.7;X620100057;01SEP23;13:09:00
"mco";"dgf";"2023";"7";"2023/09/01 13:09:28";="620100057";07;22625;16850.861679;14293.8;14293.8;2023.7;X620100057;01SEP23;13:09:00
"mco";"dgf";"2023";"7";"2023/09/01 13:09:28";="620100057";08;0;0;0;0;2023.7;X620100057;01SEP23;13:09:00
"mco";"dgf";"2023";"7";"2023/09/01 13:09:28";="620100057";09;65927;21360.63;33328.38;33328.38;2023.7;X620100057;01SEP23;13:09:00
"mco";"dgf";"2023";"7";"2023/09/01 13:09:28";="620100057";99;102218308;42931662.203;54618641.09;54618641.09;2023.7;X620100057;01SEP23;13:09:00
"mco";"dgf";"2023";"7";"2023/09/01 14:03:54";="590783239";01;90238460;44383016.044;50162275.98;50162275.98;2023.7;X590783239;01SEP23;14:02:13
"mco";"dgf";"2023";"7";"2023/09/01 14:03:54";="590783239";02;31267;21229.644455;19136.25;19136.25;2023.7;X590783239;01SEP23;14:02:13
"mco";"dgf";"2023";"7";"2023/09/01 14:03:54";="590783239";03;137033;94108.016679;84187.55;84187.55;2023.7;X590783239;01SEP23;14:02:13
"mco";"dgf";"2023";"7";"2023/09/01 14:03:54";="590783239";04;0;0;0;0;2023.7;X590783239;01SEP23;14:02:13
"mco";"dgf";"2023";"7";"2023/09/01 14:03:54";="590783239";05;108776;32913.237903;54290.84;54290.84;2023.7;X590783239;01SEP23;14:02:13
"mco";"dgf";"2023";"7";"2023/09/01 14:03:54";="590783239";06;90;69.599712;57.63;57.63;2023.7;X590783239;01SEP23;14:02:13
"mco";"dgf";"2023";"7";"2023/09/01 14:03:54";="590783239";07;5389;20513.857701;8354.67;8354.67;2023.7;X590783239;01SEP23;14:02:13
"mco";"dgf";"2023";"7";"2023/09/01 14:03:54";="590783239";08;141;0;57.58;57.58;2023.7;X590783239;01SEP23;14:02:13
"mco";"dgf";"2023";"7";"2023/09/01 14:03:54";="590783239";09;35417;18733.42;20081.97;20081.97;2023.7;X590783239;01SEP23;14:02:13
"mco";"dgf";"2023";"7";"2023/09/01 14:03:54";="590783239";99;90556573;44570583.821;50348442.47;50348442.47;2023.7;X590783239;01SEP23;14:02:13
"mco";"dgf";"2023";"7";"2023/09/01 15:20:27";="800000028";01;57848637;33690173.803;33728578.92;33728578.92;2023.7;X800000028;01SEP23;15:19:59
"mco";"dgf";"2023";"7";"2023/09/01 15:20:27";="800000028";02;0;0;0;0;2023.7;X800000028;01SEP23;15:19:59
"mco";"dgf";"2023";"7";"2023/09/01 15:20:27";="800000028";03;177827;61334.203961;91012.95;91012.95;2023.7;X800000028;01SEP23;15:19:59
"mco";"dgf";"2023";"7";"2023/09/01 15:20:27";="800000028";04;0;0;0;0;2023.7;X800000028;01SEP23;15:19:59
"mco";"dgf";"2023";"7";"2023/09/01 15:20:27";="800000028";05;24589;1146.8670848;10384.57;10384.57;2023.7;X800000028;01SEP23;15:19:59
"mco";"dgf";"2023";"7";"2023/09/01 15:20:27";="800000028";06;192;0;78.4;78.4;2023.7;X800000028;01SEP23;15:19:59
"mco";"dgf";"2023";"7";"2023/09/01 15:20:27";="800000028";07;0;771.0733992;231.32;231.32;2023.7;X800000028;01SEP23;15:19:59
"mco";"dgf";"2023";"7";"2023/09/01 15:20:27";="800000028";08;0;0;0;0;2023.7;X800000028;01SEP23;15:19:59
"mco";"dgf";"2023";"7";"2023/09/01 15:20:27";="800000028";09;3052;1339.17;1647.98;1647.98;2023.7;X800000028;01SEP23;15:19:59
"mco";"dgf";"2023";"7";"2023/09/01 15:20:27";="800000028";99;58054297;33754765.118;33831934.14;33831934.14;2023.7;X800000028;01SEP23;15:19:59
"mco";"dgf";"2023";"7";"2023/09/01 16:13:49";="590785374";01;11979495;5474686.5085;6534033.08;6534033.08;2023.7;X590785374;01SEP23;16:12:38
"mco";"dgf";"2023";"7";"2023/09/01 16:13:49";="590785374";02;0;0;0;0;2023.7;X590785374;01SEP23;16:12:38
"mco";"dgf";"2023";"7";"2023/09/01 16:13:49";="590785374";03;5178;1968.2512799;2704.83;2704.83;2023.7;X590785374;01SEP23;16:12:38
"mco";"dgf";"2023";"7";"2023/09/01 16:13:49";="590785374";04;0;0;0;0;2023.7;X590785374;01SEP23;16:12:38
"mco";"dgf";"2023";"7";"2023/09/01 16:13:49";="590785374";05;0;780.37567143;234.11;234.11;2023.7;X590785374;01SEP23;16:12:38
"mco";"dgf";"2023";"7";"2023/09/01 16:13:49";="590785374";06;0;0;0;0;2023.7;X590785374;01SEP23;16:12:38
"mco";"dgf";"2023";"7";"2023/09/01 16:13:49";="590785374";07;0;0;0;0;2023.7;X590785374;01SEP23;16:12:38
"mco";"dgf";"2023";"7";"2023/09/01 16:13:49";="590785374";08;0;0;0;0;2023.7;X590785374;01SEP23;16:12:38
"mco";"dgf";"2023";"7";"2023/09/01 16:13:49";="590785374";09;4570;1818.43;2411.61;2411.61;2023.7;X590785374;01SEP23;16:12:38
"mco";"dgf";"2023";"7";"2023/09/01 16:13:49";="590785374";99;11989243;5479253.5654;6539383.63;6539383.63;2023.7;X590785374;01SEP23;16:12:38
"mco";"dgf";"2023";"7";"2023/09/01 16:57:07";="020000063";01;119326572;68642297.871;69317706.26;69317706.26;2023.7;X020000063;01SEP23;16:55:02
"mco";"dgf";"2023";"7";"2023/09/01 16:57:07";="020000063";02;21815;38773.618642;20539.88;20539.88;2023.7;X020000063;01SEP23;16:55:02
"mco";"dgf";"2023";"7";"2023/09/01 16:57:07";="020000063";03;446790;212163.39495;246088.27;246088.27;2023.7;X020000063;01SEP23;16:55:02
"mco";"dgf";"2023";"7";"2023/09/01 16:57:07";="020000063";04;0;0;0;0;2023.7;X020000063;01SEP23;16:55:02
"mco";"dgf";"2023";"7";"2023/09/01 16:57:07";="020000063";05;147404;63301.343909;79180.37;79180.37;2023.7;X020000063;01SEP23;16:55:02
"mco";"dgf";"2023";"7";"2023/09/01 16:57:07";="020000063";06;0;848.1141864;254.43;254.43;2023.7;X020000063;01SEP23;16:55:02
"mco";"dgf";"2023";"7";"2023/09/01 16:57:07";="020000063";07;0;0;0;0;2023.7;X020000063;01SEP23;16:55:02
"mco";"dgf";"2023";"7";"2023/09/01 16:57:07";="020000063";08;0;0;0;0;2023.7;X020000063;01SEP23;16:55:02
"mco";"dgf";"2023";"7";"2023/09/01 16:57:07";="020000063";09;13851;3510.15;6708.87;6708.87;2023.7;X020000063;01SEP23;16:55:02
"mco";"dgf";"2023";"7";"2023/09/01 16:57:07";="020000063";99;119956432;68960894.493;69670478.08;69670478.08;2023.7;X020000063;01SEP23;16:55:02
"mco";"dgf";"2023";"7";"2023/09/01 17:22:54";="600101984";01;99275320;52260048.815;56215436.98;56215436.98;2023.7;X600101984;01SEP23;17:22:22
"mco";"dgf";"2023";"7";"2023/09/01 17:22:54";="600101984";02;0;0;0;0;2023.7;X600101984;01SEP23;17:22:22
"mco";"dgf";"2023";"7";"2023/09/01 17:22:54";="600101984";03;826664;82942.869128;362437.33;362437.33;2023.7;X600101984;01SEP23;17:22:22
"mco";"dgf";"2023";"7";"2023/09/01 17:22:54";="600101984";04;0;0;0;0;2023.7;X600101984;01SEP23;17:22:22
"mco";"dgf";"2023";"7";"2023/09/01 17:22:54";="600101984";05;566680;507647.83623;383688.68;383688.68;2023.7;X600101984;01SEP23;17:22:22
"mco";"dgf";"2023";"7";"2023/09/01 17:22:54";="600101984";06;2649;310.155068;1174.72;1174.72;2023.7;X600101984;01SEP23;17:22:22
"mco";"dgf";"2023";"7";"2023/09/01 17:22:54";="600101984";07;87237;84597.441553;61001.01;61001.01;2023.7;X600101984;01SEP23;17:22:22
"mco";"dgf";"2023";"7";"2023/09/01 17:22:54";="600101984";08;1537;0;627.61;627.61;2023.7;X600101984;01SEP23;17:22:22
"mco";"dgf";"2023";"7";"2023/09/01 17:22:54";="600101984";09;24767;8089.74;12540.11;12540.11;2023.7;X600101984;01SEP23;17:22:22
"mco";"dgf";"2023";"7";"2023/09/01 17:22:54";="600101984";99;100784854;52943636.857;57036906.44;57036906.44;2023.7;X600101984;01SEP23;17:22:22
"mco";"dgf";"2023";"7";"2023/09/01 18:28:16";="590000188";01;67591279;40448562.265;39734340.94;40448562.265;2023.7;X590000188;01SEP23;18:26:37
"mco";"dgf";"2023";"7";"2023/09/01 18:28:16";="590000188";02;0;0;0;0;2023.7;X590000188;01SEP23;18:26:37
"mco";"dgf";"2023";"7";"2023/09/01 18:28:16";="590000188";03;234851;105286.91649;127483.57;105286.91649;2023.7;X590000188;01SEP23;18:26:37
"mco";"dgf";"2023";"7";"2023/09/01 18:28:16";="590000188";04;0;0;0;0;2023.7;X590000188;01SEP23;18:26:37
"mco";"dgf";"2023";"7";"2023/09/01 18:28:16";="590000188";05;156107;78108.492124;87176.24;78108.492124;2023.7;X590000188;01SEP23;18:26:37
"mco";"dgf";"2023";"7";"2023/09/01 18:28:16";="590000188";06;801;140.00053763;369.08;140.00053763;2023.7;X590000188;01SEP23;18:26:37
"mco";"dgf";"2023";"7";"2023/09/01 18:28:16";="590000188";07;0;0;0;0;2023.7;X590000188;01SEP23;18:26:37
"mco";"dgf";"2023";"7";"2023/09/01 18:28:16";="590000188";08;0;0;0;0;2023.7;X590000188;01SEP23;18:26:37
"mco";"dgf";"2023";"7";"2023/09/01 18:28:16";="590000188";09;7082;5.3;2893.41;5.3;2023.7;X590000188;01SEP23;18:26:37
"mco";"dgf";"2023";"7";"2023/09/01 18:28:16";="590000188";99;67990120;40632102.974;39952263.24;40632102.974;2023.7;X590000188;01SEP23;18:26:37
"mco";"dgf";"2023";"7";"2023/09/04 16:03:12";="620103432";01;41792177;22159520.03;23712994.95;23712994.95;2023.7;X620103432;04SEP23;16:02:33
"mco";"dgf";"2023";"7";"2023/09/04 16:03:12";="620103432";02;0;0;0;0;2023.7;X620103432;04SEP23;16:02:33
"mco";"dgf";"2023";"7";"2023/09/04 16:03:12";="620103432";03;224683;110115.38634;124780.17;124780.17;2023.7;X620103432;04SEP23;16:02:33
"mco";"dgf";"2023";"7";"2023/09/04 16:03:12";="620103432";04;0;0;0;0;2023.7;X620103432;04SEP23;16:02:33
"mco";"dgf";"2023";"7";"2023/09/04 16:03:12";="620103432";05;29254;14966.536942;16435.34;16435.34;2023.7;X620103432;04SEP23;16:02:33
"mco";"dgf";"2023";"7";"2023/09/04 16:03:12";="620103432";06;146;0;59.62;59.62;2023.7;X620103432;04SEP23;16:02:33
"mco";"dgf";"2023";"7";"2023/09/04 16:03:12";="620103432";07;0;0;0;0;2023.7;X620103432;04SEP23;16:02:33
"mco";"dgf";"2023";"7";"2023/09/04 16:03:12";="620103432";08;0;0;0;0;2023.7;X620103432;04SEP23;16:02:33
"mco";"dgf";"2023";"7";"2023/09/04 16:03:12";="620103432";09;1595;3283.49;1636.34;1636.34;2023.7;X620103432;04SEP23;16:02:33
"mco";"dgf";"2023";"7";"2023/09/04 16:03:12";="620103432";99;42047855;22287885.443;23855906.42;23855906.42;2023.7;X620103432;04SEP23;16:02:33
"mco";"dgf";"2023";"7";"2023/09/05 09:24:48";="590782637";01;43138652;24274650.288;24897344.65;24897344.65;2023.7;X590782637;05SEP23;9:23:23
"mco";"dgf";"2023";"7";"2023/09/05 09:24:48";="590782637";02;0;0;0;0;2023.7;X590782637;05SEP23;9:23:23
"mco";"dgf";"2023";"7";"2023/09/05 09:24:48";="590782637";03;167245;104081.09942;99516.04;99516.04;2023.7;X590782637;05SEP23;9:23:23
"mco";"dgf";"2023";"7";"2023/09/05 09:24:48";="590782637";04;0;0;0;0;2023.7;X590782637;05SEP23;9:23:23
"mco";"dgf";"2023";"7";"2023/09/05 09:24:48";="590782637";05;61883;41928.826961;37847.54;37847.54;2023.7;X590782637;05SEP23;9:23:23
"mco";"dgf";"2023";"7";"2023/09/05 09:24:48";="590782637";06;76;249.0513464;105.75;105.75;2023.7;X590782637;05SEP23;9:23:23
"mco";"dgf";"2023";"7";"2023/09/05 09:24:48";="590782637";07;3234;0;1320.55;1320.55;2023.7;X590782637;05SEP23;9:23:23
"mco";"dgf";"2023";"7";"2023/09/05 09:24:48";="590782637";08;151;0;61.66;61.66;2023.7;X590782637;05SEP23;9:23:23
"mco";"dgf";"2023";"7";"2023/09/05 09:24:48";="590782637";09;1429;4814.8;2027.95;2027.95;2023.7;X590782637;05SEP23;9:23:23
"mco";"dgf";"2023";"7";"2023/09/05 09:24:48";="590782637";99;43372670;24425724.066;25038224.14;25038224.14;2023.7;X590782637;05SEP23;9:23:23
"mco";"dgf";"2023";"7";"2023/09/05 12:10:49";="590781803";01;63704054;30851033.994;35267798.91;35267798.91;2023.7;X590781803;05SEP23;12:09:07
"mco";"dgf";"2023";"7";"2023/09/05 12:10:49";="590781803";02;59937;8706.1165283;27086.11;27086.11;2023.7;X590781803;05SEP23;12:09:07
"mco";"dgf";"2023";"7";"2023/09/05 12:10:49";="590781803";03;271510;131383.37981;150281.6;150281.6;2023.7;X590781803;05SEP23;12:09:07
"mco";"dgf";"2023";"7";"2023/09/05 12:10:49";="590781803";04;0;0;0;0;2023.7;X590781803;05SEP23;12:09:07
"mco";"dgf";"2023";"7";"2023/09/05 12:10:49";="590781803";05;197917;77492.264952;104063.79;104063.79;2023.7;X590781803;05SEP23;12:09:07
"mco";"dgf";"2023";"7";"2023/09/05 12:10:49";="590781803";06;322;0;131.48;131.48;2023.7;X590781803;05SEP23;12:09:07
"mco";"dgf";"2023";"7";"2023/09/05 12:10:49";="590781803";07;16538;1433.6177544;7183.1;7183.1;2023.7;X590781803;05SEP23;12:09:07
"mco";"dgf";"2023";"7";"2023/09/05 12:10:49";="590781803";08;0;0;0;0;2023.7;X590781803;05SEP23;12:09:07
"mco";"dgf";"2023";"7";"2023/09/05 12:10:49";="590781803";09;17348;20977.59;13377.04;13377.04;2023.7;X590781803;05SEP23;12:09:07
"mco";"dgf";"2023";"7";"2023/09/05 12:10:49";="590781803";99;64267626;31091026.963;35569922.03;35569922.03;2023.7;X590781803;05SEP23;12:09:07
"mco";"dgf";"2023";"7";"2023/09/05 14:40:37";="590780193";01;560161116;299316903.13;318527526.64;318527526.64;2023.7;X590780193;05SEP23;14:38:10
"mco";"dgf";"2023";"7";"2023/09/05 14:40:37";="590780193";02;1159340;419650.5436;599292.33;599292.33;2023.7;X590780193;05SEP23;14:38:10
"mco";"dgf";"2023";"7";"2023/09/05 14:40:37";="590780193";03;2947930;841062.38015;1456056.8;1456056.8;2023.7;X590780193;05SEP23;14:38:10
"mco";"dgf";"2023";"7";"2023/09/05 14:40:37";="590780193";04;0;0;0;0;2023.7;X590780193;05SEP23;14:38:10
"mco";"dgf";"2023";"7";"2023/09/05 14:40:37";="590780193";05;1674062;1371404.6468;1094996.71;1094996.71;2023.7;X590780193;05SEP23;14:38:10
"mco";"dgf";"2023";"7";"2023/09/05 14:40:37";="590780193";06;9529;2582.764052;4665.84;4665.84;2023.7;X590780193;05SEP23;14:38:10
"mco";"dgf";"2023";"7";"2023/09/05 14:40:37";="590780193";07;523214;473047.12795;355559.86;355559.86;2023.7;X590780193;05SEP23;14:38:10
"mco";"dgf";"2023";"7";"2023/09/05 14:40:37";="590780193";08;9401;6127.8054536;5677.08;5677.08;2023.7;X590780193;05SEP23;14:38:10
"mco";"dgf";"2023";"7";"2023/09/05 14:40:37";="590780193";09;985095;538083.08;563672.05;563672.05;2023.7;X590780193;05SEP23;14:38:10
"mco";"dgf";"2023";"7";"2023/09/05 14:40:37";="590780193";99;567469687;302968861.48;322607447.31;322607447.31;2023.7;X590780193;05SEP23;14:38:10
"mco";"dgf";"2023";"7";"2023/09/05 17:42:01";="590780227";01;52485516;29118999.115;30167285.43;30167285.43;2023.7;X590780227;05SEP23;17:40:33
"mco";"dgf";"2023";"7";"2023/09/05 17:42:01";="590780227";02;0;0;0;0;2023.7;X590780227;05SEP23;17:40:33
"mco";"dgf";"2023";"7";"2023/09/05 17:42:01";="590780227";03;61962;21810.76929;31844.38;31844.38;2023.7;X590780227;05SEP23;17:40:33
"mco";"dgf";"2023";"7";"2023/09/05 17:42:01";="590780227";04;0;0;0;0;2023.7;X590780227;05SEP23;17:40:33
"mco";"dgf";"2023";"7";"2023/09/05 17:42:01";="590780227";05;20527;38406.845386;19903.91;19903.91;2023.7;X590780227;05SEP23;17:40:33
"mco";"dgf";"2023";"7";"2023/09/05 17:42:01";="590780227";06;0;0;0;0;2023.7;X590780227;05SEP23;17:40:33
"mco";"dgf";"2023";"7";"2023/09/05 17:42:01";="590780227";07;0;0;0;0;2023.7;X590780227;05SEP23;17:40:33
"mco";"dgf";"2023";"7";"2023/09/05 17:42:01";="590780227";08;0;0;0;0;2023.7;X590780227;05SEP23;17:40:33
"mco";"dgf";"2023";"7";"2023/09/05 17:42:01";="590780227";09;3173;226.77;1363.67;1363.67;2023.7;X590780227;05SEP23;17:40:33
"mco";"dgf";"2023";"7";"2023/09/05 17:42:01";="590780227";99;52571178;29179443.5;30220397.39;30220397.39;2023.7;X590780227;05SEP23;17:40:33
"mco";"dgf";"2023";"7";"2023/09/05 17:46:29";="800000044";01;323879334;155295208.22;178839290.52;178839290.52;2023.7;X800000044;05SEP23;17:44:11
"mco";"dgf";"2023";"7";"2023/09/05 17:46:29";="800000044";02;318248;157988.00558;177347.67;177347.67;2023.7;X800000044;05SEP23;17:44:11
"mco";"dgf";"2023";"7";"2023/09/05 17:46:29";="800000044";03;1084408;611164.61557;626149.32;626149.32;2023.7;X800000044;05SEP23;17:44:11
"mco";"dgf";"2023";"7";"2023/09/05 17:46:29";="800000044";04;0;0;0;0;2023.7;X800000044;05SEP23;17:44:11
"mco";"dgf";"2023";"7";"2023/09/05 17:46:29";="800000044";05;870580;288747.99204;442111.23;442111.23;2023.7;X800000044;05SEP23;17:44:11
"mco";"dgf";"2023";"7";"2023/09/05 17:46:29";="800000044";06;988;1056.3161696;720.33;720.33;2023.7;X800000044;05SEP23;17:44:11
"mco";"dgf";"2023";"7";"2023/09/05 17:46:29";="800000044";07;149998;11128.46717;64587.72;64587.72;2023.7;X800000044;05SEP23;17:44:11
"mco";"dgf";"2023";"7";"2023/09/05 17:46:29";="800000044";08;66;0;26.95;26.95;2023.7;X800000044;05SEP23;17:44:11
"mco";"dgf";"2023";"7";"2023/09/05 17:46:29";="800000044";09;83973;18593.81;39867.12;39867.12;2023.7;X800000044;05SEP23;17:44:11
"mco";"dgf";"2023";"7";"2023/09/05 17:46:29";="800000044";99;326387595;156383887.43;180190100.86;180190100.86;2023.7;X800000044;05SEP23;17:44:11
"mco";"dgf";"2023";"7";"2023/09/07 20:07:07";="590781902";01;73663589;40014420.626;42083625.03;42083625.03;2023.7;X590781902;07SEP23;20:06:41
"mco";"dgf";"2023";"7";"2023/09/07 20:07:07";="590781902";02;0;0;0;0;2023.7;X590781902;07SEP23;20:06:41
"mco";"dgf";"2023";"7";"2023/09/07 20:07:07";="590781902";03;593467;74031.660395;264541.86;264541.86;2023.7;X590781902;07SEP23;20:06:41
"mco";"dgf";"2023";"7";"2023/09/07 20:07:07";="590781902";04;0;0;0;0;2023.7;X590781902;07SEP23;20:06:41
"mco";"dgf";"2023";"7";"2023/09/07 20:07:07";="590781902";05;229091;220714.86977;159759.95;159759.95;2023.7;X590781902;07SEP23;20:06:41
"mco";"dgf";"2023";"7";"2023/09/07 20:07:07";="590781902";06;3189;298.6355328;1391.77;1391.77;2023.7;X590781902;07SEP23;20:06:41
"mco";"dgf";"2023";"7";"2023/09/07 20:07:07";="590781902";07;30317;13207.63929;16341.73;16341.73;2023.7;X590781902;07SEP23;20:06:41
"mco";"dgf";"2023";"7";"2023/09/07 20:07:07";="590781902";08;0;0;0;0;2023.7;X590781902;07SEP23;20:06:41
"mco";"dgf";"2023";"7";"2023/09/07 20:07:07";="590781902";09;7824;3466.37;4234.71;4234.71;2023.7;X590781902;07SEP23;20:06:41
"mco";"dgf";"2023";"7";"2023/09/07 20:07:07";="590781902";99;74527477;40326139.801;42529895.05;42529895.05;2023.7;X590781902;07SEP23;20:06:41
