"champ";"statut";"annee";"periode";"date du resultat";"ipe";acte2;nb;per_comp;finess_comp;date_comp;temp_comp
"mco";"dgf";"2023";"7";"2023/08/18 15:15:19";="020000022";HSLD001;1;2023.7;X020000022;18AUG23;15:14:25
"mco";"dgf";"2023";"7";"2023/08/24 14:38:57";="020000253";QZJA008;3;2023.7;X020000253;24AUG23;14:38:01
"mco";"dgf";"2023";"7";"2023/08/24 14:38:57";="020000253";EGLF001;3;2023.7;X020000253;24AUG23;14:38:01
"mco";"dgf";"2023";"7";"2023/08/24 14:38:57";="020000253";GLLD003;1;2023.7;X020000253;24AUG23;14:38:01
"mco";"dgf";"2023";"7";"2023/08/24 14:38:57";="020000253";BKGA006;1;2023.7;X020000253;24AUG23;14:38:01
"mco";"dgf";"2023";"7";"2023/08/24 14:38:57";="020000253";JCCA002;1;2023.7;X020000253;24AUG23;14:38:01
"mco";"dgf";"2023";"7";"2023/08/24 14:38:57";="020000253";GLLD019;1;2023.7;X020000253;24AUG23;14:38:01
"mco";"dgf";"2023";"7";"2023/08/25 10:38:10";="620003376";HGCC026;2;2023.7;X620003376;25AUG23;10:37:19
"mco";"dgf";"2023";"7";"2023/08/25 10:38:10";="620003376";HSLD002;1;2023.7;X620003376;25AUG23;10:37:19
"mco";"dgf";"2023";"7";"2023/08/25 10:38:10";="620003376";HMFA007;1;2023.7;X620003376;25AUG23;10:37:19
"mco";"dgf";"2023";"7";"2023/08/25 10:38:10";="620003376";JGFE023;1;2023.7;X620003376;25AUG23;10:37:19
"mco";"dgf";"2023";"7";"2023/08/25 12:06:25";="620101337";QZRP003;2;2023.7;X620101337;25AUG23;12:05:23
"mco";"dgf";"2023";"7";"2023/08/25 12:06:25";="620101337";JJPA003;1;2023.7;X620101337;25AUG23;12:05:23
"mco";"dgf";"2023";"7";"2023/08/25 12:06:25";="620101337";GLQP004;1;2023.7;X620101337;25AUG23;12:05:23
"mco";"dgf";"2023";"7";"2023/08/25 12:06:25";="620101337";HGLA001;1;2023.7;X620101337;25AUG23;12:05:23
"mco";"dgf";"2023";"7";"2023/08/25 12:06:25";="620101337";JNMD002;1;2023.7;X620101337;25AUG23;12:05:23
"mco";"dgf";"2023";"7";"2023/08/29 09:29:17";="590782652";AMQP012;1;2023.7;X590782652;29AUG23;9:28:13
"mco";"dgf";"2023";"7";"2023/08/29 09:29:17";="590782652";FELF004;1;2023.7;X590782652;29AUG23;9:28:13
"mco";"dgf";"2023";"7";"2023/08/29 13:05:43";="620000026";LDAA002;4;2023.7;X620000026;29AUG23;13:05:03
"mco";"dgf";"2023";"7";"2023/08/29 13:05:43";="620000026";LFAA002;2;2023.7;X620000026;29AUG23;13:05:03
"mco";"dgf";"2023";"7";"2023/08/29 13:05:43";="620000026";NFKA008;1;2023.7;X620000026;29AUG23;13:05:03
"mco";"dgf";"2023";"7";"2023/08/29 14:21:37";="620003350";GLLD019;1;2023.7;X620003350;29AUG23;14:20:57
"mco";"dgf";"2023";"7";"2023/08/29 14:25:13";="620025346";JNQD001;1;2023.7;X620025346;29AUG23;14:24:34
"mco";"dgf";"2023";"7";"2023/08/29 14:51:15";="020000261";EQQP011;1;2023.7;X020000261;29AUG23;14:50:19
"mco";"dgf";"2023";"7";"2023/08/29 14:51:15";="020000261";JGFE023;1;2023.7;X020000261;29AUG23;14:50:19
"mco";"dgf";"2023";"7";"2023/08/29 16:14:16";="620100651";GLLD008;4;2023.7;X620100651;29AUG23;16:13:10
"mco";"dgf";"2023";"7";"2023/08/29 16:14:16";="620100651";HHQX006;3;2023.7;X620100651;29AUG23;16:13:10
"mco";"dgf";"2023";"7";"2023/08/29 16:14:16";="620100651";HJQX004;1;2023.7;X620100651;29AUG23;16:13:10
"mco";"dgf";"2023";"7";"2023/08/29 16:14:16";="620100651";GLLD003;1;2023.7;X620100651;29AUG23;16:13:10
"mco";"dgf";"2023";"7";"2023/08/29 16:14:16";="620100651";HSLF002;1;2023.7;X620100651;29AUG23;16:13:10
"mco";"dgf";"2023";"7";"2023/08/29 16:14:16";="620100651";ENLF001;1;2023.7;X620100651;29AUG23;16:13:10
"mco";"dgf";"2023";"7";"2023/08/29 16:14:16";="620100651";EQQP011;1;2023.7;X620100651;29AUG23;16:13:10
"mco";"dgf";"2023";"7";"2023/08/29 16:14:16";="620100651";JPQX007;1;2023.7;X620100651;29AUG23;16:13:10
"mco";"dgf";"2023";"7";"2023/08/29 16:14:16";="620100651";JKFA028;1;2023.7;X620100651;29AUG23;16:13:10
"mco";"dgf";"2023";"7";"2023/08/30 08:36:09";="590780284";DBAF004;3;2023.7;X590780284;30AUG23;8:35:11
"mco";"dgf";"2023";"7";"2023/08/30 08:36:09";="590780284";DEPF014;1;2023.7;X590780284;30AUG23;8:35:11
"mco";"dgf";"2023";"7";"2023/08/30 08:36:09";="590780284";JEQX005;1;2023.7;X590780284;30AUG23;8:35:11
"mco";"dgf";"2023";"7";"2023/08/30 08:36:09";="590780284";DELF007;1;2023.7;X590780284;30AUG23;8:35:11
"mco";"dgf";"2023";"7";"2023/08/30 08:36:09";="590780284";DGLF006;1;2023.7;X590780284;30AUG23;8:35:11
"mco";"dgf";"2023";"7";"2023/08/30 08:43:08";="020000287";GLLD012;1;2023.7;X020000287;30AUG23;8:42:17
"mco";"dgf";"2023";"7";"2023/08/30 10:33:19";="590797353";FELF004;6;2023.7;X590797353;30AUG23;10:32:13
"mco";"dgf";"2023";"7";"2023/08/30 10:33:19";="590797353";AFLB010;2;2023.7;X590797353;30AUG23;10:32:13
"mco";"dgf";"2023";"7";"2023/08/30 10:33:19";="590797353";PAFA004;1;2023.7;X590797353;30AUG23;10:32:13
"mco";"dgf";"2023";"7";"2023/08/30 10:33:19";="590797353";JDCA003;1;2023.7;X590797353;30AUG23;10:32:13
"mco";"dgf";"2023";"7";"2023/08/30 10:33:19";="590797353";JMCA002;1;2023.7;X590797353;30AUG23;10:32:13
"mco";"dgf";"2023";"7";"2023/08/30 10:33:19";="590797353";LDEP002;1;2023.7;X590797353;30AUG23;10:32:13
"mco";"dgf";"2023";"7";"2023/08/30 10:33:19";="590797353";JCPA002;1;2023.7;X590797353;30AUG23;10:32:13
"mco";"dgf";"2023";"7";"2023/08/30 10:33:19";="590797353";NBEP002;1;2023.7;X590797353;30AUG23;10:32:13
"mco";"dgf";"2023";"7";"2023/08/30 10:33:19";="590797353";JQGD012;1;2023.7;X590797353;30AUG23;10:32:13
"mco";"dgf";"2023";"7";"2023/08/30 10:33:19";="590797353";CDQP017;1;2023.7;X590797353;30AUG23;10:32:13
"mco";"dgf";"2023";"7";"2023/08/30 10:33:19";="590797353";HFCA001;1;2023.7;X590797353;30AUG23;10:32:13
"mco";"dgf";"2023";"7";"2023/08/30 10:33:19";="590797353";JNMD002;1;2023.7;X590797353;30AUG23;10:32:13
"mco";"dgf";"2023";"7";"2023/08/30 11:30:03";="590782421";JQGD012;1;2023.7;X590782421;30AUG23;11:28:50
"mco";"dgf";"2023";"7";"2023/08/30 11:30:03";="590782421";GLLD012;1;2023.7;X590782421;30AUG23;11:28:50
"mco";"dgf";"2023";"7";"2023/08/30 11:30:03";="590782421";JGFE023;1;2023.7;X590782421;30AUG23;11:28:50
"mco";"dgf";"2023";"7";"2023/08/30 14:11:46";="590782165";JBCA001;1;2023.7;X590782165;30AUG23;14:10:49
"mco";"dgf";"2023";"7";"2023/08/30 14:39:48";="620101360";HHFA001;1;2023.7;X620101360;30AUG23;14:38:44
"mco";"dgf";"2023";"7";"2023/08/30 14:39:48";="620101360";HMFA007;1;2023.7;X620101360;30AUG23;14:38:44
"mco";"dgf";"2023";"7";"2023/08/30 14:56:18";="590781662";JQGD012;1;2023.7;X590781662;30AUG23;14:55:22
"mco";"dgf";"2023";"7";"2023/08/30 14:56:18";="590781662";HHFA027;1;2023.7;X590781662;30AUG23;14:55:22
"mco";"dgf";"2023";"7";"2023/08/30 14:56:18";="590781662";JMCA002;1;2023.7;X590781662;30AUG23;14:55:22
"mco";"dgf";"2023";"7";"2023/08/31 10:38:05";="590781415";NBCA010;1;2023.7;X590781415;31AUG23;10:37:00
"mco";"dgf";"2023";"7";"2023/08/31 10:38:05";="590781415";CDQP004;1;2023.7;X590781415;31AUG23;10:37:00
"mco";"dgf";"2023";"7";"2023/08/31 10:38:05";="590781415";JKFA025;1;2023.7;X590781415;31AUG23;10:37:00
"mco";"dgf";"2023";"7";"2023/08/31 10:38:05";="590781415";QZRP003;1;2023.7;X590781415;31AUG23;10:37:00
"mco";"dgf";"2023";"7";"2023/08/31 10:39:15";="620103440";GEJE003;2;2023.7;X620103440;31AUG23;10:37:57
"mco";"dgf";"2023";"7";"2023/08/31 10:39:15";="620103440";QBFA008;2;2023.7;X620103440;31AUG23;10:37:57
"mco";"dgf";"2023";"7";"2023/08/31 10:39:15";="620103440";AMQP012;1;2023.7;X620103440;31AUG23;10:37:57
"mco";"dgf";"2023";"7";"2023/08/31 10:39:15";="620103440";QBFA001;1;2023.7;X620103440;31AUG23;10:37:57
"mco";"dgf";"2023";"7";"2023/08/31 11:49:48";="590780193";JGQX001;24;2023.7;X590780193;31AUG23;11:45:29
"mco";"dgf";"2023";"7";"2023/08/31 11:49:48";="590780193";HSLF002;17;2023.7;X590780193;31AUG23;11:45:29
"mco";"dgf";"2023";"7";"2023/08/31 11:49:48";="590780193";CDQP017;16;2023.7;X590780193;31AUG23;11:45:29
"mco";"dgf";"2023";"7";"2023/08/31 11:49:48";="590780193";HSLD002;10;2023.7;X590780193;31AUG23;11:45:29
"mco";"dgf";"2023";"7";"2023/08/31 11:49:48";="590780193";GLLD019;10;2023.7;X590780193;31AUG23;11:45:29
"mco";"dgf";"2023";"7";"2023/08/31 11:49:48";="590780193";HHQX006;9;2023.7;X590780193;31AUG23;11:45:29
"mco";"dgf";"2023";"7";"2023/08/31 11:49:48";="590780193";JGFE023;4;2023.7;X590780193;31AUG23;11:45:29
"mco";"dgf";"2023";"7";"2023/08/31 11:49:48";="590780193";HSLD001;4;2023.7;X590780193;31AUG23;11:45:29
"mco";"dgf";"2023";"7";"2023/08/31 11:49:48";="590780193";HSLF001;3;2023.7;X590780193;31AUG23;11:45:29
"mco";"dgf";"2023";"7";"2023/08/31 11:49:48";="590780193";GLLD013;3;2023.7;X590780193;31AUG23;11:45:29
"mco";"dgf";"2023";"7";"2023/08/31 11:49:48";="590780193";HGQX008;3;2023.7;X590780193;31AUG23;11:45:29
"mco";"dgf";"2023";"7";"2023/08/31 11:49:48";="590780193";ZCQA001;3;2023.7;X590780193;31AUG23;11:45:29
"mco";"dgf";"2023";"7";"2023/08/31 11:49:48";="590780193";AAQM002;2;2023.7;X590780193;31AUG23;11:45:29
"mco";"dgf";"2023";"7";"2023/08/31 11:49:48";="590780193";QAJA007;2;2023.7;X590780193;31AUG23;11:45:29
"mco";"dgf";"2023";"7";"2023/08/31 11:49:48";="590780193";FCFC003;2;2023.7;X590780193;31AUG23;11:45:29
"mco";"dgf";"2023";"7";"2023/08/31 11:49:48";="590780193";FELF004;2;2023.7;X590780193;31AUG23;11:45:29
"mco";"dgf";"2023";"7";"2023/08/31 11:49:48";="590780193";GLLD021;2;2023.7;X590780193;31AUG23;11:45:29
"mco";"dgf";"2023";"7";"2023/08/31 11:49:48";="590780193";ACHA002;2;2023.7;X590780193;31AUG23;11:45:29
"mco";"dgf";"2023";"7";"2023/08/31 11:49:48";="590780193";KEQX004;2;2023.7;X590780193;31AUG23;11:45:29
"mco";"dgf";"2023";"7";"2023/08/31 11:49:48";="590780193";JVJF005;1;2023.7;X590780193;31AUG23;11:45:29
"mco";"dgf";"2023";"7";"2023/08/31 11:49:48";="590780193";GLLD003;1;2023.7;X590780193;31AUG23;11:45:29
"mco";"dgf";"2023";"7";"2023/08/31 11:49:48";="590780193";JQGA003;1;2023.7;X590780193;31AUG23;11:45:29
"mco";"dgf";"2023";"7";"2023/08/31 11:49:48";="590780193";ABCB001;1;2023.7;X590780193;31AUG23;11:45:29
"mco";"dgf";"2023";"7";"2023/08/31 11:49:48";="590780193";JKFA016;1;2023.7;X590780193;31AUG23;11:45:29
"mco";"dgf";"2023";"7";"2023/08/31 11:49:48";="590780193";FELF003;1;2023.7;X590780193;31AUG23;11:45:29
"mco";"dgf";"2023";"7";"2023/08/31 11:49:48";="590780193";ELSA002;1;2023.7;X590780193;31AUG23;11:45:29
"mco";"dgf";"2023";"7";"2023/08/31 11:49:48";="590780193";JVJB002;1;2023.7;X590780193;31AUG23;11:45:29
"mco";"dgf";"2023";"7";"2023/08/31 11:49:48";="590780193";JZMA001;1;2023.7;X590780193;31AUG23;11:45:29
"mco";"dgf";"2023";"7";"2023/08/31 11:49:48";="590780193";ZZMP015;1;2023.7;X590780193;31AUG23;11:45:29
"mco";"dgf";"2023";"7";"2023/08/31 11:49:48";="590780193";FCFC005;1;2023.7;X590780193;31AUG23;11:45:29
"mco";"dgf";"2023";"7";"2023/08/31 11:49:48";="590780193";QZRP003;1;2023.7;X590780193;31AUG23;11:45:29
"mco";"dgf";"2023";"7";"2023/08/31 11:49:48";="590780193";QBFA012;1;2023.7;X590780193;31AUG23;11:45:29
"mco";"dgf";"2023";"7";"2023/08/31 11:49:48";="590780193";QBFA001;1;2023.7;X590780193;31AUG23;11:45:29
"mco";"dgf";"2023";"7";"2023/08/31 11:49:48";="590780193";NBCA005;1;2023.7;X590780193;31AUG23;11:45:29
"mco";"dgf";"2023";"7";"2023/08/31 11:49:48";="590780193";NAPA004;1;2023.7;X590780193;31AUG23;11:45:29
"mco";"dgf";"2023";"7";"2023/08/31 11:49:48";="590780193";NAPA001;1;2023.7;X590780193;31AUG23;11:45:29
"mco";"dgf";"2023";"7";"2023/08/31 11:49:48";="590780193";AZQX005;1;2023.7;X590780193;31AUG23;11:45:29
"mco";"dgf";"2023";"7";"2023/08/31 11:49:48";="590780193";LFFA011;1;2023.7;X590780193;31AUG23;11:45:29
"mco";"dgf";"2023";"7";"2023/08/31 11:49:48";="590780193";EQQP011;1;2023.7;X590780193;31AUG23;11:45:29
"mco";"dgf";"2023";"7";"2023/08/31 11:49:48";="590780193";HBDD008;1;2023.7;X590780193;31AUG23;11:45:29
"mco";"dgf";"2023";"7";"2023/08/31 11:49:48";="590780193";LFAA002;1;2023.7;X590780193;31AUG23;11:45:29
"mco";"dgf";"2023";"7";"2023/08/31 11:49:48";="590780193";ZZQP003;1;2023.7;X590780193;31AUG23;11:45:29
"mco";"dgf";"2023";"7";"2023/08/31 11:49:48";="590780193";AAQP012;1;2023.7;X590780193;31AUG23;11:45:29
"mco";"dgf";"2023";"7";"2023/08/31 11:49:48";="590780193";LDEP003;1;2023.7;X590780193;31AUG23;11:45:29
"mco";"dgf";"2023";"7";"2023/08/31 11:49:48";="590780193";LBCA004;1;2023.7;X590780193;31AUG23;11:45:29
"mco";"dgf";"2023";"7";"2023/08/31 11:49:48";="590780193";EQLF003;1;2023.7;X590780193;31AUG23;11:45:29
"mco";"dgf";"2023";"7";"2023/08/31 11:49:48";="590780193";JZMA002;1;2023.7;X590780193;31AUG23;11:45:29
"mco";"dgf";"2023";"7";"2023/08/31 12:25:52";="020004404";JGFE023;3;2023.7;X020004404;31AUG23;12:24:34
"mco";"dgf";"2023";"7";"2023/08/31 12:25:52";="020004404";GLLD003;1;2023.7;X020004404;31AUG23;12:24:34
"mco";"dgf";"2023";"7";"2023/08/31 14:26:10";="590781605";GLLD003;2;2023.7;X590781605;31AUG23;14:25:07
"mco";"dgf";"2023";"7";"2023/08/31 14:26:10";="590781605";JGFE023;1;2023.7;X590781605;31AUG23;14:25:07
"mco";"dgf";"2023";"7";"2023/08/31 14:26:10";="590781605";AFLB010;1;2023.7;X590781605;31AUG23;14:25:07
"mco";"dgf";"2023";"7";"2023/08/31 14:26:10";="590781605";JQGD012;1;2023.7;X590781605;31AUG23;14:25:07
"mco";"dgf";"2023";"7";"2023/08/31 14:34:11";="800000093";JMCA002;1;2023.7;X800000093;31AUG23;14:33:22
"mco";"dgf";"2023";"7";"2023/08/31 14:34:11";="800000093";NCCB006;1;2023.7;X800000093;31AUG23;14:33:22
"mco";"dgf";"2023";"7";"2023/08/31 14:53:24";="600100713";GELD002;1;2023.7;X600100713;31AUG23;14:51:48
"mco";"dgf";"2023";"7";"2023/08/31 14:53:24";="600100713";JPQX007;1;2023.7;X600100713;31AUG23;14:51:48
"mco";"dgf";"2023";"7";"2023/08/31 15:43:49";="590782215";JPQX007;5;2023.7;X590782215;31AUG23;15:42:07
"mco";"dgf";"2023";"7";"2023/08/31 15:43:49";="590782215";QZRP002;2;2023.7;X590782215;31AUG23;15:42:07
"mco";"dgf";"2023";"7";"2023/08/31 15:43:49";="590782215";GLLD012;2;2023.7;X590782215;31AUG23;15:42:07
"mco";"dgf";"2023";"7";"2023/08/31 15:43:49";="590782215";JQGD012;2;2023.7;X590782215;31AUG23;15:42:07
"mco";"dgf";"2023";"7";"2023/08/31 15:43:49";="590782215";JGQX001;1;2023.7;X590782215;31AUG23;15:42:07
"mco";"dgf";"2023";"7";"2023/08/31 15:43:49";="590782215";EEFA003;1;2023.7;X590782215;31AUG23;15:42:07
"mco";"dgf";"2023";"7";"2023/08/31 15:43:49";="590782215";HSLD002;1;2023.7;X590782215;31AUG23;15:42:07
"mco";"dgf";"2023";"7";"2023/08/31 15:43:49";="590782215";CDQP017;1;2023.7;X590782215;31AUG23;15:42:07
"mco";"dgf";"2023";"7";"2023/08/31 15:43:49";="590782215";JDFC023;1;2023.7;X590782215;31AUG23;15:42:07
"mco";"dgf";"2023";"7";"2023/08/31 15:43:49";="590782215";EEQH004;1;2023.7;X590782215;31AUG23;15:42:07
"mco";"dgf";"2023";"7";"2023/08/31 15:43:49";="590782215";HLQX004;1;2023.7;X590782215;31AUG23;15:42:07
"mco";"dgf";"2023";"7";"2023/08/31 15:43:49";="590782215";EECA003;1;2023.7;X590782215;31AUG23;15:42:07
"mco";"dgf";"2023";"7";"2023/08/31 15:43:49";="590782215";NEKA009;1;2023.7;X590782215;31AUG23;15:42:07
"mco";"dgf";"2023";"7";"2023/08/31 15:43:49";="590782215";NBPA009;1;2023.7;X590782215;31AUG23;15:42:07
"mco";"dgf";"2023";"7";"2023/08/31 15:43:49";="590782215";FCFA013;1;2023.7;X590782215;31AUG23;15:42:07
"mco";"dgf";"2023";"7";"2023/08/31 15:43:49";="590782215";NBCB002;1;2023.7;X590782215;31AUG23;15:42:07
"mco";"dgf";"2023";"7";"2023/08/31 15:43:49";="590782215";AAQP012;1;2023.7;X590782215;31AUG23;15:42:07
"mco";"dgf";"2023";"7";"2023/08/31 15:43:49";="590782215";AHFA012;1;2023.7;X590782215;31AUG23;15:42:07
"mco";"dgf";"2023";"7";"2023/08/31 15:43:49";="590782215";DELF007;1;2023.7;X590782215;31AUG23;15:42:07
"mco";"dgf";"2023";"7";"2023/08/31 15:43:49";="590782215";FBQX004;1;2023.7;X590782215;31AUG23;15:42:07
"mco";"dgf";"2023";"7";"2023/08/31 15:43:49";="590782215";JVJF002;1;2023.7;X590782215;31AUG23;15:42:07
"mco";"dgf";"2023";"7";"2023/08/31 16:59:25";="620100685";HSLD002;13;2023.7;X620100685;31AUG23;16:57:50
"mco";"dgf";"2023";"7";"2023/08/31 16:59:25";="620100685";JVJF002;6;2023.7;X620100685;31AUG23;16:57:50
"mco";"dgf";"2023";"7";"2023/08/31 16:59:25";="620100685";NBCA005;3;2023.7;X620100685;31AUG23;16:57:50
"mco";"dgf";"2023";"7";"2023/08/31 16:59:25";="620100685";QAJA007;2;2023.7;X620100685;31AUG23;16:57:50
"mco";"dgf";"2023";"7";"2023/08/31 16:59:25";="620100685";DELF005;2;2023.7;X620100685;31AUG23;16:57:50
"mco";"dgf";"2023";"7";"2023/08/31 16:59:25";="620100685";HPPA002;2;2023.7;X620100685;31AUG23;16:57:50
"mco";"dgf";"2023";"7";"2023/08/31 16:59:25";="620100685";GLLD019;1;2023.7;X620100685;31AUG23;16:57:50
"mco";"dgf";"2023";"7";"2023/08/31 16:59:25";="620100685";JQGD012;1;2023.7;X620100685;31AUG23;16:57:50
"mco";"dgf";"2023";"7";"2023/08/31 16:59:25";="620100685";QZJA008;1;2023.7;X620100685;31AUG23;16:57:50
"mco";"dgf";"2023";"7";"2023/08/31 16:59:25";="620100685";GLLD003;1;2023.7;X620100685;31AUG23;16:57:50
"mco";"dgf";"2023";"7";"2023/08/31 16:59:25";="620100685";NBCB002;1;2023.7;X620100685;31AUG23;16:57:50
"mco";"dgf";"2023";"7";"2023/08/31 18:54:07";="800000069";EQLF003;1;2023.7;X800000069;31AUG23;18:53:23
"mco";"dgf";"2023";"7";"2023/09/01 09:19:13";="600100721";GEHD001;2;2023.7;X600100721;01SEP23;9:18:13
"mco";"dgf";"2023";"7";"2023/09/01 09:19:13";="600100721";EQQP011;1;2023.7;X600100721;01SEP23;9:18:13
"mco";"dgf";"2023";"7";"2023/09/01 09:19:13";="600100721";ENLF001;1;2023.7;X600100721;01SEP23;9:18:13
"mco";"dgf";"2023";"7";"2023/09/01 09:19:13";="600100721";EQLF003;1;2023.7;X600100721;01SEP23;9:18:13
"mco";"dgf";"2023";"7";"2023/09/01 09:19:13";="600100721";CDQP009;1;2023.7;X600100721;01SEP23;9:18:13
"mco";"dgf";"2023";"7";"2023/09/01 09:19:13";="600100721";DKMD001;1;2023.7;X600100721;01SEP23;9:18:13
"mco";"dgf";"2023";"7";"2023/09/01 09:19:13";="600100721";EQLF001;1;2023.7;X600100721;01SEP23;9:18:13
"mco";"dgf";"2023";"7";"2023/09/01 09:19:13";="600100721";JVJF005;1;2023.7;X600100721;01SEP23;9:18:13
"mco";"dgf";"2023";"7";"2023/09/01 12:16:08";="620100057";FELF004;14;2023.7;X620100057;01SEP23;12:14:44
"mco";"dgf";"2023";"7";"2023/09/01 12:16:08";="620100057";JNMD002;2;2023.7;X620100057;01SEP23;12:14:44
"mco";"dgf";"2023";"7";"2023/09/01 12:16:08";="620100057";QZRP003;1;2023.7;X620100057;01SEP23;12:14:44
"mco";"dgf";"2023";"7";"2023/09/01 12:16:08";="620100057";GELD002;1;2023.7;X620100057;01SEP23;12:14:44
"mco";"dgf";"2023";"7";"2023/09/01 12:16:08";="620100057";ZCQA001;1;2023.7;X620100057;01SEP23;12:14:44
"mco";"dgf";"2023";"7";"2023/09/01 12:16:08";="620100057";GLLD019;1;2023.7;X620100057;01SEP23;12:14:44
"mco";"dgf";"2023";"7";"2023/09/01 12:16:08";="620100057";JDFC023;1;2023.7;X620100057;01SEP23;12:14:44
"mco";"dgf";"2023";"7";"2023/09/01 12:16:08";="620100057";GLLD012;1;2023.7;X620100057;01SEP23;12:14:44
"mco";"dgf";"2023";"7";"2023/09/01 12:16:08";="620100057";EGLF001;1;2023.7;X620100057;01SEP23;12:14:44
"mco";"dgf";"2023";"7";"2023/09/01 12:16:08";="620100057";GLLD002;1;2023.7;X620100057;01SEP23;12:14:44
"mco";"dgf";"2023";"7";"2023/09/01 12:16:08";="620100057";AFLB010;1;2023.7;X620100057;01SEP23;12:14:44
"mco";"dgf";"2023";"7";"2023/09/01 12:16:08";="620100057";DELF011;1;2023.7;X620100057;01SEP23;12:14:44
"mco";"dgf";"2023";"7";"2023/09/01 12:16:08";="620100057";FELF001;1;2023.7;X620100057;01SEP23;12:14:44
"mco";"dgf";"2023";"7";"2023/09/01 12:16:08";="620100057";GLLD003;1;2023.7;X620100057;01SEP23;12:14:44
"mco";"dgf";"2023";"7";"2023/09/01 12:22:48";="600101984";JJFA007;3;2023.7;X600101984;01SEP23;12:20:52
"mco";"dgf";"2023";"7";"2023/09/01 12:22:48";="600101984";JKFA002;1;2023.7;X600101984;01SEP23;12:20:52
"mco";"dgf";"2023";"7";"2023/09/01 12:22:48";="600101984";JJFA004;1;2023.7;X600101984;01SEP23;12:20:52
"mco";"dgf";"2023";"7";"2023/09/01 12:22:48";="600101984";JKFA025;1;2023.7;X600101984;01SEP23;12:20:52
"mco";"dgf";"2023";"7";"2023/09/01 12:22:48";="600101984";NBCA008;1;2023.7;X600101984;01SEP23;12:20:52
"mco";"dgf";"2023";"7";"2023/09/01 12:22:48";="600101984";JJPA003;1;2023.7;X600101984;01SEP23;12:20:52
"mco";"dgf";"2023";"7";"2023/09/01 12:22:48";="600101984";GEPA004;1;2023.7;X600101984;01SEP23;12:20:52
"mco";"dgf";"2023";"7";"2023/09/01 12:22:48";="600101984";JJFA003;1;2023.7;X600101984;01SEP23;12:20:52
"mco";"dgf";"2023";"7";"2023/09/01 12:22:48";="600101984";KCQX004;1;2023.7;X600101984;01SEP23;12:20:52
"mco";"dgf";"2023";"7";"2023/09/01 12:22:48";="600101984";KCFA005;1;2023.7;X600101984;01SEP23;12:20:52
"mco";"dgf";"2023";"7";"2023/09/01 13:08:20";="800000028";FCFA008;1;2023.7;X800000028;01SEP23;13:07:27
"mco";"dgf";"2023";"7";"2023/09/01 14:03:14";="590783239";NCCB006;1;2023.7;X590783239;01SEP23;14:02:13
"mco";"dgf";"2023";"7";"2023/09/01 16:13:20";="590785374";HSLD001;1;2023.7;X590785374;01SEP23;16:12:38
"mco";"dgf";"2023";"7";"2023/09/01 16:56:15";="020000063";JGFE023;2;2023.7;X020000063;01SEP23;16:55:02
"mco";"dgf";"2023";"7";"2023/09/01 16:56:15";="020000063";JGQX001;2;2023.7;X020000063;01SEP23;16:55:02
"mco";"dgf";"2023";"7";"2023/09/01 16:56:15";="020000063";JPQX007;1;2023.7;X020000063;01SEP23;16:55:02
"mco";"dgf";"2023";"7";"2023/09/01 16:56:15";="020000063";JQGD010;1;2023.7;X020000063;01SEP23;16:55:02
"mco";"dgf";"2023";"7";"2023/09/01 16:56:15";="020000063";JMCA002;1;2023.7;X020000063;01SEP23;16:55:02
"mco";"dgf";"2023";"7";"2023/09/01 16:56:15";="020000063";DENF018;1;2023.7;X020000063;01SEP23;16:55:02
"mco";"dgf";"2023";"7";"2023/09/01 16:56:15";="020000063";DEPF014;1;2023.7;X020000063;01SEP23;16:55:02
"mco";"dgf";"2023";"7";"2023/09/01 16:56:15";="020000063";NFKA008;1;2023.7;X020000063;01SEP23;16:55:02
"mco";"dgf";"2023";"7";"2023/09/01 18:27:35";="590000188";FCFC003;14;2023.7;X590000188;01SEP23;18:26:37
"mco";"dgf";"2023";"7";"2023/09/01 18:27:35";="590000188";FCFC005;10;2023.7;X590000188;01SEP23;18:26:37
"mco";"dgf";"2023";"7";"2023/09/01 18:27:35";="590000188";JKQX020;9;2023.7;X590000188;01SEP23;18:26:37
"mco";"dgf";"2023";"7";"2023/09/01 18:27:35";="590000188";HSLD001;2;2023.7;X590000188;01SEP23;18:26:37
"mco";"dgf";"2023";"7";"2023/09/01 18:27:35";="590000188";HHQX006;2;2023.7;X590000188;01SEP23;18:26:37
"mco";"dgf";"2023";"7";"2023/09/01 18:27:35";="590000188";FCQX012;1;2023.7;X590000188;01SEP23;18:26:37
"mco";"dgf";"2023";"7";"2023/09/01 18:27:35";="590000188";JCPA002;1;2023.7;X590000188;01SEP23;18:26:37
"mco";"dgf";"2023";"7";"2023/09/04 15:54:47";="620103432";GLLD008;68;2023.7;X620103432;04SEP23;15:53:55
"mco";"dgf";"2023";"7";"2023/09/04 15:54:47";="620103432";ZZLB004;22;2023.7;X620103432;04SEP23;15:53:55
"mco";"dgf";"2023";"7";"2023/09/04 15:54:47";="620103432";EQLF003;5;2023.7;X620103432;04SEP23;15:53:55
"mco";"dgf";"2023";"7";"2023/09/04 15:54:47";="620103432";JJFA004;2;2023.7;X620103432;04SEP23;15:53:55
"mco";"dgf";"2023";"7";"2023/09/04 15:54:47";="620103432";GLLD003;1;2023.7;X620103432;04SEP23;15:53:55
"mco";"dgf";"2023";"7";"2023/09/04 15:54:47";="620103432";JQGD012;1;2023.7;X620103432;04SEP23;15:53:55
"mco";"dgf";"2023";"7";"2023/09/04 15:54:47";="620103432";EQMF003;1;2023.7;X620103432;04SEP23;15:53:55
"mco";"dgf";"2023";"7";"2023/09/05 09:24:13";="590782637";AFLB010;2;2023.7;X590782637;05SEP23;9:23:23
"mco";"dgf";"2023";"7";"2023/09/05 09:24:13";="590782637";AAQM002;2;2023.7;X590782637;05SEP23;9:23:23
"mco";"dgf";"2023";"7";"2023/09/05 09:24:13";="590782637";JQGD012;2;2023.7;X590782637;05SEP23;9:23:23
"mco";"dgf";"2023";"7";"2023/09/05 09:24:13";="590782637";JQGD001;1;2023.7;X590782637;05SEP23;9:23:23
"mco";"dgf";"2023";"7";"2023/09/05 09:24:13";="590782637";NCCA002;1;2023.7;X590782637;05SEP23;9:23:23
"mco";"dgf";"2023";"7";"2023/09/05 12:10:06";="590781803";GLLD003;190;2023.7;X590781803;05SEP23;12:09:07
"mco";"dgf";"2023";"7";"2023/09/05 12:10:06";="590781803";GLLD019;2;2023.7;X590781803;05SEP23;12:09:07
"mco";"dgf";"2023";"7";"2023/09/05 12:10:06";="590781803";EQLF003;2;2023.7;X590781803;05SEP23;12:09:07
"mco";"dgf";"2023";"7";"2023/09/05 12:10:06";="590781803";GLLD002;1;2023.7;X590781803;05SEP23;12:09:07
"mco";"dgf";"2023";"7";"2023/09/05 12:10:06";="590781803";GLLD013;1;2023.7;X590781803;05SEP23;12:09:07
"mco";"dgf";"2023";"7";"2023/09/05 12:10:06";="590781803";ENLF001;1;2023.7;X590781803;05SEP23;12:09:07
"mco";"dgf";"2023";"7";"2023/09/05 12:10:06";="590781803";GLLD009;1;2023.7;X590781803;05SEP23;12:09:07
"mco";"dgf";"2023";"7";"2023/09/05 12:10:06";="590781803";NFKA008;1;2023.7;X590781803;05SEP23;12:09:07
"mco";"dgf";"2023";"7";"2023/09/05 17:45:32";="800000044";ACQP002;8;2023.7;X800000044;05SEP23;17:44:11
"mco";"dgf";"2023";"7";"2023/09/05 17:45:32";="800000044";CDQP017;6;2023.7;X800000044;05SEP23;17:44:11
"mco";"dgf";"2023";"7";"2023/09/05 17:45:32";="800000044";EQLF003;4;2023.7;X800000044;05SEP23;17:44:11
"mco";"dgf";"2023";"7";"2023/09/05 17:45:32";="800000044";ZZQP003;3;2023.7;X800000044;05SEP23;17:44:11
"mco";"dgf";"2023";"7";"2023/09/05 17:45:32";="800000044";HGFA007;3;2023.7;X800000044;05SEP23;17:44:11
"mco";"dgf";"2023";"7";"2023/09/05 17:45:32";="800000044";CDQP009;3;2023.7;X800000044;05SEP23;17:44:11
"mco";"dgf";"2023";"7";"2023/09/05 17:45:32";="800000044";HGSA001;3;2023.7;X800000044;05SEP23;17:44:11
"mco";"dgf";"2023";"7";"2023/09/05 17:45:32";="800000044";GLLD019;2;2023.7;X800000044;05SEP23;17:44:11
"mco";"dgf";"2023";"7";"2023/09/05 17:45:32";="800000044";JNMD002;2;2023.7;X800000044;05SEP23;17:44:11
"mco";"dgf";"2023";"7";"2023/09/05 17:45:32";="800000044";AEQM001;2;2023.7;X800000044;05SEP23;17:44:11
"mco";"dgf";"2023";"7";"2023/09/05 17:45:32";="800000044";GELD002;2;2023.7;X800000044;05SEP23;17:44:11
"mco";"dgf";"2023";"7";"2023/09/05 17:45:32";="800000044";HGFC021;1;2023.7;X800000044;05SEP23;17:44:11
"mco";"dgf";"2023";"7";"2023/09/05 17:45:32";="800000044";AFLB010;1;2023.7;X800000044;05SEP23;17:44:11
"mco";"dgf";"2023";"7";"2023/09/05 17:45:32";="800000044";CDRP002;1;2023.7;X800000044;05SEP23;17:44:11
"mco";"dgf";"2023";"7";"2023/09/05 17:45:32";="800000044";HFFC001;1;2023.7;X800000044;05SEP23;17:44:11
"mco";"dgf";"2023";"7";"2023/09/05 17:45:32";="800000044";GLLD008;1;2023.7;X800000044;05SEP23;17:44:11
"mco";"dgf";"2023";"7";"2023/09/05 17:45:32";="800000044";GLLD002;1;2023.7;X800000044;05SEP23;17:44:11
"mco";"dgf";"2023";"7";"2023/09/05 17:45:32";="800000044";QZRP003;1;2023.7;X800000044;05SEP23;17:44:11
"mco";"dgf";"2023";"7";"2023/09/05 17:45:32";="800000044";GELE308;1;2023.7;X800000044;05SEP23;17:44:11
"mco";"dgf";"2023";"7";"2023/09/05 17:45:32";="800000044";JJFA007;1;2023.7;X800000044;05SEP23;17:44:11
"mco";"dgf";"2023";"7";"2023/09/05 17:45:32";="800000044";HSLD002;1;2023.7;X800000044;05SEP23;17:44:11
"mco";"dgf";"2023";"7";"2023/09/07 20:01:34";="590781902";JMCA002;2;2023.7;X590781902;07SEP23;20:00:41
"mco";"dgf";"2023";"7";"2023/09/07 20:01:34";="590781902";GLLD019;2;2023.7;X590781902;07SEP23;20:00:41
"mco";"dgf";"2023";"7";"2023/09/07 20:01:34";="590781902";GLLD003;2;2023.7;X590781902;07SEP23;20:00:41
"mco";"dgf";"2023";"7";"2023/09/07 20:01:34";="590781902";JQGD012;2;2023.7;X590781902;07SEP23;20:00:41
"mco";"dgf";"2023";"7";"2023/09/07 20:01:34";="590781902";JQGD010;1;2023.7;X590781902;07SEP23;20:00:41
"mco";"dgf";"2023";"7";"2023/09/07 20:01:34";="590781902";AFLB010;1;2023.7;X590781902;07SEP23;20:00:41
"mco";"dgf";"2023";"7";"2023/09/07 20:01:34";="590781902";GEJD001;1;2023.7;X590781902;07SEP23;20:00:41
"mco";"dgf";"2023";"7";"2023/09/07 20:01:34";="590781902";GLLD018;1;2023.7;X590781902;07SEP23;20:00:41
"mco";"dgf";"2023";"7";"2023/09/07 20:01:34";="590781902";NBEP002;1;2023.7;X590781902;07SEP23;20:00:41
